lemma,is_domain_academic
abandon,False
abandoned,False
abandonment,False
abbreviate,False
abbreviated,False
abbreviation,False
aberrant,True
aberration,True
aberrational,True
ability,True
able,True
ably,False
abort,True
aborted,False
abortion,True
abortive,False
above,False
abridge,True
abridged,False
abridgement,True
absence,False
absent,True
absentee,False
absenteeism,True
absently,False
absolute,True
absolutely,False
absolutism,False
absolutist,True
abstract,True
abstracted,False
abstractedly,True
abstraction,True
abstractly,False
abstractness,True
abundance,True
abundant,True
abundantly,False
academia,False
academic,True
academically,True
academician,False
academy,True
accelerate,True
accelerated,False
accelerating,False
acceleration,False
accelerator,True
accentuate,True
accentuated,True
accentuation,False
accept,True
acceptability,True
acceptable,False
acceptably,False
acceptance,False
accepted,False
acceptor,True
access,True
accessibility,False
accessible,False
accord,True
accordance,False
accordingly,False
account,True
accounting,True
accrual,False
accrue,False
accrued,False
accumulate,True
accumulated,False
accumulating,False
accumulation,False
accumulative,True
accumulator,True
accuracy,False
accurate,False
accurately,False
achievable,False
achieve,True
achieved,False
achievement,True
achiever,True
acknowledge,True
acknowledged,False
acknowledgement,True
acknowledgment,False
acquiesce,True
acquiescence,False
acquiescent,True
acquire,True
acquired,False
acquirer,True
acquisition,False
acquisitive,False
acquisitiveness,False
act,True
acting,False
action,False
actionable,True
activate,True
activated,True
activating,True
activation,True
activator,True
active,True
actively,False
activism,False
activist,False
activity,False
actor,False
actress,False
actual,True
actuality,False
actualization,True
actualize,True
actualized,True
actually,False
adapt,True
adaptability,True
adaptable,False
adaptation,False
adapted,True
adapter,True
adaption,True
adaptive,False
adaptor,True
add,True
added,False
adding,True
addition,False
additional,False
additionally,True
additive,True
address,True
addressed,False
addressee,True
adequacy,True
adequate,False
adequately,False
adhere,True
adherence,True
adherent,False
adjacent,False
adjudicate,True
adjudication,True
adjudicator,True
adjust,True
adjustable,True
adjusted,True
adjuster,True
adjusting,True
adjustment,False
administrate,True
administration,False
administrative,False
administratively,False
administrator,True
admit,True
admittance,False
admitted,False
admittedly,False
admitting,False
admixture,False
adopt,True
adopted,False
adopter,False
adopting,False
adoption,False
adoptive,True
adult,False
adulthood,False
advance,False
advanced,False
advancement,False
advancing,False
advantage,True
advantaged,True
advantageous,False
advantageously,False
advent,False
adverse,True
adversely,False
adversity,False
advisability,False
advisable,False
advise,True
advisedly,True
adviser,False
advisor,False
advisory,True
advocacy,False
advocate,False
aegis,False
affect,True
affected,True
affecting,False
affiliate,True
affiliated,False
affiliation,False
affinity,False
affirm,True
affirmation,True
affirmative,True
affirmatively,False
affirming,True
affluence,False
afore,True
aforementioned,False
africa,True
african,True
age,True
aged,False
ageing,True
ageism,True
ageless,True
agglomerate,False
agglomeration,False
aggrandize,True
aggrandizement,False
aggregate,False
aggregated,False
aggregation,False
aggression,False
aggressor,False
aging,False
agricultural,False
agriculturalist,True
agriculture,True
agriculturist,False
aid,True
aided,True
aim,True
aimless,True
aimlessly,False
aimlessness,True
alien,False
alienate,False
alienated,False
alienating,False
alienation,False
align,True
aligned,True
alignment,False
alleviate,True
alleviation,True
allied,True
allocate,True
allocated,True
allocation,False
allot,True
allotment,True
allotted,False
allow,False
allowable,False
allowance,False
allowed,False
ally,True
alter,True
alterable,True
alteration,False
altered,False
altering,False
alternative,False
alternatively,False
altruistic,True
altruistically,True
am,False
amalgamate,False
amalgamated,False
amalgamation,False
ambiguity,False
ambiguous,True
ambiguously,True
ambitious,True
ambitiously,False
ameliorate,False
ameliorating,False
amelioration,False
amenable,False
amorphous,False
ample,False
amplification,True
amplified,True
amplifier,True
amplify,True
amply,False
analogical,True
analogize,True
analogous,True
analogously,True
analogue,True
analogy,True
analyse,True
analysis,False
analytic,False
analytical,False
analytically,False
analyze,True
analyzed,False
anatomical,False
anatomically,False
anatomist,True
anatomy,True
ancestry,False
ancillary,False
anecdotal,False
anecdote,True
anglo,False
annal,False
annals,False
annotate,True
annotated,True
annotation,True
anomalous,False
anomalously,True
anomaly,True
antagonism,False
antagonist,True
antagonistic,False
antecedent,True
anticipate,True
anticipated,False
anticipation,False
anticipatory,True
antidepressant,True
antipathy,False
antisocial,True
antithesis,True
anxiety,False
apace,False
apathetic,False
apathy,False
apex,False
apolitical,False
apparatus,False
apparent,False
apparently,False
appear,False
appearance,False
append,True
appendage,True
appendix,False
applicability,False
applicable,True
applicant,False
application,False
applied,False
apply,True
appraisal,True
appraise,True
appraised,True
appraiser,True
appraising,True
appreciable,False
appreciably,False
appreciate,True
appreciated,True
appreciating,False
appreciation,False
appreciative,False
appreciatively,True
approach,True
approachable,True
approaching,False
appropriate,True
appropriated,True
appropriately,False
appropriateness,True
appropriation,False
approximate,False
approximately,False
approximation,False
arbitrarily,False
arbitrariness,True
arbitrary,True
arc,True
archaic,False
archetypal,True
archetype,True
archetypical,False
archival,False
archive,True
archived,False
archiving,True
archivist,True
arcing,True
arguable,False
arguably,False
argue,True
argument,False
argumentation,True
argumentative,False
arid,False
aridity,False
arise,False
arrange,True
arranged,False
arrangement,False
arranger,True
array,False
arrayed,False
article,False
articulate,True
articulated,False
articulation,True
articulatory,True
artifact,False
ascend,False
ascendance,False
ascendancy,False
ascendant,False
ascending,False
ascertain,True
ascertainable,True
ascribe,False
ascribed,False
ascription,False
asia,True
asian,False
asiatic,True
aspect,False
aspirant,False
aspirate,True
aspirated,True
aspiration,False
aspire,True
aspiring,False
assembly,False
assert,True
asserted,True
assertion,False
assertive,False
assertively,True
assertiveness,True
assess,True
assessable,True
assessed,False
assessing,True
assessment,True
assessor,False
assiduous,False
assiduously,False
assign,True
assigned,True
assignment,True
assimilate,True
assimilated,True
assimilation,True
assist,True
assistance,False
assistant,False
assisted,False
assisting,True
associate,False
associated,False
association,False
associative,False
assume,False
assumed,False
assumption,False
assyria,True
assyrian,True
asymmetric,False
asymmetrical,False
asymmetrically,False
asymmetry,False
atom,True
atomic,True
atomism,True
atomize,False
atomized,False
atomizer,True
attach,False
attached,False
attachment,False
attain,True
attainable,False
attained,True
attainment,True
attempt,False
attempted,False
attend,True
attendance,True
attendant,False
attended,True
attendee,False
attender,True
attending,True
attenuate,True
attenuated,False
attenuation,True
attest,False
attestation,False
attitude,False
attitudinal,False
attract,True
attracted,False
attracting,False
attraction,False
attractive,False
attractively,False
attractiveness,False
attractor,True
attributable,False
attribute,True
attribution,True
attune,True
attuned,True
augment,True
augmentation,False
augmented,True
auspice,False
authentic,True
authentically,True
authenticate,True
authenticated,False
authentication,True
authenticity,True
author,True
authorial,True
authoritative,False
authoritatively,False
authorship,True
autonomous,False
autonomously,False
autonomy,False
auxiliary,True
avail,True
availability,False
available,False
aver,False
averse,True
aversion,False
aversive,True
avoid,True
avoidable,True
avoidance,True
avoided,False
avow,False
avowed,False
avowedly,False
award,False
awarding,False
axiom,False
axiomatic,False
axis,False
balance,True
balanced,False
balancing,True
ban,False
banned,False
banning,False
barrier,False
base,True
baseless,False
basic,False
basically,False
basics,False
basing,True
basis,False
be,True
being,True
belief,True
benchmark,False
beneficial,False
beneficially,False
benefit,False
benevolence,False
benevolent,False
benevolently,False
beta,False
better,False
betterment,False
biannual,False
bias,True
biased,False
biasing,True
bibliographer,True
bibliographic,False
bibliographical,True
bibliography,True
bidirectional,False
bifurcate,True
bifurcated,True
bifurcation,False
bind,True
binder,False
binding,True
biochemistry,False
biological,False
biologically,False
biomedical,False
bipolar,False
blur,True
blurred,False
blurring,True
blurry,True
bond,True
bonded,False
bonding,False
both,False
bottleneck,False
bound,False
boundary,False
bounded,False
bounding,False
boundless,False
boundlessly,True
bounds,True
bracket,False
bracketed,False
bracketing,False
brainstorm,True
brainstorming,True
breadth,False
bridge,True
bridging,False
brief,True
briefer,True
briefly,False
broad,True
broaden,False
broadened,False
broadening,False
broadly,False
budget,False
budgetary,False
budgeted,False
buffer,True
buffered,True
buffering,False
burdensome,False
bureaucrat,True
bureaucratic,False
bureaucratically,False
bureaucratization,False
bureaucratized,False
businessperson,False
buttress,True
by-product,False
bylaw,False
cadre,False
calculate,True
calculated,False
calculating,False
calculation,False
calculator,False
calculus,False
calibrate,True
calibrated,True
calibration,True
capability,False
capable,False
capably,False
capacity,False
capitalise,True
capitalist,True
capitalistic,False
capitalization,True
capitalize,False
capitalized,False
capitulate,False
capitulation,False
card,False
cardinal,True
catalog,False
catalogue,True
cataloguing,True
catalyse,True
catalyst,False
catalytic,True
catalyze,False
categorization,False
categorize,False
categorized,False
category,False
causal,True
causality,True
causally,False
causation,False
causative,True
cause,True
caveat,False
census,False
center,True
centered,False
centering,True
central,False
centralism,False
centralist,False
centrality,False
centralization,False
centralize,False
centralized,False
centralizing,True
centrally,False
centric,True
centrifugal,False
centrifugation,True
centrifuge,True
centrist,True
century,True
cert,True
certain,True
certainly,False
certainty,False
challenge,True
challenged,True
challenger,True
challenging,True
challengingly,True
change,True
changeable,False
changed,False
changer,False
changing,False
character,True
characteristic,False
characteristically,False
characterization,True
characterize,False
characterless,False
chief,True
chiefly,False
childbearing,False
choose,True
choosing,False
choosy,False
chosen,False
circle,True
circled,True
circling,True
circuit,True
circuitous,True
circuitry,True
circular,False
circularity,True
circumnavigate,False
circumnavigation,True
circumscribe,True
circumscribed,False
circumscription,True
circumvent,True
circumvention,True
citation,False
cite,True
cited,True
citizen,True
citizenry,False
citizenship,True
civilised,True
civilization,False
civilize,True
civilized,False
civilizing,True
claim,True
claimant,True
claimed,False
clarification,False
clarified,True
clarify,True
clarifying,False
clarity,False
class,True
classic,True
classical,True
classically,False
classicism,True
classicist,True
classification,False
classified,True
classify,True
classless,True
classy,False
client,False
climate,True
climatic,True
climatically,False
climatological,True
cluster,True
clustered,False
clustering,False
co-author,True
co-worker,False
coalesce,True
coalescence,False
coalescing,True
code,True
coded,False
coding,True
coerce,True
coerced,True
coercion,False
coercive,False
coexist,True
coexistence,False
coexistent,True
coexisting,True
cogency,False
cogent,False
cogently,False
cognisance,True
cognitive,True
cognitively,False
cognitivist,True
cognizance,False
cognizant,True
cohere,True
coherence,False
coherent,True
coherently,False
cohesion,False
cohesive,True
cohesiveness,True
coincide,True
coincidence,False
coincident,False
coincidental,True
coincidentally,False
collaborate,True
collaborating,False
collaboration,True
collaborationist,True
collaborative,True
collaborator,False
collate,True
collation,True
colleague,False
collect,True
collectable,True
collected,False
collecting,True
collection,False
collective,False
collectively,False
collectivism,True
collectivist,True
collectivity,False
collectivization,True
collector,True
colloquial,True
colloquialism,True
colloquially,False
colonial,True
colonialism,True
colonialist,True
colonist,False
colonization,True
colonize,False
colonized,True
colonizing,True
colony,True
combination,False
combine,True
combined,False
combining,False
commensurate,True
comment,False
commentary,False
commerce,True
commercial,False
commercialism,False
commercialization,False
commercialize,False
commercialized,False
commercially,False
commit,False
commitment,False
committed,False
commodity,False
common,True
commonality,False
commoner,False
commonly,False
commonness,True
commonplace,True
communicate,True
communicating,True
communication,False
communicative,True
communicator,False
comp,True
comparability,False
comparable,False
comparably,False
comparative,False
comparatively,False
compare,False
comparison,False
compartment,True
compartmentalization,False
compartmentalize,False
compartmentalized,False
compatibility,False
compatible,False
compel,False
compelling,False
compellingly,False
compendium,False
compensate,True
compensated,True
compensating,False
compensation,False
compensatory,False
compete,True
competing,False
competition,False
competitive,False
competitively,False
competitiveness,False
competitor,True
compilation,False
compile,True
compiled,False
compiler,True
complement,True
complementarity,True
complementary,False
complete,True
completed,False
completely,False
completeness,False
completion,True
complex,False
complexity,False
compliance,False
complicate,True
complicated,False
complicating,False
complication,True
component,False
compose,True
composed,True
composer,True
composing,True
composite,False
composition,True
compositional,True
compound,True
compounded,False
compounding,True
comprehend,True
comprehension,True
comprehensive,True
comprehensively,False
comprehensiveness,True
comprise,False
compulsion,False
compulsory,False
computationally,True
computer,True
computerization,False
computerize,True
computerized,False
conceal,True
concealed,False
concealing,True
concealment,False
conceivable,False
conceivably,False
conceive,False
conceiving,False
concentrate,True
concentrated,False
concentration,True
concentric,False
concept,True
conception,False
conceptual,False
conceptualization,True
conceptualize,True
conceptualized,True
conceptually,False
concern,True
concerned,False
concerning,False
concerted,False
concise,False
concisely,False
conclude,False
concluding,False
conclusion,False
conclusive,False
conclusively,False
concomitant,False
concomitantly,False
concur,True
concurrence,True
concurrent,False
concurrently,False
concurring,True
condensate,True
condensation,True
condense,True
condensed,True
condenser,True
condensing,True
condition,True
conditional,False
conditionally,False
conditioned,True
conditioner,True
conditioning,True
conducive,False
conduct,True
conductance,False
conducting,True
conduction,True
conductive,True
conductivity,True
conductor,True
conduit,False
confer,True
conference,False
conferencing,True
configuration,False
configure,True
confine,True
confined,False
confinement,False
confining,False
conflict,True
conflicted,True
conflicting,False
conflictual,False
conform,True
conformance,False
conformation,False
conformist,False
conformity,False
confound,True
confounded,False
confounding,True
congruence,False
congruent,False
conjectural,True
conjecture,True
conjunction,False
connect,True
connected,False
connectedness,False
connecting,False
connection,False
connective,True
connectivity,True
connector,True
connexion,False
conquer,False
conquered,False
conquering,False
conqueror,False
conscious,True
consciously,False
consciousness,True
consensual,False
consensus,False
consent,True
consenting,True
consequence,False
consequent,False
consequential,False
consequently,False
conservation,True
conservationist,False
conservator,True
conserve,True
conserved,True
consider,True
considerable,True
considerably,False
consideration,False
considered,False
considering,False
consist,False
consistency,False
consistent,False
consistently,False
consolidate,False
consolidated,False
consolidation,False
consonant,True
consortium,False
conspicuous,False
conspicuously,False
constancy,True
constituency,False
constituent,False
constitute,True
constituted,False
constitutive,True
constrain,True
constrained,False
constraining,False
constraint,False
construct,True
constructed,False
construction,False
constructive,False
constructively,False
constructivist,True
constructor,False
construe,True
consult,True
consultancy,True
consultant,True
consultation,True
consultative,False
consulting,True
consumable,False
consume,True
consumed,False
consumer,False
consumerism,True
consuming,False
consumption,False
contact,False
contain,False
contained,False
container,False
containing,False
containment,False
contaminate,True
contaminated,True
contaminating,False
contamination,True
contemporaneous,True
contemporaneously,False
contend,False
contender,False
contending,False
content,True
contention,False
contest,True
contestable,True
contestant,True
contested,False
contesting,False
context,True
contextual,True
contextualized,False
contextually,False
contiguous,False
contingency,False
contingent,False
continual,False
continually,False
continuance,False
continuation,False
continue,False
continued,False
continuing,False
continuity,False
continuous,False
continuously,False
continuum,False
contour,True
contoured,True
contradict,False
contradiction,False
contradictory,False
contradistinction,False
contrarily,True
contrariness,True
contrary,True
contrast,True
contrasted,False
contrasting,False
contrastive,True
contribute,True
contributing,False
contribution,False
contributor,False
contributory,True
control,True
controllable,False
controlled,True
controller,True
controlling,False
controvert,True
convention,True
conventional,False
conventionalism,True
conventionality,True
conventionally,False
converge,False
convergence,False
convergent,False
converging,False
conversant,False
conversation,True
conversational,True
conversationalist,False
conversationally,True
converse,False
conversely,False
conversion,False
convert,True
converted,False
converter,True
convertibility,True
convertible,True
convey,True
conveyance,False
conveyer,False
conveyor,True
cooperate,True
cooperating,True
cooperation,False
cooperative,True
cooperatively,True
coordinate,True
coordinated,False
coordinating,False
coordination,False
coordinator,True
copied,True
copier,True
copy,True
copying,False
copyist,True
core,True
corollary,False
correct,True
corrected,False
correcting,True
correction,False
correctional,True
corrective,False
correctly,False
correctness,False
correspond,False
correspondence,False
corresponding,False
correspondingly,False
corroborate,True
corroborating,False
corroboration,False
corroborative,True
corrode,True
corroded,False
corrosion,True
corrosive,False
corrupt,True
corrupted,False
corruptible,True
corrupting,False
corruption,True
corruptly,True
cortex,False
cost-effective,False
counteract,False
counterbalance,True
counterbalanced,True
counterbalancing,False
counterfactual,False
counterpart,False
counterproductive,False
countrywide,False
couple,True
coupled,True
coupling,True
create,True
created,True
creation,False
creative,True
creatively,False
creativity,True
creator,False
credence,False
credibility,False
credible,False
credibly,False
criminal,True
criminality,False
criminally,True
critic,True
critical,False
critically,False
critique,False
cross-cultural,True
crucial,False
crucially,False
crystal,True
crystallization,False
crystallize,False
crystallized,True
cue,True
cueing,True
culminate,False
culmination,False
culpability,False
culpable,False
cultivate,True
cultivated,False
cultivation,False
cultivator,True
cultural,False
culturally,True
culture,True
cultured,False
cumulative,False
cumulatively,False
curable,True
curative,True
cure,True
cured,False
current,False
currently,False
cursorily,False
cursory,False
curtail,False
curtailed,False
curtailment,False
custom,False
customarily,False
customary,False
customise,False
customize,False
customized,False
cycle,True
cyclic,True
cyclical,False
cycling,True
cyclist,True
daily,True
darwinian,False
data,False
database,False
datum,False
day,True
day-to-day,False
daylight,True
dearth,False
debatable,False
debate,False
debating,False
debilitate,True
debilitated,False
debilitating,False
debilitation,True
debilitative,True
decay,True
decayed,False
decaying,False
decentralization,False
decentralize,False
decentralized,False
decision,False
decision-making,False
decisive,True
decisively,False
decisiveness,False
declarative,False
decline,False
declining,False
decode,True
decoded,True
decoder,True
decoding,True
deconstruct,True
deconstructed,True
deconstruction,True
deconstructionism,True
deconstructive,True
decrease,True
decreased,True
decreasing,False
deduce,False
deem,False
deep,True
deepen,False
deepened,True
deepening,True
deepest,True
deeply,False
default,True
defaulted,True
defaulter,True
defence,True
defense,False
defensible,False
defensive,False
defensively,False
deficiency,True
deficient,False
definable,False
define,True
defined,False
defining,False
definite,False
definitely,False
definition,False
definitional,True
definitive,False
definitively,False
degradation,False
degrade,False
degraded,False
degrading,False
degree,False
delete,True
deleted,True
deleterious,False
deletion,False
delimit,True
delimitation,True
delimited,False
delineate,False
delineated,False
delineation,False
demand,False
demanding,False
demarcate,False
demarcation,False
demo,False
demographer,False
demographic,False
demographically,False
demographics,True
demography,True
demonstrable,False
demonstrably,False
demonstrate,True
demonstrated,True
demonstration,False
demonstrative,True
demonstratively,True
demonstrator,False
demoralise,True
demoralization,False
demoralize,True
demoralized,True
demoralizing,False
denigrate,False
denigration,False
denotation,True
denote,True
depend,True
dependability,True
dependable,False
dependably,False
dependant,True
dependence,False
dependency,False
dependent,False
depending,False
deplete,False
depleted,False
depletion,False
depredation,False
depress,True
depressant,True
depressed,False
depressing,False
depressingly,False
depression,False
depressive,True
deprivation,False
deprive,False
deprived,False
depth,False
derivation,False
derivative,False
derive,False
derived,False
descend,False
descendant,False
descending,False
describe,True
described,False
describer,True
description,True
descriptive,True
design,False
designate,False
designated,False
designation,False
designed,False
designer,False
designing,False
desirability,True
desirable,False
desire,True
desired,False
desiring,True
desirous,False
destabilization,False
destabilize,True
destabilized,True
destabilizing,True
destruct,True
destruction,True
destructive,False
destructively,False
destructiveness,True
detail,True
detailed,False
detailing,True
detect,True
detectable,False
detected,True
detecting,False
detection,False
detective,True
detector,True
deteriorate,False
deteriorated,False
deteriorating,False
deterioration,False
determinable,False
determinant,False
determination,False
determinative,True
determine,True
determined,False
determinedly,True
determining,False
determinism,True
determinist,False
deterministic,False
detract,False
detractor,False
detriment,False
detrimental,False
devaluation,True
devalue,True
devalued,False
devaluing,True
develop,True
developed,False
developer,False
developing,True
development,False
developmental,True
developmentally,True
deviance,False
deviancy,True
deviant,True
deviate,True
deviated,True
deviation,True
device,False
devise,False
diagram,True
diagrammatic,True
dialog,True
dialogic,True
dialogue,True
diametrically,False
dichotomy,False
dictate,True
dictated,True
dictation,True
dictator,True
dictatorial,False
dictatorship,True
dictum,False
differ,False
difference,False
differential,True
differentially,True
differentiate,True
differentiated,True
differentiating,False
differentiation,False
differing,False
difficult,False
difficulty,False
diffuse,True
diffused,False
diffuser,True
diffusion,False
dilemma,False
dimension,True
dimensional,False
diminish,False
diminished,False
diminishing,False
diminution,False
direct,False
directed,True
directing,False
direction,True
directional,False
directive,False
directly,False
directness,True
director,False
directorate,False
directorial,True
directorship,False
directory,False
disadvantage,True
disadvantaged,True
disadvantageous,False
disagree,False
disagreeable,False
disagreeably,False
disagreement,False
disallow,False
disassociate,False
disbelief,False
disc,True
discern,True
discernable,False
discernible,True
discernibly,True
discerning,True
discernment,True
disciplinarian,False
disciplinary,False
discipline,False
disciplined,False
disciplining,False
disclaim,False
disclaimer,False
discontinuance,False
discontinuation,True
discontinue,True
discontinued,False
discontinuity,False
discontinuous,False
discord,False
discordant,False
discover,True
discovered,False
discoverer,True
discovery,False
discredit,True
discreditable,True
discredited,False
discrediting,True
discreet,True
discreetly,False
discrete,False
discretely,False
discretion,True
discretionary,True
discriminate,True
discriminating,False
discrimination,False
discriminatory,True
discuss,True
discussed,True
discussion,False
disenchant,False
disenchanted,False
disenchantment,False
disengage,True
disengaged,True
disengagement,False
disentangle,False
disequilibrium,False
disfavor,False
disfavored,True
disfavour,True
disharmony,False
disillusion,True
disillusioned,False
disillusionment,False
disincentive,False
disinclination,False
disinclined,False
disintegrate,False
disintegrated,False
disintegrating,False
disintegration,False
disinterest,False
disinterested,True
disinterestedly,True
disinterestedness,True
disk,True
diskette,False
dislocate,True
dislocated,True
dislocation,False
dismantle,True
dismantled,False
dismantlement,True
dismantling,False
disparate,False
disparity,False
dispensable,False
dispensary,True
dispensation,False
dispense,True
dispenser,False
dispensing,True
dispersal,True
disperse,True
dispersed,False
dispersion,False
displace,True
displaced,False
displacement,True
display,False
displayed,False
disposable,True
disposal,False
dispose,True
disposed,False
disposition,False
dispositive,True
disproportion,True
disproportionate,False
disproportionately,False
disregard,False
disrupt,True
disrupted,False
disruption,False
disruptive,True
dissatisfaction,False
dissatisfied,False
dissatisfy,False
disseminate,True
disseminated,True
dissemination,False
dissimilar,False
dissimilarity,False
dissociate,True
dissociated,True
dissociation,False
dissolution,False
distinct,True
distinction,False
distinctive,False
distinctively,False
distinctiveness,False
distinctly,False
distinctness,True
distinguish,False
distinguishable,False
distinguished,False
distinguishing,False
distort,False
distorted,False
distorting,False
distortion,False
distribute,True
distributed,False
distributing,True
distribution,False
distributional,False
distributive,False
distributor,True
disturb,False
disturbance,False
disturbed,False
disturbing,False
disturbingly,False
diverge,False
divergence,False
divergent,False
diverging,False
diverse,True
diversely,True
diversification,False
diversified,True
diversify,True
diversity,False
divination,True
divine,True
divinely,True
divining,True
divisible,False
document,False
documentation,False
documented,False
domain,False
domestic,True
domestically,True
domesticate,False
domesticated,False
domestication,False
domesticity,True
dominance,False
dominant,False
dominate,False
dominated,False
dominating,False
domination,False
dominican,True
dominion,False
double,True
doubled,True
doubling,False
doubly,True
doubt,True
doubter,True
doubtful,False
doubtfully,True
doubting,True
doubtless,False
dovetail,True
draft,True
drafted,False
drafting,False
drawback,False
dual,True
dualism,True
dualist,True
dualistic,True
duality,False
due,True
dues,False
duly,False
duplicate,True
duplicated,True
duplication,False
dynamic,True
dynamical,True
dynamically,False
dynamics,False
dynamism,False
ecological,True
ecologically,False
economic,False
economical,False
economically,False
economics,False
economist,False
economize,False
economy,True
edit,True
edited,False
editing,False
editor,False
editorial,False
editorialist,True
editorialize,True
editorship,False
educate,True
educated,False
educating,True
education,True
educational,True
educationally,True
educationist,True
educative,True
educator,True
effect,False
effective,True
effectively,False
effectiveness,True
efficiency,False
efficient,False
efficiently,False
efflorescence,False
egalitarian,True
egalitarianism,False
egocentric,True
egocentricity,True
eightfold,True
elaborate,True
elaborated,True
elaborately,True
elaboration,False
elapse,False
elapsed,False
elective,True
electronic,True
electronically,False
electronics,True
element,False
elicit,True
elicitation,True
eliminate,True
eliminated,False
elimination,False
eliminator,True
elucidate,False
elucidation,False
emanate,True
emanation,True
emancipate,False
emancipated,False
emancipation,False
emancipatory,False
embed,False
embedded,False
embedding,False
embodiment,True
embody,True
emerge,False
emergence,False
emergent,False
emerging,False
eminent,False
eminently,False
emotion,True
emotional,False
emotionally,False
emotive,False
empathetic,False
empathize,False
empathy,False
emphasis,False
emphasize,False
empirical,True
empirically,True
employ,True
employable,True
employed,False
employee,False
employer,False
employment,False
empower,True
empowered,True
empowering,False
empowerment,False
emulate,True
emulation,True
emulator,True
enable,True
enabler,True
enabling,False
encapsulate,True
encapsulated,True
encapsulation,False
encircle,False
encircled,True
encirclement,True
encircling,False
encode,True
encoded,False
encoder,True
encoding,True
encompass,False
encounter,False
encourage,True
encouragement,True
encouraging,False
encouragingly,False
encroach,False
encroaching,False
encroachment,False
endeavor,True
endeavour,True
endemic,False
endogenous,False
endow,True
endowed,True
endowment,False
endurable,True
endurance,True
endure,True
enduring,False
energetic,False
energetically,False
energetics,True
energize,False
energized,True
energizer,True
energizing,True
energy,True
enforce,True
enforceability,True
enforceable,True
enforced,False
enforcement,True
enforcer,True
engage,True
engaged,False
engagement,True
engaging,False
engagingly,False
engender,False
enhance,True
enhanced,False
enhancement,False
enhancer,True
enhancing,True
enjoy,True
enjoyable,False
enjoyment,True
enlarge,True
enlarged,True
enlargement,False
enlarger,True
enlarging,True
enlighten,False
enlightened,False
enlightening,False
enlightenment,False
enmesh,False
enmeshed,True
enmeshment,True
ennoble,True
ennobling,True
enquire,False
enquiry,False
enrich,True
enriched,True
enriching,False
enrichment,True
ensue,False
ensuing,False
ensure,False
entail,True
entailment,True
entangle,False
entangled,False
entanglement,False
enterprise,False
entity,False
entrench,True
entrenched,False
entrenchment,True
entry,False
enumerate,True
enumeration,False
enumerator,True
environment,True
environmental,False
environmentalism,False
environmentalist,True
environmentally,True
envisage,False
envision,False
envisioned,False
episode,False
episodic,False
episodically,False
episteme,True
epistemic,True
epistemically,True
epistemological,False
epistemologist,True
epistemology,True
epoch,False
epochal,False
equal,True
equality,False
equalization,False
equalize,False
equalizer,False
equalizing,False
equally,False
equate,False
equation,False
equilibrium,False
equitable,True
equitably,False
equity,True
equivalence,False
equivalent,False
equivalently,False
equivocal,False
eradicate,False
eradication,False
erode,True
eroded,True
eroding,False
erosion,True
erosional,True
erosive,False
erroneous,False
erroneously,False
error,False
erupt,True
erupting,True
eruption,False
eruptive,False
eschew,False
esoteric,False
espousal,True
espouse,True
essential,True
essentialist,False
essentiality,True
essentialized,True
essentially,False
establish,True
established,False
establishing,True
establishment,False
estimate,False
estimated,False
estimation,False
estimator,False
etc,True
etcetera,True
ethic,False
ethical,False
ethically,False
ethics,False
ethnic,True
ethnical,True
ethnically,False
ethnicity,False
ethnicization,True
ethos,False
europe,True
european,True
evaluate,True
evaluating,False
evaluation,True
evaluative,True
evaluator,True
evenly,False
evenness,False
eventual,False
eventuality,False
eventually,False
every,True
everybody,True
everyday,False
everydayness,True
everyone,False
everything,False
everywhere,False
evidence,True
evident,False
evidential,True
evidently,False
evolution,True
evolutionarily,True
evolutionary,True
evolutionism,True
evolutionist,False
evolve,False
evolved,False
evolving,False
exacerbate,True
exacerbation,True
examination,True
examine,True
examined,True
examinee,True
examiner,True
example,False
exceed,False
exceedingly,False
exception,True
exceptional,True
exceptionality,True
exceptionally,False
excess,True
excessive,False
excessively,False
exchange,True
exchangeable,False
exchanged,False
exchanger,True
exclude,False
excluded,False
excluding,False
exclusion,False
exclusionary,False
exclusive,False
exclusively,False
exclusiveness,False
exclusivity,False
exemplification,True
exemplify,True
exert,True
exertion,True
exhaust,True
exhausted,False
exhaustible,True
exhausting,False
exhaustion,False
exhaustive,False
exhaustively,False
exhibit,True
exhibited,True
exhibiting,True
exhibition,True
exhibitionism,True
exhibitionist,True
exhibitor,True
exigence,True
exigency,True
exigent,False
exist,False
existence,False
existent,False
existing,False
expand,True
expandable,True
expanded,False
expanding,False
expansion,True
expansionary,False
expansionism,True
expansionist,True
expect,True
expectancy,False
expectant,False
expectantly,False
expectation,True
expected,False
expectedly,True
expedience,False
expediency,False
expedient,True
expediently,True
expend,True
expendable,False
expended,True
expenditure,False
expensive,False
expensively,False
experience,True
experienced,False
experiential,True
experiment,True
experimental,False
experimentalism,True
experimentalist,True
experimentally,True
experimentation,False
experimenter,False
expert,False
expertise,False
expertly,False
explain,True
explained,True
explainer,True
explaining,False
explanation,False
explanatory,False
explicable,False
explicate,True
explication,True
explicit,True
explicitly,False
explicitness,True
exploit,True
exploitable,False
exploitation,False
exploitative,False
exploited,False
exploiter,False
exploration,False
exploratory,True
explore,True
explorer,True
exponential,False
exponentially,False
export,True
exported,True
exporter,True
exporting,True
expound,False
express,True
expressed,False
expression,False
expressionless,True
expressionlessly,False
expressive,True
expressively,True
expressiveness,True
expressly,True
expropriate,True
expropriated,True
expropriation,True
expulsion,False
extant,False
extend,True
extendable,True
extended,False
extender,True
extension,False
extensive,True
extensively,False
extensiveness,True
extent,False
external,True
externality,True
externalization,False
externalize,True
externalized,False
externalizing,True
externally,False
extirpate,False
extirpation,False
extract,True
extracted,False
extraction,False
extractive,False
extractor,True
extraneous,False
extrapolate,False
extrapolation,False
fabricate,True
fabricated,False
fabrication,True
face,True
face-to-face,False
faced,True
faceless,True
facet,False
faceted,False
facilitate,True
facilitated,False
facilitating,False
facilitation,True
facilitative,True
facilitator,True
facility,False
facing,False
factor,True
factoring,True
factual,False
factually,False
fade,False
faded,False
fading,False
failure,False
fallacious,False
fallacy,False
false,True
falsehood,True
falsely,False
falseness,True
falsifiable,False
falsification,False
falsified,True
falsify,False
falsity,False
familial,False
familiar,True
familiarity,False
familiarization,False
familiarize,False
familiarly,True
family,True
farm,True
farmed,True
farmer,False
farming,True
favor,True
favorable,False
favorably,False
favored,False
favoring,False
favour,True
favourable,True
favourably,True
favoured,False
feasibility,False
feasible,True
feature,True
featured,False
featureless,True
female,True
femaleness,True
ferment,True
fermentation,True
fermented,True
fermenting,True
fertile,True
fertility,False
fertilization,True
fertilize,True
fertilized,True
fertilizer,True
fertilizing,True
feudal,False
feudalism,False
fig,True
figural,True
figuration,True
figure,True
figuring,False
find,True
finder,True
finding,False
finite,False
first,True
firstly,False
fivefold,False
fix,True
fixable,False
fixed,False
fixedly,True
fixer,False
fixing,True
fixity,True
flexibility,False
flexible,True
flexibly,True
flourish,False
flourishing,False
flow,False
flowing,False
fluctuate,True
fluctuating,False
fluctuation,True
fluid,True
fluidity,True
focal,False
focus,True
focused,False
focusing,True
focussed,True
fold,True
folded,False
folding,False
follow,True
follow-up,True
follower,False
following,False
footnote,False
fore,False
forebear,False
forego,False
foregoing,False
foregone,False
foreground,True
foregrounded,True
foregrounding,True
foremost,False
foresee,True
foreseeable,True
forge,True
forged,False
forger,True
forgery,False
forging,False
forgo,False
form,True
formal,True
formalism,True
formalist,True
formalistic,True
formality,False
formalization,False
formalize,False
formalized,False
formally,False
format,True
formation,False
formatting,True
formed,False
former,False
formerly,False
forming,False
formless,True
formlessness,True
formula,True
formulaic,True
formulate,False
formulated,True
formulation,False
fortuitous,False
fortuitously,False
forum,False
foster,False
fostering,False
found,False
founder,False
founding,False
fourfold,False
fraction,True
fractional,True
fractionally,False
fracture,True
fractured,False
fracturing,False
fragment,True
fragmentary,True
fragmentation,False
fragmented,False
frame,True
framed,True
framer,True
framework,False
framing,True
frequency,True
frequent,False
frequently,False
friction,True
frictional,True
frontier,False
fruitful,True
fruitfully,True
fruitfulness,True
fulfil,False
fulfill,True
fulfilled,False
fulfilling,False
fulfillment,True
fulfilment,True
full-time,True
function,True
functional,False
functionalism,True
functionalist,False
functionality,True
functionally,False
functionary,False
functioning,True
fund,True
fundamental,True
fundamentalism,False
fundamentalist,True
fundamentally,False
funded,False
funder,False
funding,False
further,True
furtherance,True
furthermore,False
fuse,True
fused,True
fusing,False
fusion,False
future,True
futurism,True
futurist,True
futuristic,False
gain,True
gainer,True
gainful,False
gainfully,False
gaining,False
general,True
generalised,True
generalist,True
generality,False
generalization,True
generalize,True
generalized,False
generalizing,True
generally,False
generate,True
generated,False
generating,False
generative,True
generator,False
generic,False
generically,True
genre,True
geographer,True
geographic,False
geographical,True
geographically,False
geography,True
geometric,False
geometrical,True
geometrically,False
geometry,True
german,True
germane,False
germanic,True
germany,True
give,True
given,False
giver,False
giving,True
global,False
globalism,False
globalization,False
globalize,False
globalized,False
globalizing,False
globally,False
goal,False
govern,True
governance,False
governing,False
government,False
governmental,False
governor,False
governorship,True
gradation,False
gradual,False
gradualism,False
gradually,False
grant,True
granting,False
grantor,True
graph,True
graphic,True
graphical,True
graphically,False
graphing,True
grass-roots,False
gratification,False
gratified,False
gratify,False
gratifying,False
gratifyingly,False
great,False
greatest,False
greatly,False
greatness,False
grecian,False
greece,False
greek,False
ground,True
grounded,True
grounding,False
groundless,False
group,True
grouped,True
grouping,True
grow,True
grower,True
growing,False
grown,False
growth,False
guidance,True
guide,True
guided,True
guideline,False
guidepost,False
guider,True
guiding,False
guise,False
habitual,False
habitually,False
habituate,True
habituated,True
habituation,True
hamper,True
hampered,False
handbook,False
harm,True
harmful,False
harmfulness,True
harmless,False
harmlessly,False
harmonious,False
harmoniously,False
harmonise,True
harmonization,True
harmonize,False
harmonized,True
harmony,True
harness,False
harnessing,False
harvest,True
harvested,True
harvester,False
harvesting,False
hedonism,False
hedonist,False
hedonistic,False
heighten,True
heightened,False
heightening,True
hellenic,False
hellenistic,False
help,True
helped,False
helper,False
helpful,False
helpfully,True
helpfulness,True
helping,False
helpless,False
helplessly,False
helplessness,False
hemisphere,True
hemispheric,True
hemispherical,True
hence,False
henceforth,False
hereafter,False
hereditary,False
heredity,False
herein,False
heretofore,False
heritage,False
heterogeneity,False
heterogeneous,False
heterogenous,False
heuristic,False
heuristically,False
hierarchic,False
hierarchical,False
hierarchically,False
hierarchy,False
high,False
high-level,False
high-quality,False
high-tech,False
highlight,True
highlighted,False
highlighter,True
highlighting,True
highly,False
hinder,True
hindered,True
hindrance,False
historian,True
historic,False
historical,False
historically,False
historicism,True
historicity,True
history,True
hitherto,False
holism,False
holistic,True
holistically,True
homepage,False
homogeneity,False
homogeneous,True
homogeneously,True
homogenize,False
homogenized,False
homogenizing,False
homogenous,False
hope,True
hopeful,False
hopefully,False
hopefulness,True
hopeless,False
hopelessly,False
hopelessness,False
horizontal,True
horizontally,False
hospitable,True
hospitably,True
hostile,True
hostility,False
household,False
however,False
human,True
humanism,True
humanist,True
humanistic,False
humanity,True
humanly,True
humanness,False
hundredfold,False
husbandry,False
hybrid,True
hybridization,True
hybridize,True
hybridized,True
hyperinflation,True
hypothesis,True
hypothesize,False
hypothesized,True
hypothetical,True
hypothetically,False
ideal,True
idealism,False
idealist,True
idealization,True
idealize,True
idealized,True
ideally,False
identical,False
identically,False
identifiable,False
identification,False
identified,True
identifier,False
identify,True
identifying,False
identity,False
ideological,False
ideologically,False
idiosyncrasy,False
idiosyncratic,True
idiosyncratically,True
ie,False
illegitimacy,True
illegitimate,False
illegitimately,False
illiteracy,False
illiterate,True
illogical,False
illogically,True
illuminate,True
illuminated,True
illuminating,False
illumination,True
illustrate,True
illustrated,True
illustration,False
illustrative,False
illustrator,False
image,True
imaged,False
imagery,False
imaginable,False
imaginary,True
imagination,True
imaginative,True
imaginatively,True
imagine,True
imagined,False
imaging,True
imagining,False
imbalance,False
imbalanced,True
imbue,False
immature,False
immaturity,True
immeasurable,False
immeasurably,False
immemorial,False
immerse,False
immersion,False
immoderate,True
immoderately,True
immovable,False
immutability,True
immutable,True
impact,True
impacted,False
impacting,True
impart,False
impartial,True
impartiality,False
impartially,True
impede,False
impediment,False
impel,True
impelled,False
impeller,True
imperative,False
imperfect,True
imperfection,False
imperfectly,False
impermanence,True
impermeability,True
impermeable,False
impersonal,True
impersonality,True
impersonally,False
impetus,False
impinge,True
impingement,True
implausibility,True
implausible,False
implausibly,False
implement,True
implementation,False
implemented,False
implicate,True
implicated,True
implication,False
implicit,False
implicitly,False
implied,True
imply,True
import,True
importance,False
important,False
importantly,False
importation,False
imported,False
importer,False
importing,True
impose,True
imposed,False
imposing,False
imposition,False
impractical,False
impracticality,False
imprecise,False
imprecision,True
imprimatur,False
improbability,False
improbable,False
improbably,False
improve,False
improved,False
improvement,False
improving,False
impure,False
impurity,False
imputation,False
impute,False
imputed,False
in,True
in-depth,False
inability,False
inaccessibility,True
inaccessible,False
inaccuracy,False
inaccurate,False
inaccurately,False
inaction,False
inactivation,True
inactive,False
inactivity,True
inadequacy,False
inadequate,False
inadequately,False
inadvertence,True
inadvertent,True
inadvertently,False
inadvisable,False
inalienable,False
inapplicable,True
inappropriate,True
inappropriately,False
inappropriateness,False
inauthentic,False
inborn,False
incapable,False
incapacity,False
incentive,False
inception,False
inchoate,False
incidental,True
incidentally,False
incidentals,True
incipient,False
inclination,False
incline,True
inclined,False
include,False
included,False
including,False
inclusion,False
inclusive,True
incoherence,False
incoherent,False
incoherently,True
incommensurate,True
incomparable,False
incomparably,False
incompatibility,False
incompatible,False
incomplete,False
incompletely,False
incompleteness,True
incomprehension,True
inconceivable,False
inconceivably,False
inconclusive,False
inconclusively,False
inconsequential,False
inconsiderable,True
inconsistency,False
inconsistent,False
inconspicuous,False
inconspicuously,False
inconstancy,True
incontestable,False
incontrovertible,False
incontrovertibly,False
incorporate,False
incorporated,False
incorporation,False
incorrect,False
incorrectly,False
incorruptible,False
increase,False
increased,False
increasing,False
increasingly,False
increment,True
incremental,False
incrementalism,True
incrementally,False
inculcate,False
inculcation,False
incur,False
incurable,False
incurably,True
indecisive,True
indecisively,True
indecisiveness,False
indeed,False
indefensible,False
indefinable,True
indefinite,False
indefinitely,False
independence,False
independent,False
independently,False
indescribable,True
indescribably,False
indestructible,False
indeterminacy,True
index,True
indexation,True
indexed,False
indexer,True
indexical,True
indexing,False
indicate,False
indicated,False
indication,False
indicative,False
indicator,False
indirect,True
indirection,True
indirectly,False
indiscernible,True
indiscipline,False
indiscreet,False
indiscreetly,True
indiscretion,False
indiscriminate,False
indiscriminately,False
indispensable,False
indisposed,False
indistinct,False
indistinctly,True
indistinguishable,False
individual,True
individualism,False
individualist,True
individualistic,False
individuality,True
individualize,True
individualized,True
individually,False
indivisible,True
indoctrinate,False
indoctrination,False
indolence,False
indolent,True
induce,False
induced,False
inducement,False
induct,False
induction,False
industrial,False
industrialism,False
industrialist,True
industrialization,False
industrialize,False
industrialized,False
industrializing,True
industrially,False
industry,True
ineffective,False
ineffectively,False
ineffectiveness,False
inefficiency,False
inefficient,False
inefficiently,False
inequality,False
inequitable,False
inequitably,True
inequity,False
inertia,False
inescapable,False
inescapably,False
inevitability,False
inevitable,False
inevitably,False
inexhaustible,False
inexpensive,False
inexpensively,False
inexperience,False
inexperienced,False
inexpert,False
inexplicable,False
inexplicably,False
inexpressible,True
inextricable,False
inextricably,False
infancy,False
infant,False
infeasible,True
infer,True
inference,False
inferential,True
inferior,False
inferiority,False
infertile,False
infertility,True
infinite,False
infinitely,False
inflatable,True
inflate,True
inflated,False
inflating,True
inflation,False
inflationary,False
inflexibility,False
inflexible,False
inflexibly,False
influence,True
influencing,True
influential,False
info,True
inform,True
informal,False
informality,False
informally,False
informant,True
information,False
informational,False
informative,True
informativeness,True
informed,False
informer,True
informing,False
infrastructural,False
infrastructure,False
infrequency,False
infrequent,False
infrequently,False
infuse,True
infusion,True
ingrain,True
ingrained,False
inhabit,False
inhabitable,False
inhabitant,False
inhabited,False
inherent,False
inherently,False
inherit,False
inheritance,False
inherited,False
inheritor,False
inhospitable,False
inhuman,False
inhumanity,True
inimical,False
initial,True
initialization,True
initialize,True
initially,False
initiate,True
initiated,True
initiating,False
initiation,True
initiative,False
initiator,False
injudicious,False
injure,True
injured,True
injurious,False
injury,True
innate,False
innately,False
inner,False
innermost,False
innovate,False
innovation,False
innovative,False
innovatively,False
innovator,False
innumerable,False
inoffensive,False
inopportune,False
input,False
inquire,True
inquirer,True
inquiring,False
inquiry,False
insecure,False
insecurity,False
insensitive,False
insensitivity,False
inseparable,True
inseparably,True
insidious,False
insidiously,False
insight,False
insightful,False
insignificance,False
insignificant,False
insignificantly,False
insist,True
insistence,False
insistent,False
insistently,True
instability,False
instance,False
instant,False
instantaneous,False
instantaneously,False
instantly,False
instigate,True
instigation,True
instigator,False
institute,False
institution,True
institutional,True
institutionalization,False
institutionalize,False
institutionalized,False
institutionally,False
instruct,True
instruction,True
instructional,True
instructionally,True
instructive,False
instructor,True
instrument,True
instrumental,True
instrumentalist,True
instrumentation,False
insubordinate,True
insubordination,False
insubstantial,True
insufficiency,True
insufficient,False
insufficiently,False
insuperable,False
insupportable,False
intangible,False
intangibles,False
integral,True
integrally,False
integrate,True
integrated,False
integrating,False
integration,False
integrative,False
integrator,True
integrity,False
intellect,False
intellectual,True
intellectualize,True
intellectually,True
intend,False
intended,False
intense,False
intensely,False
intensification,False
intensified,False
intensify,False
intensifying,False
intensity,False
intensive,False
intensively,False
intent,True
intention,False
intentional,False
intentionality,True
intentionally,False
intently,False
interact,True
interacting,False
interaction,False
interactional,True
interactionism,True
interactive,False
interactively,False
interchange,True
interchangeability,True
interchangeable,False
interchangeably,False
interconnect,False
interconnected,False
interconnection,False
intercultural,True
interdependence,False
interdependency,False
interdependent,False
interdisciplinary,False
interest,False
interested,False
interesting,False
interestingly,False
interfere,True
interference,False
interfering,True
intergovernmental,True
intergroup,True
interlink,False
interlinked,False
intermediary,False
intermediate,True
intermediation,True
intermingle,False
intermingled,False
intermingling,False
internal,True
internalization,True
internalize,False
internalized,False
internalizing,True
internally,False
international,True
internationalism,True
internationalist,True
internationalization,True
internationalize,True
internationally,False
internecine,False
interpenetration,True
interplay,False
interpolate,True
interpolated,True
interpolation,False
interpret,True
interpretable,True
interpretation,False
interpretative,True
interpreted,False
interpreter,False
interpreting,False
interpretive,False
interracially,True
interrelated,False
interrelation,True
interrelationship,False
interrupt,True
interrupted,True
interruption,False
intersect,False
intersecting,False
intersection,False
intertwine,False
intertwined,True
intervene,True
intervening,False
intervention,True
interventionism,True
interventionist,False
interweave,False
interweaving,False
interwoven,False
intimacy,True
intimate,True
intimately,False
intimation,True
intolerance,False
intolerant,False
intractability,False
intractable,False
intraracial,True
intrigue,False
intriguing,False
intriguingly,False
intrinsic,True
intrinsically,False
intro,True
introduce,True
introduced,True
introduction,False
introductory,True
intrusion,False
intrusive,False
intrusiveness,False
intuitive,False
intuitively,False
invalid,False
invalidate,True
invalidity,False
invaluable,False
invariable,True
invariably,False
invariance,True
invariant,False
invent,True
invented,True
inventing,False
invention,False
inventor,False
inventory,False
inverse,False
inversely,False
invert,True
inverted,False
inverting,True
invidious,True
invidiously,True
invisibility,False
invisible,False
invisibly,False
invocation,True
invoke,True
involve,True
involved,False
involvement,True
invulnerability,False
invulnerable,False
inward,False
inwardly,True
inwardness,True
inwards,False
ironic,True
ironical,True
ironically,False
irony,True
irrational,False
irrationality,False
irrationally,False
irreconcilable,False
irrecoverable,True
irregular,True
irregularity,False
irregularly,False
irrelevance,False
irrelevancy,False
irrelevant,False
irrespective,False
irreversible,False
irreversibly,False
irrigate,False
irrigated,False
irrigation,False
isolate,True
isolated,False
isolating,False
isolation,False
isolationism,True
isolationist,True
italic,True
italicize,True
italicized,True
italics,False
iterate,True
iterated,False
iteration,True
iterative,False
itinerant,False
join,True
joined,False
joining,False
joint,True
jointly,False
journal,False
judge,True
judged,True
judgement,False
judging,True
judgment,False
judgmental,True
judicious,False
judiciously,False
justifiable,False
justifiably,False
justification,False
justified,False
justify,True
justifying,True
justly,True
know,True
knowable,True
knowing,True
knowingly,True
knowledgable,False
knowledge,True
knowledgeable,True
knowledgeably,False
known,False
label,True
labeled,False
labeling,False
labelled,True
labelling,True
labor,True
labored,False
laborer,True
laboring,True
laborious,False
laboriously,False
labour,True
labourer,True
lack,False
lacking,False
lag,True
lagged,True
lagging,True
laid,False
lament,True
lamentable,False
lamentably,False
lamentation,True
lamented,True
land,True
landed,False
landing,True
landless,True
landward,False
language,False
large,True
large-scale,False
largely,False
largish,True
last,True
lastly,False
latency,False
latent,False
laud,True
laudable,False
laudably,True
laudatory,True
lauded,False
lay,True
laying,False
lead,True
leader,False
leaderless,True
leadership,True
leading,False
learn,True
learned,False
learner,True
learning,True
lecture,True
lecturer,False
lectureship,False
lecturing,True
legalistic,False
legislate,True
legislated,False
legislation,True
legislative,True
legislatively,True
legislator,True
legitimacy,True
legitimate,True
legitimately,False
legitimating,False
legitimation,False
legitimise,False
legitimization,False
legitimize,False
legitimized,False
legitimizing,False
leisure,False
leisured,False
leisurely,False
less,True
lessen,False
lessened,False
lessening,True
lesser,False
level,True
leveled,False
leveler,False
leveling,False
levelly,True
liberate,True
liberated,False
liberating,True
liberation,False
liberator,True
likelihood,False
likely,False
likewise,False
limit,False
limitation,False
limited,False
limiting,False
limitless,False
linear,True
linearity,False
linearly,False
link,False
linkage,False
linked,False
linking,False
literacy,True
literate,False
literature,False
livelihood,False
livestock,False
local,True
locale,False
localised,True
localism,False
locality,False
localization,True
localize,True
localized,False
locally,False
locate,True
located,True
locater,True
location,False
locational,True
locator,False
locus,False
logic,True
logical,False
logically,False
logician,True
long-standing,False
long-term,False
low,True
lowly,False
lucid,True
lucidity,True
lucidly,False
m,True
main,False
mainly,False
mainstream,True
mainstreamed,True
mainstreaming,True
maintain,True
maintained,False
maintenance,False
maladaptive,True
male,True
malefactor,False
maleness,True
malign,True
malignancy,True
malignant,True
maligned,False
malleability,False
malleable,False
manage,True
manageable,False
managed,True
management,False
manager,False
managerial,True
managing,False
mandate,True
mandated,True
manifest,False
manifestation,False
manifestly,False
manifold,True
manipulate,False
manipulated,False
manipulation,False
manipulative,False
manipulator,False
manner,True
mannered,True
manual,True
manually,True
manufacturable,True
manufacture,True
manufactured,False
manufacturer,False
manufacturing,False
map,True
mapped,True
mapper,True
mapping,False
margin,True
marginal,False
marginality,True
marginalization,False
marginalize,False
marginalized,False
marginally,False
marital,True
mark,False
marked,False
markedly,False
marker,False
market,True
marketability,False
marketable,False
marketed,True
marketeer,True
marketer,True
marketing,True
marking,False
match,True
matched,True
matching,False
matchless,True
material,True
materialism,True
materialist,True
materialistic,True
materiality,True
materially,False
maternal,True
maternally,True
matrix,False
maturation,False
maturational,True
mature,True
matured,True
maturely,True
maturing,False
maturity,False
max,False
maximal,True
maximally,False
maximization,False
maximize,False
maximum,False
mean,True
meaning,False
meaningful,True
meaningfully,False
meaningfulness,False
meaningless,False
meaninglessness,True
measurable,False
measurably,True
measure,True
measured,False
measurement,False
measuring,False
mechanise,True
mechanism,False
mechanistic,True
mechanization,False
mechanize,False
mechanized,False
mediate,True
mediated,False
mediating,False
mediation,False
mediator,False
member,False
membership,False
mental,False
mentality,False
mentally,False
mention,True
mere,False
merely,False
merge,True
merged,False
merger,True
merging,False
meridian,False
merit,True
mesh,True
meshing,True
mess,True
messiest,True
messily,True
messiness,False
messy,False
metallurgical,False
metallurgist,True
metallurgy,True
meter,True
metered,False
method,True
methodical,False
methodically,False
methodological,False
methodologically,False
methodology,True
metre,True
metric,True
metrical,True
metrically,True
metrics,False
micro,False
microcomputer,False
midday,False
middle-class,False
midpoint,False
midrange,True
midterm,True
midwest,False
midwestern,False
migrate,True
migrating,True
migration,False
migratory,True
militancy,True
militant,True
militantly,False
militarily,True
militarism,False
militarist,True
militaristic,False
military,True
militate,False
mingle,True
mingled,True
mingling,False
minimal,True
minimalism,True
minimalist,True
minimalistic,True
minimally,False
minimization,False
minimize,False
minimized,False
minimum,False
minister,True
ministerial,False
minor,False
minority,False
miscalculate,True
miscalculation,True
miscellaneous,False
misconstrue,False
misconstrued,True
misdirect,False
misdirected,False
misdirection,False
misinform,False
misinformation,True
misinformed,False
misinterpret,False
misinterpretation,False
misjudge,True
mislead,False
misleading,False
misleadingly,False
misled,False
mismanage,False
mismanaged,False
mismanagement,True
mismatch,False
mismatched,False
misnamed,True
misperception,False
misprint,True
misread,False
misreading,True
misrepresent,False
misrepresentation,False
misrule,True
misshapen,False
mistrust,False
mistrustful,False
misunderstand,False
misunderstanding,False
misunderstood,False
misuse,False
misused,False
mitigate,True
mitigating,False
mitigation,True
mix,True
mixed,False
mixer,True
mixing,False
mobilization,True
mobilize,True
mobilized,True
mobilizing,True
mode,True
model,True
modeled,False
modeler,True
modeling,False
modelling,False
modem,False
moderate,True
moderately,False
modern,True
modernism,True
modernist,True
modernity,True
modernization,True
modernize,False
modernized,False
modernizer,True
modernizing,True
modification,False
modified,False
modifier,True
modify,True
modish,True
modulate,True
modulated,True
modulation,True
modulator,True
modus,False
monetarily,False
monetarism,True
monetarist,True
monetary,True
monitor,True
monitored,True
monitoring,False
monogamous,False
monogamy,False
monograph,False
monolith,False
monolithic,False
monopolist,True
monopolistic,False
monopolization,True
monopolize,False
monopolized,True
monopoly,True
moral,True
moralist,True
moralistic,False
morality,False
moralize,True
moralizing,True
morally,True
more,False
moreover,False
mosaic,False
motivate,False
motivated,False
motivating,False
motivation,True
motivational,True
motivator,True
motive,True
motor,False
motoring,False
motorist,False
motorized,False
movable,True
move,True
moveable,False
moved,True
movement,False
mover,False
moving,False
movingly,False
mp,False
multidimensional,False
multidisciplinary,False
multifaceted,False
multifarious,False
multilayered,False
multilingual,False
multimedia,False
multinational,False
multiple,False
multiplication,True
multiplicity,False
multiplier,False
multiply,True
multiplying,True
multitude,True
multitudinous,True
municipal,False
municipality,False
municipally,False
mutability,True
mutable,True
mutual,True
mutuality,True
mutually,False
myriad,False
myth,True
mythic,True
mythical,True
name,True
named,False
nameless,False
namely,False
naming,False
nascent,False
nation,True
nation-state,False
national,True
nationalism,True
nationalist,True
nationalistic,False
nationalization,False
nationalize,False
nationalized,False
nationally,False
nationwide,False
natural,True
naturalism,True
naturalist,False
naturalistic,True
naturalistically,True
naturally,False
naturalness,True
nature,True
navigate,True
navigation,False
navigational,False
navigator,False
nebulous,False
necessarily,False
necessary,True
necessitate,False
necessity,False
need,True
needed,False
needful,True
needless,False
needlessly,False
negate,True
negation,True
negative,False
negatively,False
negativism,False
negativity,False
neglect,False
neglected,False
negligible,False
negligibly,False
negotiate,True
negotiated,True
negotiating,True
negotiation,True
negotiator,True
neoclassical,False
neoclassicism,True
nest,True
nested,False
nesting,True
net,True
netted,True
netter,True
netting,False
network,True
networked,False
networker,True
networking,False
neural,False
neuroscientist,False
neurosis,False
neutral,True
neutrality,False
neutralization,True
neutralize,False
neutralized,True
neutralizing,True
neutrally,False
nevertheless,False
nexus,False
nineteenth-century,True
nomenclature,False
nominal,False
nominally,False
nonconformist,False
nonconformity,True
noncontributory,True
nonetheless,False
nonexistent,False
nongovernmental,False
nonlinear,True
nonprofit,True
nonproliferation,True
nontraditional,True
nonverbal,True
nonviable,True
norm,True
normal,True
normality,False
normalization,True
normalize,False
normalized,False
normally,False
normative,False
normativity,True
normed,True
norming,True
normlessness,True
notable,True
notably,False
note,True
noted,False
noteworthy,False
notice,True
noticeable,False
noticeably,False
noticing,True
notion,False
novel,True
novelist,True
novelistic,True
novelty,False
nullification,True
nullify,False
nullity,True
number,True
numbered,False
numbering,False
numberless,False
numerator,False
numeric,False
numerical,False
numerically,False
numerous,False
obfuscate,True
obfuscation,True
objected,True
objection,False
objectionable,False
objective,True
objectively,False
objectivism,True
objectivity,False
objector,True
obligate,False
obligated,False
obligation,False
obligatory,False
oblige,False
obliged,False
obliging,False
obligingly,False
oblique,True
obliquely,True
obliquity,True
observable,False
observant,True
observation,False
observational,False
observatory,True
observe,True
observed,False
observer,False
obsolescence,True
obsolescent,True
obstacle,False
obtain,False
obtainable,False
obviate,False
occasion,False
occasional,False
occasionally,False
occupation,True
occupational,True
occur,True
occurrence,False
occurring,False
offence,True
offense,False
offensive,True
offensively,False
offensiveness,True
offset,True
offsetting,False
offspring,False
omission,False
on-site,False
ongoing,False
onward,True
onwards,True
op,False
opacity,False
open,True
opened,True
opener,False
opening,True
openly,False
openness,False
operate,True
operating,False
operation,False
operational,False
operationally,True
operative,True
operator,False
opine,False
opportune,True
opportunism,True
opportunist,True
opportunistic,False
opportunistically,False
oppose,True
opposed,True
opposing,False
opposition,False
oppositional,False
oppress,True
oppressed,False
oppression,False
oppressive,False
oppressively,False
oppressiveness,False
oppressor,True
optimal,True
optimally,True
order,True
ordered,False
ordering,False
orderliness,False
orderly,False
ordinator,True
organisational,True
organised,True
organiser,True
organization,False
organizational,True
organizationally,False
organize,True
organized,False
organizer,False
organizing,True
orient,True
oriental,True
orientalism,True
orientalist,True
orientate,False
orientation,True
oriented,True
orienteering,True
orienting,True
origin,False
originate,True
originating,True
originator,False
ostensible,False
ostensibly,False
out,False
outcome,False
outer,False
outgrowth,False
outline,False
outlined,False
outmoded,False
output,True
outreach,False
outset,False
outside,False
outsider,False
outward,False
outwardly,False
outwards,False
outweigh,False
overall,False
overarching,False
overestimate,False
overestimation,False
overlap,False
overlapping,False
override,True
overriding,False
oversimplification,False
oversimplified,False
oversimplify,False
overt,True
overtly,True
overview,False
owned,False
owner,False
ownership,False
palatable,False
paleolithic,False
panacea,False
panoply,False
para,True
paradigm,True
paradigmatic,True
paradox,True
paradoxical,True
paradoxically,True
paragraph,True
parallel,True
parallelism,True
parameter,False
paramount,False
paraphrase,True
paraphrased,False
parenthesis,False
parity,False
parlance,False
parochial,True
parochialism,True
parsimonious,False
parsimony,False
part,True
part-time,True
parted,True
partial,True
partiality,True
partially,False
participate,False
participating,False
participation,False
participative,False
participatory,False
particular,True
particularism,False
particularistic,False
particularity,True
particularize,True
particularized,True
particularly,False
particulars,False
parting,False
partition,True
partitioned,False
partitioning,True
partly,False
passage,False
passive,True
passively,False
passivity,True
patent,True
patentable,False
patented,True
patenting,True
patently,False
paternal,True
paternalism,False
paternalistic,False
paternally,True
pathological,True
pathologically,True
pathway,False
pattern,True
patterned,False
patterning,True
paucity,False
peculiar,False
peculiarity,False
peculiarly,False
penetrate,True
penetrating,False
penetration,False
penetrative,True
per,False
perceive,True
perceived,True
perceiving,True
percent,False
percentage,False
perception,True
perfect,True
perfected,True
perfecting,True
perfection,True
perfectionism,True
perfectionist,True
perfectly,False
perforce,False
perform,True
performance,False
performer,True
performing,True
period,True
periodic,False
periodical,False
periodically,False
periodicity,True
peripheral,True
peripherally,True
periphery,True
permanence,True
permanency,False
permeability,False
permeable,True
permeate,False
permeation,False
permissive,False
permissiveness,False
permit,True
permitted,True
pernicious,False
perpetrate,False
perpetration,False
perpetrator,False
perpetuate,False
perpetuation,False
perplex,True
perplexed,True
perplexing,False
perplexity,False
persist,True
persistence,True
persistent,False
persistently,False
personalise,False
personalization,False
personalize,False
personalized,False
perspectival,True
perspective,True
persuasion,False
persuasive,False
persuasively,False
persuasiveness,False
pertain,True
pertaining,True
pertinent,True
pertinently,True
perusal,False
peruse,False
pervade,False
pervading,False
pervasive,True
pervasively,True
pervasiveness,False
petroleum,False
phase,True
phased,True
phasing,True
phenomenological,False
phenomenologist,True
phenomenology,True
phenomenon,False
philosopher,False
philosophic,True
philosophical,True
philosophically,False
philosophize,False
philosophizing,False
philosophy,True
piecemeal,False
pioneer,False
pioneering,False
plan,False
planned,False
planner,False
planning,False
plausibility,True
plausible,True
plausibly,True
plethora,False
poignancy,True
poignant,True
poignantly,False
point,True
pointed,True
pointedly,False
pointer,False
pointing,True
pointless,False
pointlessly,False
pointlessness,False
pointy,False
polar,True
polarity,False
polarization,False
polarize,False
polarized,False
polarizing,False
policy,False
policy-making,False
policymaker,False
pool,True
pooled,True
pooling,False
populace,False
popular,True
popularity,False
popularization,False
popularize,False
popularized,True
popularizer,False
popularly,False
populate,False
populated,False
population,False
portability,False
portable,True
portray,True
portrayal,False
portrayed,True
posit,True
posited,True
position,True
positional,True
positioned,True
positioning,False
positive,True
positively,False
positivism,True
positivist,False
positivistic,False
positivity,True
possess,True
possessed,False
possessing,False
possession,False
possessive,True
possessively,True
possessiveness,True
possessor,False
possessory,True
post,True
postage,False
postal,False
postcolonial,True
posted,False
posting,False
postmodern,True
postmodernism,True
postmodernist,True
postsecondary,True
posttest,True
postulate,False
postulated,False
potency,False
potential,True
potentiality,True
potentially,False
poverty,False
power,True
powered,True
powerful,False
powerfully,False
powerless,False
powerlessness,False
practical,False
practicality,False
practically,False
practice,True
practiced,False
practicing,True
practise,True
practising,True
practitioner,False
pragmatic,True
pragmatically,False
pragmatics,True
prearranged,False
precede,True
precedence,False
precedent,True
preceding,False
precept,False
precipitate,True
precipitately,True
precipitating,False
precipitation,True
precise,True
precisely,False
precision,False
preclude,False
preconceived,False
preconception,False
precondition,True
preconditioning,True
precursor,False
predate,False
predefined,False
predetermine,False
predetermined,False
predicate,True
predication,True
predict,True
predictability,False
predictable,False
predictably,False
predicted,False
prediction,False
predictive,True
predictor,True
predilection,False
predispose,True
predisposed,True
predisposing,True
predisposition,False
predominance,False
predominant,False
predominantly,False
predominate,False
preeminence,False
preeminent,False
preeminently,False
prefer,True
preferable,False
preferably,False
preference,False
preferential,False
preferentially,True
preferment,False
preferred,False
prefix,True
preform,True
preformed,True
prehistory,False
prejudge,False
prejudice,False
prejudiced,False
prejudicial,False
preliminary,False
premarital,True
prematurity,True
premise,True
prenatal,False
preoccupation,False
preoccupied,False
preoccupy,False
prep,True
preparation,True
preparatory,False
prepare,True
prepared,False
preparedness,True
preponderance,True
preponderant,True
prerequisite,True
prerogative,False
prescience,False
prescient,False
presciently,False
prescribe,True
prescribed,False
prescribing,True
prescriptive,False
presence,False
present,True
present-day,False
presentable,False
presentation,False
presentational,True
presented,True
presenter,False
presently,False
preservation,False
preservative,True
preserve,True
preserved,False
preserving,False
preset,True
prestige,False
prestigious,False
presumably,False
presume,True
presumed,False
presumption,True
presuppose,True
presupposed,True
presupposition,True
pretest,True
prevail,False
prevailing,False
prevalence,True
prevalent,True
previous,False
previously,False
prima,True
primacy,False
primarily,False
primary,False
primer,False
primitive,True
primitively,True
primitivism,True
principal,True
principality,False
principally,False
principle,True
principled,True
print,True
printable,True
printed,False
printer,True
printing,False
prior,False
prioritization,False
prioritize,False
prioritized,False
priority,False
prism,False
privation,False
privatization,False
privatize,False
privatized,False
privilege,True
privileged,False
privileging,True
pro,False
probabilistic,False
probability,False
probable,False
probably,False
probe,True
probing,False
probity,False
problem,True
problematic,True
problematical,False
problematically,True
procedural,False
procedure,False
process,True
processed,True
processing,False
processor,True
proclivity,False
procure,False
procurement,False
procurer,False
produce,True
produced,False
producer,False
producing,False
product,False
production,False
productive,False
productively,False
productivity,False
profess,False
professed,False
profession,False
professional,True
professionalism,False
professionally,False
profile,True
profiled,True
profiling,False
profit,True
profitability,True
profitable,True
profitably,False
profiteer,True
profiteering,True
profitless,True
profound,False
profoundly,False
progenitor,False
progeny,False
program,True
programmable,True
programmatic,True
programme,True
programmed,False
programmer,False
programming,True
progress,True
progression,True
progressive,False
progressively,False
prohibit,True
prohibited,True
prohibition,True
prohibitionist,True
prohibitive,False
prohibitively,False
project,True
projected,False
projecting,True
projection,False
projectionist,False
projective,False
proliferate,True
proliferating,False
proliferation,False
proliferative,True
prominence,False
prominent,False
prominently,False
promo,True
promote,True
promoted,False
promoter,False
promotion,False
promotional,False
prompt,True
prompting,False
promptly,False
propagate,True
propagation,True
propagator,True
propensity,False
prophecy,False
propitious,False
proponent,False
proportion,True
proportional,False
proportionality,True
proportionally,False
proportionate,False
proportionately,False
proposal,False
propose,True
proposed,False
proposer,True
propound,False
proscribe,True
proscribed,True
proscription,False
prospect,False
prospective,False
protect,True
protected,False
protecting,False
protection,False
protectionism,True
protectionist,True
protective,False
protectively,True
protectiveness,False
protector,False
provide,True
provided,False
provider,True
providing,False
province,True
provincial,True
provincialism,True
provincially,True
provisional,True
provisionally,True
proximate,False
proximity,False
proxy,False
pseudo,False
psychiatric,False
psychiatrist,True
psychiatry,True
psychoanalyst,False
psychological,False
psychologically,False
psychologist,True
psychology,True
publication,False
publish,True
publishable,True
published,False
publisher,False
publishing,False
purchase,True
purchased,False
purchaser,True
purchasing,True
pure,True
pured,True
purely,False
purification,False
purified,True
purify,True
purifying,True
purism,True
purist,False
purity,False
purport,True
purported,False
purportedly,False
purpose,True
purposeful,True
purposefully,False
purposefulness,True
purposeless,True
purposelessness,True
purposely,False
purposive,True
purvey,False
purveyor,False
purview,False
puzzle,False
puzzled,False
puzzlement,False
puzzler,False
puzzling,False
quadrant,False
qualification,False
qualified,True
qualifier,False
qualify,True
qualifying,True
qualitative,True
qualitatively,False
quality,False
quantifiable,False
quantification,True
quantified,False
quantify,True
quantitative,True
quantitatively,False
quantity,True
quarter,False
quarterly,False
quasi,False
query,False
question,True
questionable,False
questionably,True
questioned,True
questioner,False
questioning,True
questioningly,True
quiescent,False
racial,True
racialism,True
racialist,True
racialization,True
racialized,True
racially,False
racism,False
racist,False
radical,True
radicalism,True
radically,False
ramification,False
random,True
randomised,True
randomization,True
randomize,True
randomized,True
randomly,True
randomness,False
range,True
ranging,False
rapacious,False
rapacity,False
rapid,False
rapidity,False
rapidly,False
rate,True
rated,True
rater,True
rating,True
ratio,False
rational,True
rationale,False
rationalism,True
rationalist,True
rationalistic,True
rationality,False
rationalization,False
rationalize,False
rationalized,True
rationally,False
re,True
re-create,False
reactivate,False
reactivation,True
read,True
readability,True
readable,False
reader,True
readily,False
readiness,True
reading,True
readjust,False
readjustment,False
readmit,True
ready,True
reaffirm,False
reaffirmation,False
real,True
realism,True
realist,True
realistic,False
realistically,False
reality,False
realizable,False
realization,False
realize,False
realized,False
reallocate,False
reallocation,False
realm,False
reappear,False
reappearance,False
reapplication,True
reappraisal,False
reappraise,False
rearrange,False
rearrangement,False
rearranging,False
reason,True
reasonable,True
reasonableness,True
reasonably,False
reasoned,False
reasoning,True
reassess,False
reassessment,False
reassign,False
reassignment,False
recalculate,False
recalculation,False
recast,True
recasting,True
receivable,True
receive,True
received,False
receiving,False
receptive,False
receptiveness,False
receptivity,False
recipient,False
reciprocal,False
reciprocally,False
reciprocate,True
reciprocated,True
reciprocating,True
reciprocation,True
reciprocity,False
recital,True
recitation,False
recitative,True
recite,True
reclaim,True
reclaimed,False
reclaiming,True
reclamation,False
reclassification,False
reclassify,False
recognisable,True
recognised,True
recognition,False
recognizable,True
recognizably,True
recognize,True
recognized,False
recombinant,True
recombination,True
recombine,True
recommend,True
recommendation,False
recommended,True
reconcilable,True
reconcile,True
reconciled,True
reconciliation,True
reconnect,True
reconnection,True
reconsider,False
reconsideration,True
reconstitute,False
reconstituted,False
reconstitution,False
reconstruct,False
reconstructed,False
reconstruction,False
record,True
recorded,False
recorder,False
recording,True
recourse,False
recover,True
recoverable,False
recovered,False
recovery,False
recreation,False
recreational,False
recruit,False
recruiter,False
recruiting,False
recruitment,False
rectification,True
rectifier,True
rectify,True
recur,True
recurrence,True
recurrent,True
recurring,False
redefine,False
redefined,False
redefining,True
redefinition,False
redevelop,False
redevelopment,False
redirect,False
redirected,True
redirection,False
rediscover,False
rediscovered,False
rediscovery,False
redistribute,False
redistribution,False
redistributive,True
redouble,False
redoubled,True
redraft,True
redress,True
reduce,True
reduced,False
reducible,False
reducing,True
reduction,False
reductionism,False
redundancy,False
redundant,True
redundantly,True
reestablishment,False
ref,True
refer,True
reference,False
referenced,True
referencing,True
referent,True
referential,True
referral,True
referred,True
refine,True
refined,False
refinement,False
refiner,False
refinery,False
refining,False
reflect,True
reflectance,True
reflected,False
reflection,False
reflective,True
reflectively,True
reflectiveness,True
reflex,True
reflexive,True
reflexivity,False
reform,True
reformation,True
reformatory,True
reformed,True
reformer,False
reforming,False
reformism,True
reformist,True
reformulate,False
reformulated,False
reformulation,False
refrain,True
refrigerated,False
refusal,False
refuse,False
refused,False
refutation,False
refute,False
regard,False
regarding,False
regardless,False
regards,False
regenerate,True
regenerating,True
regeneration,False
regenerative,False
regiment,True
regimental,True
regimentation,False
regimented,False
region,True
regional,True
regionalism,True
regionalist,True
regionally,False
regress,True
regression,True
regressive,False
regroup,True
regrouping,True
regrow,True
regrowth,True
regular,True
regularity,False
regularization,True
regularize,False
regularized,True
regularly,False
reinforce,True
reinforced,False
reinforcement,True
reinforcer,True
reinforcing,False
reintegrate,False
reintegration,False
reinterpret,False
reinterpretation,False
reintroduce,False
reintroduced,False
reintroduction,False
reinvent,False
reinvented,True
reinvention,True
reiterate,True
reiterated,True
reiteration,True
reject,False
rejected,False
rejection,False
rejoin,False
rejoinder,False
relate,True
related,False
relatedness,False
relation,False
relational,False
relationship,False
relative,True
relatively,False
relativism,True
relativist,False
relativistic,False
relativize,True
relearn,False
relearning,False
relegate,False
relegation,False
relevance,False
relevancy,False
relevant,False
relevantly,False
reliability,True
reliable,False
reliably,False
reliance,False
reliant,False
relocate,False
relocated,False
relocation,False
rely,True
remainder,False
rematch,True
remediable,True
remedial,True
remedy,True
remit,True
remittance,True
remunerate,True
remuneration,False
remunerative,False
rename,False
renamed,False
renaming,False
render,True
rendering,True
renegotiate,False
renegotiated,True
renegotiation,False
reoccur,True
reoccurring,True
reopen,False
reopened,True
reopening,False
reorder,True
reordering,False
reorganization,False
reorganize,False
reorganized,False
reorientation,True
rep,True
repeat,True
repeatable,False
repeated,False
repeatedly,False
repeater,False
repeating,False
repetition,True
repetitious,False
repetitive,True
repetitively,True
repetitiveness,False
replenish,False
replenished,False
replenishment,False
replete,False
replicate,False
replicated,False
replication,False
report,True
reported,False
reportedly,False
reporter,True
reporting,True
reposition,False
repositioning,False
repository,False
repossess,False
repossession,True
represent,True
representation,True
representational,True
representative,False
representativeness,False
representing,False
repress,True
repressed,True
repression,False
repressive,True
reprint,True
reprinting,True
reprocess,True
reproduce,True
reproduced,True
reproducibility,True
reproducible,True
reproduction,False
reproductive,False
republish,True
repurchase,True
request,True
requested,False
requester,True
require,False
required,False
requirement,False
requisite,True
reread,False
res,False
research,False
researcher,False
reservation,True
reserve,True
reserved,False
reservist,True
resettle,False
resettlement,True
reside,False
residence,False
residency,False
resident,False
residential,False
resilience,False
resilient,False
resist,True
resistance,False
resistant,True
resister,False
resisting,True
resistive,False
resistivity,True
resistor,True
resolution,False
resolve,True
resolved,True
resonance,False
resource,False
resourceful,False
resourcefulness,False
respectability,False
respective,False
respectively,False
response,True
responsive,True
responsively,True
responsiveness,False
restoration,False
restorative,True
restore,True
restored,False
restorer,True
restoring,False
restrict,False
restricted,False
restriction,False
restrictive,False
restrictively,False
restructure,False
restructured,False
restructuring,False
result,False
resultant,False
resulting,False
resurgence,True
resurgent,True
retain,True
retained,False
retainer,True
retaining,False
retard,True
retardant,True
retardation,True
retarded,True
retest,True
retesting,True
rethink,True
rethinking,False
retrieval,False
retrieve,True
retrieved,False
retriever,False
return,True
returnable,True
returned,False
returnee,True
returner,True
returning,False
reunification,True
reunified,True
reunify,True
reusable,True
reuse,True
revaluation,False
revalue,True
reveal,True
revealed,True
revealing,False
revealingly,False
revelation,True
reversal,False
reverse,True
reversed,False
reverser,True
reversible,False
reversing,True
reversion,False
review,True
reviewable,True
reviewed,True
reviewer,False
reviewing,False
revise,True
revised,False
revision,False
revisionary,True
revisionism,False
revisionist,True
revitalise,True
revitalization,False
revitalize,False
revitalized,False
revitalizing,True
revolution,True
revolutionary,True
revolutionist,True
revolutionize,False
revolutionized,True
rework,False
reworked,False
reworking,True
rich,False
riches,False
richly,False
richness,False
rightful,False
rightfully,False
rightly,False
rightness,True
rights,True
rigid,False
rigidity,False
rigidly,False
rigor,False
rigorous,False
rigorously,False
ritual,True
ritualistic,True
ritualistically,False
ritualization,True
ritualized,False
ritually,False
robust,False
robustly,False
robustness,False
role,False
root,True
rooted,False
rootedness,False
rooting,True
rootless,False
rootlessness,False
rootlet,True
rudiment,False
rudimentary,False
rule,True
ruled,False
ruler,False
ruling,True
rupture,True
ruptured,True
rural,False
safeguard,True
safeguarding,True
sagacity,False
salaried,False
salary,False
salience,True
salient,True
salutary,False
sanction,True
sanctioned,False
sanctioning,True
satisfactorily,False
satisfactory,False
scalable,True
scale,True
scaled,True
scaling,False
scarce,False
scarcely,False
scarcity,False
scenario,False
sceptic,True
sceptical,False
scepticism,True
schematic,False
schematically,False
scheme,True
scheming,True
scholar,False
scholarly,False
science,True
scientific,False
scientifically,False
scientist,True
scope,True
scoped,True
search,True
searcher,False
searching,False
searchingly,True
second,True
secondarily,False
secondary,True
secondly,False
section,True
sectional,True
sectioned,True
sector,True
sectoral,True
secure,True
secured,True
securely,False
securing,False
security,False
seek,True
seeker,True
seeking,True
segregate,True
segregated,False
segregation,False
segregationist,True
select,True
selected,False
selection,False
selective,False
selectively,False
selectivity,False
selector,True
self-concept,True
self-determination,False
self-interest,False
self-reported,True
semicircle,False
semicircular,True
semiconductor,True
seminal,False
send,False
sender,False
sending,False
sensitive,False
sensitively,False
sensitivity,False
separable,False
separate,True
separated,False
separately,False
separateness,False
separating,False
separation,False
separatism,True
separatist,True
sequence,True
sequenced,True
sequencing,False
sequential,False
sequentially,False
serendipitous,False
serendipity,False
servitude,False
set,True
setting,True
settle,True
settled,False
settlement,False
settler,True
settling,True
sevenfold,True
shape,True
shaped,False
shapeless,True
shapely,True
shaper,False
shaping,False
share,True
shared,False
sharing,False
shift,True
shifted,True
shifting,False
short,True
short-term,False
shortage,False
shortcoming,False
shorten,True
shortened,False
shortening,True
shortish,True
shortness,True
signal,False
signaling,False
significance,False
significant,False
significantly,False
similar,False
similarity,False
similarly,False
simple,True
simplification,False
simplified,False
simplify,False
simplifying,False
simplistic,False
simplistically,False
simply,False
simulate,True
simulated,False
simulation,True
simulator,True
simultaneity,True
simultaneous,True
simultaneously,False
sine,False
single,True
singleness,True
singly,False
singular,True
singularity,False
singularly,False
site,False
siting,False
situate,False
situated,True
situation,True
situational,False
sixfold,True
sizeable,False
skeptical,False
skeptically,False
skepticism,False
skew,True
skewed,False
skewing,False
skilful,True
skill,True
skilled,False
skillful,False
skillfully,False
slave,True
slavery,True
slavish,False
slavishly,False
social,True
socialise,True
socialization,True
socialize,False
socialized,False
socializing,False
socially,False
societal,False
society,False
socioeconomic,True
socioeconomically,True
sociological,False
sociologically,False
sociologist,False
sociology,False
sociopolitical,False
sole,True
solely,False
solution,False
sought,False
sound,True
sounded,True
sounder,False
sounding,True
soundless,True
soundlessly,True
soundly,False
soundness,False
source,False
sourcing,False
southeast,False
southeastern,False
southward,False
southwest,False
southwesterly,False
southwestern,False
span,False
spatial,False
spatially,False
special,True
specialised,True
specialist,True
speciality,False
specialization,False
specialize,False
specialized,False
specially,False
specialty,False
specifiable,False
specific,False
specifically,False
specification,False
specificity,False
specified,False
specify,False
spectrum,False
speculate,False
speculation,False
speculative,False
speculatively,False
speculator,False
sphere,True
spherical,True
split,False
splitting,False
sponsor,False
sponsored,False
sponsoring,False
sponsorship,False
spontaneous,False
spontaneously,False
spurious,False
spuriously,False
stability,False
stabilization,False
stabilize,False
stabilized,False
stabilizer,True
stabilizing,False
stable,True
staff,True
staffer,True
staffing,False
stagnate,False
stagnating,False
stagnation,False
stance,False
stand,True
standard,True
standardised,True
standardization,False
standardize,False
standardized,True
standing,True
state,False
stated,False
statement,False
static,True
statically,True
stationary,False
statistic,True
statistical,False
statistically,True
statistician,False
statistics,False
status,False
stem,True
stemmed,True
stereotype,True
stereotyped,False
stereotypical,False
stereotypically,False
stereotyping,False
sterile,True
sterility,False
sterilization,True
sterilize,False
sterilized,True
sterilizer,True
stimulate,True
stimulated,True
stimulating,False
stimulation,True
stimulatory,True
stimulus,False
stipulate,False
stipulated,False
stipulation,False
straightforward,True
straightforwardly,True
straightforwardness,True
strategic,False
strategically,False
strategist,True
strategy,True
stratification,False
stratified,True
stratify,True
stratum,False
strength,False
strengthen,False
strengthened,False
strengthening,False
stress,True
stressed,True
stressful,True
stressor,True
stricture,False
strident,False
stridently,False
strike,True
striker,True
striking,False
strikingly,False
stringency,True
stringent,True
stringently,True
strive,True
striving,True
strong,False
strongly,False
struck,True
structural,False
structuralism,True
structuralist,True
structurally,False
structure,True
structured,False
structuring,False
studied,False
studious,False
studiously,False
study,True
studying,True
stymie,False
stymied,True
stymy,True
subatomic,True
subclass,True
subcultural,False
subculture,False
subdivide,True
subdivided,True
subdivision,False
subfamily,True
subgroup,False
subject,True
subjective,True
subjectively,False
subjectivism,True
subjectivity,True
submission,False
submissive,True
submissively,False
submissiveness,True
submit,False
submitted,False
subordinate,True
subordinated,False
subordination,False
subscale,True
subsection,True
subsequent,False
subsequently,False
subservience,False
subservient,False
subset,False
subsidiarity,True
subsidiary,True
substandard,False
substantial,True
substantiality,True
substantially,False
substantiate,True
substantiated,True
substantiation,False
substitute,True
substituted,True
substitution,False
subsystem,True
subtest,True
subtract,True
subtraction,True
subtype,True
succeed,False
succeeding,False
success,False
successful,False
successfully,False
succession,False
successive,False
successively,False
successor,False
succinct,False
succinctly,False
suffice,False
sufficiency,True
sufficient,False
sufficiently,False
suggest,True
suggested,False
suggestible,True
suggestion,False
suggestive,False
suggestively,True
suggestiveness,True
suit,True
suitability,False
suitable,False
suitably,False
suited,False
sum,False
summarily,False
summarization,True
summarize,False
summarized,False
summarizing,True
summary,True
summate,False
summation,False
summed,False
sup,False
supercede,False
superficial,True
superficiality,True
superficially,False
superfluous,False
superimpose,True
superimposed,True
superimposition,True
superior,False
superiority,False
supersede,False
supervise,True
supervised,True
supervising,True
supervision,True
supervisor,True
supervisory,False
supplant,False
supplement,True
supplemental,False
supplementary,False
supplementation,True
support,False
supported,False
supporter,False
supporting,False
supportive,False
supposition,False
suppress,True
suppressed,False
suppression,False
suppressor,True
surprise,False
surprised,False
surprising,False
surprisingly,False
survey,True
surveyed,True
surveying,True
surveyor,False
survivability,False
survival,False
survivalist,True
survive,True
surviving,False
survivor,False
susceptibility,True
susceptible,True
suspect,True
suspected,True
sustain,False
sustainability,False
sustainable,False
sustained,False
sustenance,False
switch,True
switchable,True
switched,True
switching,True
symbiosis,False
symbiotic,True
symbiotically,True
symbol,True
symbolic,True
symbolically,True
symbolism,True
symbolize,True
symmetric,True
symmetrical,False
symmetrically,True
symmetry,True
synergy,False
synonym,False
synonymous,False
synth,True
synthesis,True
synthesize,False
synthesized,False
synthesizer,True
system,True
systematic,False
systematically,False
systematization,True
systematize,True
systematized,False
table,True
tablecloth,False
taboo,False
tabulate,True
tabulated,True
tabulation,False
tacit,False
tacitly,False
tailor,False
tailored,False
tailoring,False
tangent,True
tangential,False
tangentially,False
tangible,True
tangibly,True
tangle,True
tangled,False
tanzania,False
tanzanian,False
target,False
targeted,False
targeting,False
task,False
tech,False
technical,True
technically,False
technique,False
technological,False
technologically,False
technologist,True
technology,True
template,False
temporal,True
temporality,True
temporally,True
tenable,False
tend,True
tended,False
tendency,False
tending,True
tenet,False
tenfold,False
tentative,False
tentatively,False
tentativeness,False
tenuous,True
tenuously,False
tenuousness,True
term,True
terminate,True
terminated,False
terminating,False
termination,False
terminator,True
terminological,False
terminology,False
terms,False
territorial,False
territoriality,False
territorially,False
territory,False
test,True
testable,False
tested,False
tester,True
testing,False
thematic,True
thematically,True
theme,True
themed,True
theoretic,False
theoretical,True
theoretically,False
theoretician,True
theorise,False
theorist,False
theorize,False
theorized,False
theorizing,False
theory,False
thereafter,False
thereby,False
therefore,False
therein,False
thereof,False
thereupon,False
thesis,True
think,True
thinker,False
thinking,True
thorough,False
thoroughly,False
thoroughness,False
thought,False
thoughtful,False
thoughtfully,False
thoughtfulness,False
thoughtless,False
thoughtlessly,True
thoughtlessness,True
thousandfold,True
threat,False
threaten,False
threatened,False
threatening,False
threateningly,False
three-dimensional,True
threefold,False
thus,False
time,True
timed,True
timeless,True
timelessness,True
timeliness,False
timely,False
timer,False
timing,False
tolerance,False
tolerant,True
tolerantly,True
tool,True
tooled,True
tooling,True
toolkit,False
topographic,False
topography,False
total,True
totaled,True
totality,False
totalizing,True
totally,False
trace,True
traceable,False
tracing,True
trade,False
trade-off,False
traded,False
trader,False
trading,False
tradition,True
traditional,False
traditionalism,False
traditionalist,False
traditionally,False
train,True
trained,False
trainee,True
trainer,True
training,True
trait,False
trajectory,False
transact,False
transaction,False
transcend,True
transcendence,True
transcendent,True
transcendental,True
transcendentally,True
transcending,False
transcribe,True
transcribed,False
transcriber,True
transcript,True
transcription,False
transcriptional,True
transfer,True
transferability,True
transferable,True
transferee,True
transference,False
transferral,True
transferred,False
transform,True
transformation,False
transformational,True
transformed,False
transformer,True
transience,True
transient,True
transiently,True
transition,False
transitional,False
transitory,False
transmigration,False
transmissible,False
transmission,False
transmit,True
transmittal,True
transmitted,False
transmitter,True
transmitting,False
transparency,False
transport,True
transportable,True
transportation,False
transported,True
transporter,False
trauma,True
traumatic,False
trenchant,False
trenchantly,False
trend,False
triad,False
true,True
truism,False
truly,False
truncate,False
truncated,False
truncation,False
tune,True
tuned,True
tuneful,True
tuneless,True
tunelessly,True
tuner,True
tuning,False
twentieth-century,True
twine,True
twining,True
twofold,True
type,True
typical,False
typically,False
typify,False
typology,False
ubiquity,False
unable,False
unacceptability,False
unacceptable,False
unacceptably,False
unachievable,False
unacknowledged,False
unadjusted,True
unaffected,False
unaffiliated,True
unaided,True
unalterable,False
unaltered,False
unambiguous,False
unambiguously,False
unambitious,True
unanimity,False
unanticipated,False
unappreciated,False
unappreciative,True
unapproachable,True
unarguable,True
unarguably,False
unassertive,True
unassigned,True
unassisted,False
unassuming,False
unattached,False
unattainable,False
unattended,False
unattractive,False
unavailability,False
unavailable,False
unavailing,True
unavoidable,False
unavoidably,False
unbalance,False
unbalanced,False
unbelief,True
unbiased,False
unbind,False
unbound,False
unbounded,False
unbridgeable,True
uncertain,False
uncertainly,False
uncertainty,False
unchallengeable,False
unchallenged,False
unchangeable,True
unchanged,False
unchanging,False
uncharacteristic,False
uncharacteristically,False
unchosen,True
uncivilized,False
unclaimed,False
unclassified,False
uncollected,False
uncommitted,False
uncommon,False
uncommonly,False
uncommunicative,True
uncompetitive,True
uncompleted,True
uncomplicated,True
uncomprehending,True
uncomprehendingly,False
unconcealed,True
unconcern,True
unconcerned,False
unconditional,False
unconditionally,False
unconditioned,True
unconfined,True
unconnected,False
unconquerable,False
unconscious,True
unconsciously,False
unconsciousness,False
unconsidered,False
unconsolidated,False
unconstrained,True
uncontaminated,False
uncontested,False
uncontrollable,False
uncontrollably,False
uncontrolled,False
unconventional,False
unconventionally,True
unconverted,True
uncooperative,False
uncoordinated,False
uncorrected,False
uncoupled,False
uncritical,False
uncritically,False
uncultivated,False
uncultured,False
undefinable,False
undefined,False
undemanding,False
undependable,False
underage,False
underdeveloped,False
underdevelopment,True
underestimate,True
underestimated,True
underestimation,False
underlay,True
underlie,True
underline,True
underlined,True
underlining,False
underly,False
underlying,False
undermine,True
undermined,True
undermining,False
underpin,False
underpinning,False
underscore,True
understaffed,False
understand,True
understandable,False
understandably,False
understanding,False
understandingly,True
understood,False
undertake,False
undertaking,False
undervaluation,False
undervalue,True
undervalued,True
undesirability,True
undesirable,False
undesired,False
undetectable,True
undetected,False
undetermined,False
undeveloped,False
undifferentiated,False
undiminished,False
undirected,True
undisciplined,False
undiscovered,False
undiscussed,True
undistinguished,False
undistorted,False
undisturbed,False
undocumented,False
undoubted,False
undoubtedly,False
undue,False
unduly,True
uneconomic,True
uneconomical,False
unedited,True
uneducated,False
unemotional,True
unemployable,True
unemployed,False
unemployment,False
unendurable,False
unenforceable,True
unenlightened,False
unequal,False
unequalled,True
unequally,False
unequivocal,False
unequivocally,False
unethical,False
unethically,False
uneven,False
unevenly,False
unevenness,False
unexamined,False
unexceptionable,True
unexceptional,True
unexpected,False
unexpectedly,False
unexpectedness,True
unexplained,True
unexplored,False
unexpressed,True
unfamiliar,False
unfamiliarity,False
unfavourable,True
unfeasible,False
unfixed,True
unfocused,True
unfocussed,True
unfold,False
unfolded,True
unfolding,False
unforeseeable,False
unforeseen,False
unformed,True
unfounded,False
unframed,True
unfruitful,True
unfulfilled,False
unfunded,True
ungovernable,False
ungrounded,True
unguided,False
unhampered,True
unharmed,False
unhelpful,False
unhelpfully,True
unhindered,False
unidentifiable,False
unidentified,False
unidimensional,False
unidirectional,False
unification,True
unified,False
uniform,False
uniformed,False
uniformity,False
uniformly,False
unify,True
unifying,False
unimaginable,False
unimaginably,False
unimaginative,False
unimagined,False
unimpeded,False
unimportance,False
unimportant,False
unimproved,False
unincorporated,False
uninfluenced,False
uninformative,False
uninformed,False
uninhabitable,False
uninhabited,False
uninitiated,True
uninjured,True
unintended,False
unintentional,True
unintentionally,False
uninterested,False
uninteresting,False
uninterrupted,False
uninterruptedly,False
uninvolved,False
unique,False
uniquely,False
uniqueness,False
unit,False
unitary,False
universal,False
universalism,False
universalist,True
universalistic,False
universality,False
universalization,True
universalize,True
universalized,False
universalizing,False
universally,False
universe,True
university,False
unjust,True
unjustifiable,False
unjustifiably,True
unjustified,False
unjustly,False
unknowable,False
unknowing,True
unknowingly,False
unknown,False
unlabeled,False
unlearn,True
unlearned,True
unlikely,False
unlimited,False
unmaintained,True
unmanageable,False
unmapped,False
unmarked,False
unmatched,False
unmeasured,True
unmediated,True
unmentionable,True
unmentioned,False
unmerited,True
unmitigated,False
unmixed,False
unmodified,False
unmotivated,True
unmovable,True
unmoved,False
unmoving,True
unnamed,True
unnatural,False
unnaturally,False
unnecessarily,False
unnecessary,False
unneeded,False
unnoticeable,False
unnoticed,False
unnumbered,True
unobjectionable,True
unobservable,False
unobservant,True
unobserved,False
unobtainable,False
unopened,False
unopposed,True
unordered,True
unorganized,True
unpalatable,False
unparalleled,False
unplanned,False
unpopular,True
unpopularity,True
unpopulated,False
unprecedented,False
unprecedentedly,False
unpredictability,False
unpredictable,False
unpredictably,False
unprejudiced,False
unprepared,False
unprincipled,True
unproblematic,True
unprocessed,True
unproductive,False
unprofessional,False
unprofitable,True
unprompted,True
unprotected,False
unpublished,False
unqualified,False
unquantifiable,True
unquestionable,False
unquestionably,False
unquestioned,False
unquestioning,False
unquestioningly,False
unread,True
unreadable,False
unready,True
unreal,False
unrealistic,False
unrealistically,False
unreality,True
unrealized,False
unreasonable,True
unreasonableness,True
unreasonably,True
unreasoning,False
unreceptive,False
unrecognizable,False
unrecognized,False
unreconstructed,True
unrecorded,False
unrefined,True
unreformed,True
unregenerate,True
unrelated,False
unreliability,True
unreliable,False
unrepeatable,True
unreported,False
unrepresentative,False
unrepresented,True
unreserved,False
unreservedly,False
unresolved,False
unresponsive,False
unrestricted,False
unreturned,True
unrevealed,True
unsanctioned,False
unsatisfactory,False
unscientific,False
unsecured,True
unselected,True
unshared,False
unskilled,False
unsought,False
unsound,False
unspecific,False
unspecified,False
unstable,False
unstandardized,True
unstated,False
unstressed,True
unstructured,True
unsubstantiated,False
unsuccessful,False
unsuccessfully,False
unsuitability,False
unsuitable,False
unsuited,False
unsupervised,False
unsupported,False
unsurprised,False
unsurprising,False
unsurprisingly,False
unsuspected,False
unsuspecting,False
unsustainable,False
unsystematic,False
untangle,False
untangled,True
untenable,False
untestable,False
untested,False
unthinkable,False
unthinking,False
unthinkingly,True
untimed,True
untimely,False
untraceable,False
untrained,False
untrue,False
untypical,False
unusable,False
unused,False
unvarying,False
unwarranted,False
unweighted,True
unwilling,False
unwillingly,False
unwillingness,False
unwitting,False
unwittingly,False
unworkable,False
unworked,True
unworthy,True
unyielding,False
update,True
updated,False
updating,False
upgrade,True
upgraded,True
upgrading,False
upsurge,False
urban,True
urbanist,True
urbanization,False
urbanize,True
urbanized,False
usability,True
usable,False
usage,False
use,True
useable,False
used,False
useful,False
usefully,False
usefulness,False
useless,False
uselessly,False
uselessness,True
user,False
usurp,True
usurpation,False
usurper,True
utilitarian,True
utilitarianism,True
utility,False
utilization,False
utilize,True
utilized,False
vague,False
vaguely,False
vagueness,False
valid,True
validate,True
validated,True
validating,False
validation,False
validity,True
validly,True
valuable,False
valuables,True
valuation,True
value,True
valued,False
valueless,False
valuing,True
variability,False
variable,True
variably,True
variance,True
variant,False
variate,True
variation,False
varied,False
varietal,False
variety,False
various,False
variously,False
vary,True
varying,False
vendor,False
venerate,True
venerated,True
veneration,True
veracity,False
verbal,True
verbalization,True
verbalize,True
verbalized,True
verbally,False
verbatim,False
verifiable,False
verification,False
verified,False
verifier,True
verify,True
verily,False
vernacular,True
vertical,True
vertically,False
vessel,False
vest,True
vested,False
vesting,True
vex,True
vexation,True
vexatious,True
vexed,True
vexing,False
viability,False
viable,True
vicarious,False
vicariously,False
vicissitude,False
victim,True
victimization,True
victimize,False
victimized,False
victimless,True
view,True
viewable,True
viewer,True
viewing,False
viewpoint,False
vignette,False
virtual,False
virtually,False
virtue,False
virtuous,False
visibility,False
visible,False
visibly,False
vision,False
visionary,False
visual,True
visualization,False
visualize,False
visualized,True
visually,True
visuals,True
vital,False
vitality,False
vitally,False
volume,False
voluntarily,False
voluntariness,True
voluntaristic,False
voluntary,True
vulnerability,False
vulnerable,False
wane,False
waning,False
warrant,True
warranted,False
wastage,True
waste,True
wasted,False
wasteful,False
wastefully,True
wastefulness,False
waster,True
wasting,False
weak,False
weaken,False
weakened,False
weakening,False
weakest,False
weakling,False
weakly,False
weakness,False
wealth,False
wealthy,False
weigh,False
weighing,False
weight,True
weighted,True
weighting,False
weightless,True
weightlessness,True
well-being,False
well-known,False
west,True
westerly,True
western,False
westerner,False
westernize,False
westernized,False
westward,False
whereby,False
wherein,False
whole,True
wholeness,True
wholesale,True
wholesaler,True
wholistic,False
wholly,False
wide,True
widely,False
widen,False
widened,False
widening,False
widespread,False
width,True
will,False
willing,False
willingly,False
willingness,False
within,False
wittingly,False
word,True
wording,False
wordless,True
wordlessly,True
wordy,True
work,True
workable,False
worked,True
worker,False
workforce,False
working,False
working-class,True
workload,False
works,True
workshop,False
worldview,True
worth,True
worthiness,False
worthless,False
worthlessness,False
worthy,False
xenophobia,False
xenophobic,False
yield,True
yielding,False
