lexile,text_words,text_sentences,textstat_gunning_fog,textstat_flesch_kincaid,textstat_ari,textstat_coleman_liau,sentence_len_mean,sentence_len_p75,sentence_len_p90,long_sentence_20_ratio,dependency_depth_mean,avg_dependency_distance,clause_per_sentence,finite_clause_per_sentence,relative_clause_per_sentence,passive_per_sentence,noun_phrase_len_mean,coordination_per_sentence,dialogue_sentence_ratio,fragment_sentence_ratio,content_token_count,aoa_coverage,aoa_mean,aoa_p90,aoa_9plus_ratio,aoa_12plus_ratio,aoa_unknown_token_ratio,aoa_unknown_unique_ratio,aoa_unknown_repeated_token_ratio,aoa_cefr_unknown_token_ratio,unknown_noun_adj_token_ratio,unknown_noun_adj_repeated_token_ratio,unknown_propn_token_ratio,named_entity_token_ratio,multiword_entity_per_100_words,low_freq_lt1pm_ratio,cefr_coverage,cefr_b1plus_ratio,cefr_b2plus_ratio,academic_vocab_ratio,domain_academic_vocab_ratio,proper_noun_ratio,acronym_ratio,number_ratio,subtlex_all_coverage,subtlex_all_mlwf_known,subtlex_all_mlwf_floor,subtlex_all_mlwf_p10,subtlex_all_low_lg10wf_lt2_ratio,subtlex_all_low_lg10wf_lt3_ratio,subtlex_content_coverage,subtlex_content_mlwf_known,subtlex_content_mlwf_floor,subtlex_content_mlwf_p10,subtlex_content_low_lg10wf_lt2_ratio,subtlex_content_low_lg10wf_lt3_ratio,subtlex_noun_adj_coverage,subtlex_noun_adj_mlwf_known,subtlex_noun_adj_mlwf_floor,subtlex_noun_adj_mlwf_p10,subtlex_noun_adj_low_lg10wf_lt2_ratio,subtlex_noun_adj_low_lg10wf_lt3_ratio,wordfreq_all_coverage,wordfreq_all_zipf_mean,wordfreq_all_zipf_p10,wordfreq_all_zipf_p25,wordfreq_all_low_zipf_lt3_ratio,wordfreq_all_low_zipf_lt4_ratio,wordfreq_content_coverage,wordfreq_content_zipf_mean,wordfreq_content_zipf_p10,wordfreq_content_zipf_p25,wordfreq_content_low_zipf_lt3_ratio,wordfreq_content_low_zipf_lt4_ratio,wordfreq_noun_adj_coverage,wordfreq_noun_adj_zipf_mean,wordfreq_noun_adj_zipf_p10,wordfreq_noun_adj_zipf_p25,wordfreq_noun_adj_low_zipf_lt3_ratio,wordfreq_noun_adj_low_zipf_lt4_ratio,msl,lmsl_ln,lmsl_log10,textstat_dale_chall,textstat_spache,textstat_linsear,textstat_smog,textstat_lix,textstat_rix,textstat_difficult_words,textstat_difficult_words_ratio
500.0,284.0,32.0,5.1,3.29,4.22,5.64,7.89,10.25,12.5,2.78,3.92,1.8,0.528,1.222,0.056,0.056,1.67,0.306,22.22,11.11,142.0,97.89,4.72,6.65,0.0,0.0,2.11,2.13,1.41,0.0,0.0,0.0,5.28,6.34,0.35,0.0,99.3,7.8,0.71,16.9,14.08,6.34,0.0,0.86,96.48,4.6331,4.47,3.0615,4.58,9.15,100.0,4.214,4.214,3.3303,0.7,4.93,100.0,3.9141,3.9141,3.1455,1.35,6.76,100.0,5.8195,4.526,5.13,0.35,6.69,100.0,5.4198,4.582,5.0575,0.0,3.52,100.0,5.212,4.538,5.0175,0.0,4.05,8.875,2.1832,0.9482,6.523,2.8171,3.9167,7.5311,22.6074,1.2188,16.0,5.6338
690.0,1771.0,152.0,6.02,4.63,5.76,5.93,10.16,14.0,20.0,12.57,4.38,2.06,1.074,1.783,0.103,0.057,1.46,0.6,63.43,9.71,772.0,97.41,5.32,8.06,5.72,0.66,2.59,4.48,0.52,0.78,0.26,0.0,5.85,6.75,0.73,1.33,94.3,17.45,4.26,16.45,12.82,6.75,0.06,0.42,96.34,4.622,4.453,2.4499,7.76,15.3,100.0,3.8776,3.8776,2.4947,4.92,19.56,100.0,3.5541,3.5541,2.4814,3.87,23.23,99.94,5.8118,4.05,4.95,1.8,9.45,99.87,5.0798,3.813,4.5975,2.33,12.44,100.0,4.8583,3.75,4.465,1.61,15.16,11.6513,2.4554,1.0664,8.2087,3.9726,6.1429,7.2736,25.0336,1.5592,175.0,9.8814
640.0,756.0,76.0,6.1,4.69,6.09,7.1,8.69,11.0,19.0,9.09,3.91,2.02,0.568,1.17,0.023,0.045,1.56,0.625,52.27,15.91,356.0,95.51,5.28,7.57,2.65,0.59,4.49,5.16,1.69,2.53,2.25,1.12,6.01,7.84,0.66,2.06,91.01,13.27,3.7,14.61,11.52,6.54,0.0,0.49,94.38,4.4594,4.2088,1.9177,10.46,20.26,99.16,3.7208,3.6894,2.266,7.87,24.44,98.29,3.4742,3.4147,2.2601,8.57,29.71,98.82,5.5818,3.604,4.68,3.79,14.51,100.0,4.9351,3.67,4.4575,4.49,17.13,100.0,4.7063,3.536,4.17,5.71,19.43,9.9474,2.2973,0.9977,8.5995,3.8683,4.8,7.8545,27.0109,1.6974,99.0,13.0952
1090.0,560.0,34.0,12.16,9.38,10.95,11.15,17.27,21.0,25.8,39.39,6.48,2.08,1.061,1.333,0.121,0.242,1.88,1.545,24.24,6.06,294.0,92.18,6.71,10.39,18.08,2.58,7.82,6.22,4.08,5.1,5.1,4.08,1.4,7.19,1.96,1.48,90.48,22.18,6.02,31.97,21.43,2.46,0.7,1.2,96.67,4.3282,4.1839,2.0993,8.77,23.86,95.92,3.6003,3.4533,2.1064,8.16,29.93,93.94,3.3818,3.1768,1.9158,10.61,36.36,100.0,5.8086,4.166,4.9425,0.35,8.42,100.0,5.0852,4.136,4.6425,4.42,8.84,100.0,4.9163,3.676,4.56,6.06,11.11,16.4706,2.8016,1.2167,10.1773,5.6031,8.5714,11.8921,43.0777,4.3824,118.0,21.0714
680.0,395.0,30.0,6.38,5.32,5.11,5.7,13.17,15.0,19.3,10.0,5.53,1.9,1.033,1.7,0.233,0.067,1.61,0.433,20.0,3.33,194.0,97.94,5.52,7.53,2.11,0.0,2.06,3.96,0.0,0.52,0.52,0.0,0.25,1.01,0.25,0.53,97.94,22.11,3.16,17.01,12.37,0.51,0.0,0.22,100.0,4.4994,4.4994,2.605,2.28,15.7,100.0,3.5272,3.5272,2.5915,0.52,26.29,100.0,3.2287,3.2287,2.5623,0.0,34.4,100.0,5.8919,4.39,4.73,0.25,6.58,100.0,4.9326,4.033,4.4,0.52,9.79,100.0,4.7051,3.948,4.39,0.0,12.0,13.1667,2.5777,1.1195,7.2477,3.9365,6.5714,7.0316,22.2806,1.2,34.0,8.6076
740.0,761.0,62.0,7.54,5.77,7.43,8.47,11.77,14.0,22.0,16.92,4.97,2.06,0.754,1.462,0.062,0.123,1.73,0.954,35.38,9.23,365.0,93.15,5.29,7.94,7.94,1.76,6.85,8.13,1.92,5.75,4.11,1.92,6.67,9.41,1.18,5.29,86.85,17.67,9.15,11.78,9.59,9.15,0.13,0.32,92.68,4.2881,3.9742,1.2172,15.82,26.01,96.71,3.5155,3.3999,1.5843,15.07,32.88,94.79,3.2207,3.0529,1.3444,18.23,35.94,98.43,5.3916,3.08,4.46,8.24,20.13,97.81,4.6827,3.17,4.11,7.67,22.47,95.83,4.3936,3.013,4.075,9.9,23.96,12.2742,2.5075,1.089,9.3911,4.3213,10.5,8.7019,33.562,2.6129,115.0,15.1117
400.0,97.0,15.0,5.47,2.99,4.62,6.71,6.53,7.0,8.6,0.0,3.73,1.33,0.267,1.133,0.067,0.0,1.5,0.0,0.0,0.0,51.0,100.0,4.99,6.79,0.0,0.0,0.0,0.0,0.0,0.0,0.0,0.0,5.1,3.06,0.0,0.0,94.12,18.75,6.25,13.73,9.8,5.1,0.0,0.87,94.9,4.4841,4.2554,2.1723,7.14,17.35,100.0,3.9859,3.9859,2.6222,0.0,17.65,100.0,3.3332,3.3332,2.4669,0.0,33.33,100.0,5.6324,3.72,4.89,5.1,16.33,100.0,5.3175,3.97,4.47,0.0,13.73,100.0,4.693,3.854,4.055,0.0,25.93,6.4667,1.8667,0.8107,8.0268,3.0807,2.7,7.0316,23.9924,1.1333,8.0,8.2474
720.0,780.0,68.0,6.33,4.98,6.36,7.16,10.26,13.25,21.0,13.16,4.21,2.1,0.763,1.5,0.053,0.105,1.67,0.829,42.11,7.89,351.0,94.59,4.96,7.53,2.71,0.0,5.41,7.66,0.57,2.85,1.99,0.0,8.08,10.13,1.03,0.9,93.16,11.93,2.14,13.68,10.54,8.97,0.13,0.7,94.74,4.5372,4.2987,2.363,7.82,15.38,98.86,3.8927,3.8483,2.6609,4.56,16.81,98.86,3.66,3.6181,2.6609,3.43,20.57,99.87,5.6728,3.85,4.7725,1.67,13.85,99.72,5.0541,3.96,4.635,3.13,10.54,100.0,4.8854,3.908,4.525,2.86,13.14,11.4706,2.4398,1.0596,8.4364,3.9338,6.75,7.7764,27.368,1.8235,80.0,10.2564
460.0,569.0,60.0,6.32,4.89,5.07,6.63,8.77,11.0,14.6,3.08,4.34,1.82,0.554,1.462,0.062,0.0,1.62,0.492,20.0,9.23,264.0,97.35,5.41,8.27,6.23,1.17,2.65,3.95,0.0,0.38,0.38,0.0,5.09,5.61,0.53,2.33,96.97,16.41,2.73,18.56,14.02,5.26,0.35,0.71,96.67,4.5755,4.423,2.5922,4.74,16.67,99.62,3.836,3.8214,2.4951,4.55,21.97,99.21,3.5749,3.5465,2.2699,4.76,29.37,100.0,5.8201,4.148,4.9775,1.05,9.65,100.0,5.1033,3.973,4.53,3.41,10.61,100.0,4.9302,3.9,4.3125,2.38,11.9,9.4833,2.2495,0.977,8.1307,3.8992,5.1,8.1312,27.058,1.6667,69.0,12.1265
880.0,830.0,53.0,9.01,7.22,8.29,7.97,13.56,18.75,25.9,24.19,5.18,2.22,1.242,1.71,0.065,0.065,1.59,0.855,48.39,12.9,367.0,93.19,5.28,7.58,6.14,0.58,6.81,9.21,1.63,2.45,2.18,0.0,6.66,10.11,1.08,0.58,95.1,11.75,4.01,16.35,12.53,7.61,0.0,0.68,92.87,4.622,4.2922,2.1335,9.39,17.36,98.64,3.9253,3.8718,2.6949,4.9,16.08,97.84,3.6444,3.5656,2.3303,5.95,20.54,99.17,5.7203,3.84,4.97,3.33,13.32,99.18,5.1172,4.062,4.625,2.18,9.54,98.92,4.8833,3.84,4.45,3.24,12.43,15.6604,2.7511,1.1948,8.6937,4.6946,7.4286,9.8336,32.5278,2.6415,112.0,13.494
420.0,112.0,16.0,8.16,4.84,4.23,6.38,7.0,8.5,10.5,0.0,4.0,1.41,0.312,1.125,0.0,0.0,1.75,0.25,0.0,0.0,43.0,100.0,5.59,7.93,2.33,0.0,0.0,0.0,0.0,0.0,0.0,0.0,13.39,17.86,5.36,0.0,100.0,13.95,2.33,13.95,11.63,14.29,0.0,1.54,93.75,4.397,4.1222,2.0492,9.82,21.43,100.0,3.8032,3.8032,2.673,2.33,20.93,100.0,3.6636,3.6636,2.673,4.0,28.0,100.0,5.704,4.17,4.8975,1.79,8.04,100.0,5.2086,4.218,4.82,0.0,2.33,100.0,5.1916,4.226,4.64,0.0,4.0,7.0,1.9459,0.8451,8.3541,3.5921,3.5714,8.6604,28.4286,1.5,15.0,13.3929
1040.0,773.0,53.0,14.32,10.65,10.38,11.36,14.68,18.0,22.0,20.75,5.58,2.21,0.887,1.377,0.189,0.491,2.11,1.528,11.32,0.0,452.0,97.79,7.59,11.05,33.71,6.11,2.21,4.52,0.44,0.66,0.66,0.0,0.0,1.54,0.0,8.14,87.83,44.08,23.93,27.65,19.47,0.64,0.0,1.08,100.0,3.8961,3.8961,1.8813,12.6,38.95,100.0,2.995,2.995,1.8753,13.27,57.74,100.0,2.8053,2.8053,1.5798,16.26,65.64,100.0,5.522,3.82,4.3825,2.96,16.97,100.0,4.6581,3.64,4.15,3.76,19.47,100.0,4.5183,3.6,4.0625,4.6,21.17,14.5849,2.68,1.1639,10.774,6.0551,13.3333,13.5394,43.6923,4.2453,146.0,18.8875
920.0,831.0,62.0,8.35,6.96,8.33,8.56,12.01,17.75,23.1,17.14,4.99,2.26,1.029,1.786,0.2,0.057,1.62,0.943,72.86,5.71,367.0,95.64,5.25,8.32,5.41,0.85,4.36,4.27,2.72,3.54,3.54,2.72,4.04,8.8,1.32,1.42,93.46,10.5,2.62,22.07,17.98,4.76,0.0,0.63,96.79,4.5322,4.3867,2.444,6.54,18.07,98.09,3.8269,3.7539,2.301,7.63,22.89,96.57,3.5177,3.397,1.9395,11.27,29.9,99.76,5.759,4.04,4.95,2.02,9.87,99.46,5.0645,3.956,4.63,2.18,11.17,99.02,4.8228,3.567,4.225,2.94,15.69,13.4032,2.5955,1.1272,8.8046,4.4675,6.625,9.8181,33.1385,2.6452,112.0,13.4777
1130.0,547.0,32.0,9.98,8.4,10.24,9.74,18.62,21.0,24.8,44.83,6.31,2.46,1.034,1.69,0.241,0.138,2.03,1.241,27.59,0.0,235.0,94.89,6.31,9.19,11.66,2.69,5.11,5.88,1.7,2.98,1.7,0.85,6.67,15.37,4.2,2.24,89.79,19.91,6.64,25.11,16.6,11.48,0.19,4.22,95.93,4.2753,4.1011,1.9009,10.93,25.37,98.72,3.501,3.4563,2.0476,9.36,31.06,98.67,3.4116,3.3661,2.0296,10.0,32.0,98.89,5.6822,3.956,4.7575,2.59,10.56,99.15,5.0344,4.01,4.615,2.13,9.79,98.67,5.0491,4.154,4.5875,1.33,6.67,17.0938,2.8387,1.2328,9.9979,5.4189,6.8571,9.9036,39.0316,3.75,110.0,20.1097
390.0,155.0,20.0,3.36,2.2,1.62,3.21,7.75,8.25,10.0,0.0,3.8,1.62,0.45,1.3,0.0,0.1,1.87,0.25,5.0,0.0,87.0,97.7,4.94,6.24,0.0,0.0,2.3,3.51,0.0,1.15,1.15,0.0,0.0,0.65,0.0,1.18,97.7,18.82,4.71,9.2,8.05,0.0,0.0,0.0,99.35,4.5996,4.57,2.9201,3.23,14.84,98.85,3.9139,3.869,2.8869,2.3,24.14,98.04,3.5242,3.4551,2.8162,3.92,37.25,99.35,5.8327,4.12,5.115,1.29,9.68,98.85,5.078,3.99,4.615,2.3,13.79,98.04,4.6984,3.99,4.26,3.92,21.57,7.75,2.0477,0.8893,6.2621,2.4866,3.3077,6.2581,16.1371,0.65,9.0,5.8065
830.0,1563.0,119.0,7.35,5.41,6.91,6.81,12.01,15.5,22.0,14.5,4.72,2.26,1.099,2.038,0.076,0.191,1.59,0.969,70.23,8.4,698.0,97.13,5.72,9.05,10.32,0.88,2.87,5.49,0.0,1.72,0.43,0.0,6.17,7.44,1.47,3.1,94.41,18.36,5.01,18.19,14.33,7.12,0.0,0.43,97.33,4.5674,4.4455,2.4829,7.25,17.04,99.57,3.795,3.7787,2.2803,7.45,25.21,100.0,3.403,3.403,2.2122,8.12,35.39,100.0,5.8212,4.14,4.85,2.03,8.52,100.0,5.0721,3.75,4.58,3.44,13.47,100.0,4.8264,3.75,4.42,1.95,18.51,13.1345,2.5752,1.1184,8.4501,4.2151,3.7273,8.0972,28.1057,1.9664,163.0,10.4287
540.0,120.0,15.0,7.53,4.64,5.22,7.33,8.13,10.0,10.6,0.0,4.53,1.47,0.133,1.0,0.0,0.0,1.84,0.2,6.67,0.0,55.0,96.36,4.96,6.95,0.0,0.0,3.64,5.56,0.0,0.0,0.0,0.0,8.2,13.93,3.33,0.0,100.0,32.73,9.09,25.45,18.18,9.84,0.0,1.39,97.54,4.2594,4.1546,1.9823,13.93,27.87,100.0,3.5144,3.5144,1.9823,14.55,30.91,100.0,3.2883,3.2883,1.9823,22.22,38.89,99.18,5.6607,3.54,4.64,3.28,18.03,100.0,4.9471,3.54,4.17,0.0,21.82,100.0,4.7819,3.54,3.67,0.0,27.78,8.0,2.0794,0.9031,8.7703,3.6153,4.0833,8.4474,23.8333,1.2667,17.0,14.1667
670.0,1296.0,117.0,5.7,4.1,5.0,5.54,10.87,14.25,19.0,7.5,4.67,2.07,0.925,1.767,0.067,0.033,1.62,0.8,60.83,5.83,575.0,97.57,5.22,7.83,4.1,0.18,2.43,5.17,0.0,1.04,0.17,0.0,3.68,6.75,1.85,0.53,94.96,15.2,4.58,14.43,11.48,7.06,0.08,0.24,96.78,4.6783,4.5276,2.6045,6.29,14.26,99.48,3.994,3.9731,2.5838,4.17,19.65,99.64,3.6133,3.6001,2.4487,4.73,29.09,100.0,5.7824,4.03,5.02,4.06,9.36,99.83,5.1719,3.96,4.655,1.39,10.78,100.0,4.8905,3.77,4.32,0.36,17.09,11.0769,2.4049,1.0444,7.7679,3.5555,5.3333,7.5162,23.9627,1.4274,110.0,8.4877
960.0,545.0,40.0,9.85,7.87,8.53,9.67,13.35,16.0,24.1,12.5,6.03,1.97,0.925,1.375,0.15,0.3,2.0,0.7,15.0,2.5,221.0,95.48,6.21,9.56,13.27,0.47,4.52,6.33,0.0,1.36,0.9,0.0,6.55,17.23,3.85,0.95,96.38,20.66,3.29,33.94,23.98,12.73,1.69,2.72,98.88,4.3237,4.2751,2.4746,4.49,18.73,99.55,3.6592,3.6427,2.3385,5.43,22.17,99.25,3.4706,3.4445,2.2576,6.02,24.06,100.0,5.813,4.316,4.9225,0.75,6.18,100.0,5.1078,4.05,4.71,2.26,7.24,100.0,5.0187,4.04,4.63,2.26,7.52,13.625,2.6119,1.1343,9.904,5.0166,5.4444,10.7401,37.2947,3.225,103.0,18.8991
1030.0,675.0,46.0,11.44,8.52,9.02,9.73,15.9,18.0,21.0,17.07,6.27,2.24,1.024,1.488,0.098,0.488,1.96,0.927,21.95,4.88,267.0,95.88,6.86,10.39,18.75,4.3,4.12,5.29,0.75,2.25,1.87,0.0,6.44,17.94,4.89,2.34,89.51,30.13,6.69,32.21,19.48,12.42,0.0,2.81,98.47,4.2214,4.1567,2.0453,9.66,24.08,99.63,3.4462,3.4333,2.0164,10.11,34.46,99.39,3.2727,3.2529,1.9395,13.33,41.21,100.0,5.7167,3.924,4.665,1.69,10.89,100.0,4.9359,3.776,4.375,1.5,14.98,100.0,4.8316,3.738,4.17,1.82,18.18,14.6739,2.6861,1.1665,9.8148,5.023,10.5,11.8825,40.8961,3.8478,118.0,17.4815
630.0,901.0,86.0,5.88,4.38,5.38,6.4,9.52,13.5,18.0,5.26,4.15,1.98,0.758,1.537,0.042,0.042,1.53,0.726,43.16,10.53,416.0,92.55,5.08,7.35,1.82,0.0,7.45,6.01,4.81,6.01,5.05,4.81,4.31,5.2,0.55,1.04,88.46,14.67,5.71,10.82,9.62,4.65,0.0,0.44,93.81,4.5971,4.3123,2.1547,9.18,18.58,94.71,3.8571,3.6531,2.2599,8.89,25.24,90.05,3.4845,3.1378,1.1461,13.43,42.79,98.78,5.651,3.745,4.77,6.53,12.94,98.08,4.8688,3.595,4.44,6.73,17.07,96.02,4.4349,2.46,3.95,10.95,28.36,10.4767,2.3492,1.0202,8.2745,3.9007,5.5556,7.4412,24.4612,1.4651,99.0,10.9878
820.0,722.0,64.0,8.89,6.79,6.98,8.66,11.56,14.0,16.0,6.56,4.9,1.96,0.705,1.328,0.082,0.262,1.94,0.639,8.2,4.92,349.0,97.99,5.92,8.88,9.65,1.17,2.01,4.02,0.0,0.57,0.0,0.0,6.95,11.91,4.16,0.88,97.13,19.17,2.95,36.1,24.07,9.22,0.0,1.8,97.87,4.3137,4.2219,2.5722,4.68,17.02,100.0,3.703,3.703,2.617,4.01,17.19,100.0,3.5758,3.5758,2.4876,5.19,21.23,100.0,5.8374,4.53,4.91,0.0,3.12,100.0,5.2141,4.314,4.81,0.0,3.44,100.0,5.1895,4.15,4.7025,0.0,4.25,11.2812,2.4231,1.0524,8.745,4.0853,8.0,9.7897,33.3034,2.4844,81.0,11.2188
850.0,755.0,68.0,7.94,6.12,6.87,8.05,10.63,15.0,20.0,11.27,4.59,2.03,0.789,1.394,0.028,0.113,1.59,0.831,35.21,21.13,334.0,95.51,5.4,7.79,4.39,0.31,4.49,6.76,0.0,2.1,1.2,0.0,8.74,10.99,0.93,2.51,92.51,13.92,2.27,20.36,17.07,9.01,0.13,0.52,92.58,4.4768,4.1448,1.6053,11.92,21.59,99.1,3.7908,3.7568,2.3909,6.59,21.26,98.77,3.4429,3.4006,2.1173,9.82,27.61,100.0,5.626,3.47,4.63,4.11,14.04,100.0,5.0096,3.72,4.49,3.89,13.77,100.0,4.7169,3.442,4.285,5.52,18.4,11.1029,2.4072,1.0454,9.4575,4.4662,10.1667,9.0075,28.8513,1.9706,110.0,14.5695
410.0,100.0,14.0,4.86,2.77,3.1,4.88,7.14,8.75,9.0,0.0,4.0,1.44,0.286,1.0,0.0,0.0,1.94,0.5,14.29,7.14,51.0,100.0,4.9,6.94,0.0,0.0,0.0,0.0,0.0,0.0,0.0,0.0,6.0,9.0,2.0,0.0,98.04,18.0,6.0,19.61,19.61,8.0,0.0,0.85,100.0,4.4889,4.4889,3.0005,0.0,10.0,100.0,3.9064,3.9064,2.6675,0.0,17.65,100.0,3.5068,3.5068,2.6271,0.0,24.24,100.0,5.8691,4.24,4.7375,0.0,3.0,100.0,5.2388,4.26,4.745,0.0,3.92,100.0,4.9552,4.26,4.62,0.0,3.03,7.1429,1.9661,0.8539,9.0436,3.3081,3.0714,7.1686,19.1429,0.8571,9.0,9.0
500.0,208.0,25.0,5.06,3.48,3.9,5.82,8.32,10.0,11.0,0.0,4.4,1.52,0.2,1.2,0.04,0.16,1.83,0.32,0.0,0.0,85.0,97.65,5.32,7.29,3.61,0.0,2.35,3.51,0.0,0.0,0.0,0.0,6.25,16.83,3.85,0.0,100.0,9.41,3.53,21.18,16.47,10.1,0.48,0.83,100.0,4.3919,4.3919,2.4014,4.81,14.9,100.0,3.8762,3.8762,3.0438,1.18,9.41,100.0,3.6288,3.6288,2.6699,1.79,14.29,100.0,5.8356,4.207,4.8875,3.85,8.17,100.0,5.2522,4.412,4.76,0.0,7.06,100.0,5.0757,4.04,4.72,0.0,10.71,8.32,2.1187,0.9201,7.7689,3.2525,3.9167,7.4041,21.7815,1.12,23.0,11.0577
1020.0,565.0,37.0,10.78,8.87,10.25,10.59,17.06,21.0,26.4,32.35,6.41,2.35,0.912,1.588,0.235,0.353,2.02,1.618,26.47,0.0,254.0,96.46,5.98,8.93,9.8,0.41,3.54,3.14,2.36,2.36,1.97,1.57,5.34,14.48,3.89,0.82,92.13,16.24,3.42,29.92,16.93,14.48,1.21,1.68,98.62,4.2039,4.1459,2.2355,4.48,23.79,98.03,3.665,3.5929,2.4685,3.94,24.8,97.44,3.4525,3.364,2.4093,4.49,27.56,99.83,5.6841,4.16,4.7275,1.03,6.55,98.43,5.0652,4.125,4.6375,2.36,7.48,97.44,4.9153,4.09,4.515,2.56,8.97,15.2703,2.7259,1.1838,10.4584,5.3971,11.1667,11.2081,38.4561,3.5405,112.0,19.823
1110.0,436.0,26.0,12.85,10.22,12.1,12.13,16.96,20.0,23.5,30.77,6.31,2.18,0.846,1.5,0.038,0.538,2.04,1.115,53.85,0.0,163.0,97.55,6.4,9.5,15.72,1.26,2.45,3.05,0.0,1.84,1.23,0.0,13.15,27.21,8.03,3.14,91.41,19.46,6.04,30.06,17.18,22.9,1.36,1.48,94.1,4.1185,3.8757,1.7634,13.61,31.29,98.77,3.4159,3.374,2.0685,8.59,38.65,97.96,3.2832,3.2162,1.8633,11.22,42.86,99.55,5.4993,3.67,4.49,3.85,15.87,98.77,4.8763,3.836,4.44,3.68,15.95,97.96,4.7866,3.74,4.3375,4.08,16.33,16.7692,2.8195,1.2245,11.313,6.0241,12.4,12.7015,44.0628,4.5769,104.0,23.8532
590.0,1474.0,144.0,5.04,3.48,4.83,5.59,8.7,12.0,17.2,6.51,4.13,1.93,0.604,1.302,0.041,0.047,1.59,0.698,46.75,15.38,654.0,97.71,5.09,7.39,2.66,0.16,2.29,4.84,0.0,1.07,1.07,0.0,3.94,6.66,0.54,1.25,93.88,11.4,3.75,17.43,13.3,6.19,0.14,0.99,97.89,4.5572,4.4611,2.6064,5.57,17.13,100.0,3.9321,3.9321,2.4591,5.05,17.89,100.0,3.6205,3.6205,2.2828,7.8,25.08,99.73,5.7837,4.03,4.94,3.06,9.93,100.0,5.1441,4.013,4.7,2.6,9.94,100.0,4.9333,3.72,4.48,3.05,14.58,10.2361,2.3259,1.0101,7.8185,3.4842,6.5714,6.3579,23.4654,1.3542,97.0,6.5807
810.0,546.0,40.0,7.22,5.08,6.45,6.87,12.22,17.0,25.0,17.78,4.96,2.08,1.044,1.178,0.067,0.044,1.81,1.022,28.89,31.11,239.0,96.65,5.1,7.67,3.46,0.0,3.35,4.32,0.0,1.26,1.26,0.0,5.64,12.55,2.93,1.3,92.89,17.12,5.41,13.81,10.04,8.36,0.18,0.6,99.09,4.4099,4.3698,2.7363,4.91,15.82,100.0,3.6555,3.6555,2.5473,6.69,22.18,100.0,3.5513,3.5513,2.7101,3.94,25.2,100.0,5.7161,4.1,4.7525,1.82,9.64,100.0,4.899,3.844,4.4,3.35,12.13,100.0,4.8438,4.152,4.38,0.79,9.45,13.65,2.6137,1.1351,7.7839,3.6772,5.0,8.396,27.9357,1.95,49.0,8.9744
730.0,419.0,39.0,8.69,7.07,6.7,8.23,10.92,14.0,16.6,2.63,5.05,1.81,0.447,1.263,0.079,0.263,1.89,0.763,31.58,0.0,179.0,99.44,6.39,9.13,11.8,3.37,0.56,0.76,0.0,0.0,0.0,0.0,5.3,12.77,2.15,3.93,95.53,19.3,5.26,27.93,19.55,8.67,0.0,2.56,97.11,4.3188,4.1939,2.1841,8.19,24.1,100.0,3.5138,3.5138,2.1683,8.94,29.05,100.0,3.3319,3.3319,1.9447,11.48,36.07,100.0,5.7392,4.11,4.755,3.37,8.67,100.0,5.0809,4.06,4.57,0.56,8.94,100.0,4.9926,3.858,4.4725,0.82,11.48,10.7436,2.3743,1.0311,9.1438,4.6937,4.3636,9.7887,27.9274,1.8462,81.0,19.3317
1090.0,286.0,16.0,12.32,11.14,13.49,13.27,19.27,22.5,27.2,40.0,6.33,2.49,1.0,1.4,0.133,0.533,2.19,1.133,20.0,0.0,111.0,97.3,6.63,9.89,15.74,1.85,2.7,3.57,0.0,1.8,0.9,0.0,4.5,22.49,4.55,4.63,89.19,26.26,19.19,23.42,18.02,16.96,0.35,3.88,97.23,4.1575,4.0425,2.0051,10.03,30.1,99.1,3.1453,3.1169,2.0212,9.91,51.35,98.68,3.0646,3.0243,1.9621,10.53,55.26,99.65,5.5966,3.66,4.45,1.73,13.15,99.1,4.6855,3.64,4.16,1.8,21.62,98.68,4.5788,3.56,3.94,2.63,27.63,17.875,2.8834,1.2522,10.1545,5.7349,12.1667,13.0239,45.847,5.0,69.0,24.1259
720.0,833.0,62.0,6.38,4.78,5.92,5.82,11.58,16.0,22.0,16.44,4.52,2.26,0.849,1.425,0.137,0.082,1.62,0.685,41.1,21.92,361.0,97.23,5.08,7.32,1.14,0.28,2.77,4.67,0.0,0.83,0.83,0.0,3.43,7.1,0.12,1.42,94.46,9.09,1.47,16.62,11.91,4.38,0.0,2.81,97.63,4.7322,4.6202,2.932,3.79,11.24,99.72,4.0477,4.0365,2.932,2.22,11.91,99.45,3.6598,3.6396,2.5366,4.42,19.89,99.88,5.9335,4.524,5.2,3.08,6.27,99.72,5.3011,4.49,4.95,2.22,7.2,99.45,5.0228,3.87,4.73,4.42,11.05,13.4355,2.5979,1.1283,7.6012,3.7968,14.25,7.3596,28.5615,2.0323,87.0,10.4442
570.0,161.0,16.0,6.26,3.36,2.44,3.38,10.19,12.0,13.0,0.0,4.56,1.7,0.5,1.188,0.062,0.125,2.3,0.375,0.0,0.0,77.0,94.81,4.72,6.32,0.0,0.0,5.19,7.14,0.0,1.3,1.3,0.0,3.68,6.13,1.24,0.0,94.81,20.55,5.48,15.58,10.39,6.75,0.0,0.0,96.93,4.4795,4.3421,2.6412,4.29,16.56,98.7,3.6905,3.6426,2.6263,1.3,18.18,97.78,3.4214,3.3453,2.6239,2.22,22.22,100.0,5.7813,4.252,4.74,3.07,6.13,100.0,5.0005,4.066,4.49,1.3,3.9,100.0,4.744,4.03,4.43,2.22,4.44,10.0625,2.3088,1.0027,6.9798,3.3261,5.0,7.6454,16.8948,0.6875,15.0,9.3168
860.0,1179.0,91.0,7.56,6.12,7.58,7.98,11.72,16.75,22.0,15.69,4.63,2.34,0.922,1.755,0.059,0.098,1.64,0.873,51.96,9.8,541.0,95.19,5.22,7.78,4.08,0.78,4.81,4.53,2.96,3.7,3.14,2.59,8.03,9.29,0.68,1.94,91.5,13.33,3.43,14.79,10.17,8.54,0.0,0.71,91.55,4.5481,4.1637,1.2647,12.38,20.25,97.6,3.7931,3.702,2.1903,8.87,20.33,95.42,3.4806,3.3212,1.7039,12.6,25.19,99.41,5.6165,3.64,4.665,5.52,14.98,99.63,4.9709,3.59,4.49,5.36,14.79,99.62,4.7017,3.291,4.2325,8.78,19.08,12.956,2.5616,1.1125,8.8728,4.307,8.8571,8.9352,31.8704,2.4505,149.0,12.6378
450.0,784.0,109.0,3.44,1.78,2.78,4.21,7.19,9.0,10.0,0.0,3.77,1.56,0.385,1.055,0.018,0.055,1.57,0.266,11.01,7.34,368.0,98.91,4.76,6.64,0.82,0.27,1.09,2.84,0.0,0.54,0.54,0.0,3.83,7.02,1.28,0.27,98.37,11.33,1.66,23.37,21.47,7.27,0.0,0.84,99.49,4.5775,4.5541,3.1313,1.02,7.65,100.0,4.102,4.102,3.109,0.82,9.78,100.0,3.855,3.855,2.781,1.6,16.58,100.0,5.8959,4.509,5.1,0.51,4.85,100.0,5.3844,4.448,5.03,0.0,3.53,100.0,5.1796,4.13,4.54,0.0,5.35,7.1927,1.9731,0.8569,6.4504,2.5881,3.4167,5.8097,16.759,0.6881,38.0,4.8469
800.0,1161.0,91.0,7.86,5.58,6.97,7.42,12.18,16.0,25.5,18.75,4.81,2.16,1.354,1.885,0.083,0.062,1.48,0.76,66.67,10.42,515.0,95.53,5.5,8.06,5.08,0.41,4.47,6.81,0.39,2.72,1.36,0.0,5.22,6.42,0.43,3.05,91.46,16.35,5.1,16.89,12.04,5.99,0.09,0.2,97.6,4.5215,4.4132,2.4871,6.42,18.31,99.61,3.7802,3.7656,2.3222,6.8,20.78,99.53,3.3753,3.3593,2.3222,4.74,28.44,99.91,5.7514,3.878,4.76,1.97,12.57,99.81,4.9945,3.844,4.415,3.88,12.62,99.53,4.6784,3.57,4.23,0.95,16.59,12.7582,2.5462,1.1058,8.6078,4.112,3.8333,8.8418,28.2621,1.978,153.0,13.1783
710.0,821.0,71.0,6.62,4.87,5.77,6.62,10.32,16.0,19.1,10.0,4.54,1.96,0.863,1.55,0.062,0.138,1.63,0.55,38.75,11.25,374.0,94.39,5.34,8.2,5.95,0.28,5.61,7.5,1.6,2.14,1.34,0.0,5.93,6.66,0.49,0.28,95.19,14.04,5.62,20.59,15.24,6.17,0.0,0.87,93.46,4.6113,4.3098,2.0511,9.69,19.37,98.4,3.8738,3.8116,2.4304,5.35,20.05,98.36,3.6526,3.5927,2.3728,5.46,22.95,98.79,5.714,3.835,4.8925,3.03,14.53,98.66,5.0396,3.865,4.55,3.21,12.57,98.36,4.9076,3.802,4.515,3.28,15.3,11.5634,2.4478,1.0631,8.4028,3.9464,5.2222,8.2477,26.5451,1.7324,92.0,11.2058
670.0,511.0,45.0,5.64,4.7,5.41,5.99,10.49,14.0,18.0,8.16,4.43,1.97,0.694,1.51,0.102,0.0,1.65,0.898,48.98,10.2,236.0,97.03,4.78,6.51,2.18,0.44,2.97,2.44,2.12,1.27,0.85,0.85,4.86,9.73,1.57,1.31,95.34,6.22,1.33,13.56,11.86,6.81,0.0,1.06,95.72,4.5924,4.3958,2.6653,6.42,14.4,99.15,3.8859,3.853,2.7987,3.81,16.1,98.55,3.6331,3.5805,2.7386,5.8,21.74,99.81,5.7589,4.0,4.785,1.17,9.92,100.0,5.0455,4.12,4.55,2.12,7.2,100.0,4.8291,4.049,4.4225,2.9,8.7,11.3556,2.4297,1.0552,7.537,3.736,6.0,7.1235,25.6413,1.6222,45.0,8.8063
420.0,205.0,24.0,4.39,3.46,3.01,4.7,8.58,8.5,13.1,4.17,4.25,1.67,0.375,1.208,0.042,0.333,1.81,0.25,8.33,4.17,98.0,100.0,5.21,8.56,6.12,0.0,0.0,0.0,0.0,0.0,0.0,0.0,2.91,9.22,2.44,6.12,86.73,10.59,2.35,8.16,6.12,4.85,0.0,1.69,99.03,4.574,4.5296,2.3042,8.25,16.99,100.0,3.877,3.877,1.6021,14.29,23.47,100.0,3.3698,3.3698,1.6021,22.58,37.1,100.0,5.9159,4.115,5.1075,0.49,8.74,100.0,5.1505,3.25,4.63,0.0,13.27,100.0,4.7844,3.25,4.205,0.0,20.97,8.5417,2.145,0.9315,7.1411,3.1341,3.5833,5.7366,14.8831,0.5417,19.0,9.2683
500.0,180.0,21.0,5.21,3.16,4.78,6.56,8.67,11.0,13.0,0.0,4.33,1.7,0.19,1.095,0.048,0.571,1.78,0.476,33.33,4.76,98.0,94.9,5.41,7.64,3.23,0.0,5.1,3.33,5.1,5.1,5.1,5.1,0.0,7.14,2.22,2.15,81.63,15.0,2.5,18.37,16.33,1.1,0.0,3.18,98.9,4.3296,4.282,2.5752,3.3,19.23,94.9,3.6562,3.4696,2.4407,7.14,29.59,92.31,3.294,3.0406,1.9028,10.77,43.08,100.0,5.7014,3.96,4.6325,1.1,13.19,100.0,4.8897,3.87,4.25,2.04,12.24,100.0,4.5491,3.404,4.1,3.08,18.46,8.5714,2.1484,0.9331,8.7986,3.6242,3.9091,6.6551,23.0159,1.2381,24.0,13.3333
860.0,1196.0,88.0,6.84,5.33,5.96,6.11,12.0,16.25,22.1,16.0,4.58,2.2,1.0,1.76,0.09,0.08,1.4,0.86,45.0,8.0,491.0,96.74,5.03,6.98,2.32,0.0,3.26,4.8,1.22,0.61,0.61,0.0,5.42,9.33,1.59,0.42,96.54,9.07,2.32,18.13,15.48,8.83,0.17,0.95,98.83,4.6695,4.615,2.8075,3.17,11.58,99.59,4.0854,4.0687,2.6928,3.46,13.65,99.5,3.6791,3.6606,2.4163,4.02,20.6,99.92,5.8915,4.13,5.16,0.92,6.25,99.8,5.2579,4.09,4.825,1.43,8.15,99.5,4.9373,3.738,4.42,1.01,14.07,13.5909,2.6094,1.1332,7.9677,3.9202,19.0,8.1509,29.3936,2.1477,107.0,8.9465
860.0,1451.0,115.0,9.02,7.3,7.05,8.35,12.44,16.25,18.5,7.76,5.35,1.93,0.828,1.534,0.19,0.19,1.84,0.664,8.62,1.72,613.0,98.21,5.83,8.42,6.98,1.5,1.79,3.12,0.65,0.65,0.33,0.0,8.94,14.76,3.65,1.0,95.76,13.29,6.98,31.32,22.84,12.06,0.07,1.56,98.06,4.3797,4.2947,2.5943,4.09,18.71,100.0,3.7457,3.7457,2.7193,2.94,25.29,100.0,3.5074,3.5074,2.7193,3.9,32.47,99.86,5.7269,4.062,4.8,2.43,9.84,100.0,5.114,3.974,4.66,0.33,14.03,100.0,4.9293,3.95,4.31,0.26,20.52,12.6174,2.5351,1.101,9.1593,4.6332,3.8182,10.3552,30.8807,2.3043,152.0,10.4755
980.0,361.0,25.0,8.66,7.17,8.86,9.67,14.04,18.0,20.0,16.0,5.92,2.02,0.68,1.28,0.12,0.64,1.64,1.52,12.0,0.0,167.0,92.22,5.99,8.06,5.84,0.0,7.78,5.68,7.19,5.99,4.79,4.79,4.27,11.97,2.49,5.84,82.04,13.14,3.65,27.54,22.16,6.84,0.0,1.92,98.86,4.1952,4.1474,1.716,11.4,23.08,98.8,3.3853,3.3448,1.1761,16.77,37.72,100.0,2.9549,2.9549,1.0792,22.94,46.79,100.0,5.7195,3.58,5.03,7.41,12.54,98.8,4.8781,3.184,4.285,8.38,20.36,100.0,4.6072,2.808,3.69,11.01,27.52,14.44,2.67,1.1596,9.2516,4.6379,8.0,9.9844,33.5536,2.76,48.0,13.2964
500.0,101.0,12.0,4.16,4.75,4.93,7.16,8.42,10.25,11.9,0.0,4.67,1.44,0.917,1.417,0.167,0.0,1.71,0.0,8.33,0.0,50.0,100.0,4.6,6.12,2.0,0.0,0.0,0.0,0.0,0.0,0.0,0.0,5.94,12.87,2.97,0.0,100.0,0.0,0.0,18.0,16.0,6.93,0.0,0.0,94.06,4.5624,4.2913,3.0795,5.94,8.91,100.0,4.2558,4.2558,3.7816,0.0,2.0,100.0,4.1274,4.1274,3.6403,0.0,3.23,100.0,5.7522,4.76,5.04,5.94,5.94,100.0,5.5828,5.03,5.43,0.0,0.0,100.0,5.5852,5.33,5.44,0.0,0.0,8.4167,2.1302,0.9251,7.4934,3.303,3.5833,6.8167,22.2781,1.1667,12.0,11.8812
610.0,403.0,39.0,5.72,4.34,5.57,6.48,10.07,14.0,17.0,0.0,4.55,1.94,0.675,1.475,0.05,0.2,1.71,0.65,40.0,2.5,176.0,93.18,5.0,6.89,0.0,0.0,6.82,7.69,2.84,3.41,3.41,2.84,9.43,11.66,0.99,0.61,93.18,9.15,5.49,10.8,10.8,10.42,0.0,0.57,94.04,4.423,4.1596,2.1563,8.93,25.06,98.3,3.7029,3.6398,2.3865,6.82,26.14,96.67,3.2389,3.131,1.8959,12.22,36.67,99.26,5.5161,3.648,4.44,6.45,15.63,98.3,4.8761,3.74,4.4425,3.41,19.32,96.67,4.4087,3.176,3.91,6.67,32.22,10.3333,2.3354,1.0142,8.89,4.1312,4.3,7.3211,28.6956,1.8974,54.0,13.3995
780.0,225.0,20.0,7.34,7.36,6.51,8.2,11.74,14.0,15.4,5.26,5.21,1.89,0.579,1.316,0.263,0.0,1.88,0.526,10.53,0.0,86.0,96.51,6.71,8.56,9.64,3.61,3.49,5.0,0.0,2.33,2.33,0.0,9.42,15.25,0.89,2.41,95.35,12.2,2.44,33.72,23.26,10.31,0.0,3.11,93.27,4.4632,4.163,1.5833,15.25,25.56,100.0,3.5373,3.5373,2.2349,8.14,29.07,100.0,3.2848,3.2848,1.8291,11.11,36.51,100.0,5.8814,3.89,4.875,0.0,12.56,100.0,5.1881,4.24,4.84,0.0,9.3,100.0,5.0316,3.91,4.71,0.0,12.7,11.25,2.4204,1.0512,8.6157,4.4128,4.9091,10.2414,33.9167,2.55,36.0,16.0
710.0,141.0,12.0,8.1,5.48,5.32,6.73,11.67,13.25,14.0,0.0,5.92,1.66,1.417,1.917,0.333,0.0,1.5,0.333,8.33,0.0,68.0,98.53,5.61,7.17,0.0,0.0,1.47,2.38,0.0,0.0,0.0,0.0,0.0,1.43,0.0,0.0,98.53,2.99,0.0,41.18,23.53,0.0,0.0,0.0,100.0,4.7283,4.7283,3.1786,0.0,9.29,100.0,4.0412,4.0412,3.1284,0.0,1.47,100.0,3.8267,3.8267,3.1284,0.0,2.44,100.0,6.1286,4.879,5.4,0.0,0.71,100.0,5.426,4.65,5.11,0.0,1.47,100.0,5.31,4.65,5.11,0.0,2.44,11.75,2.4639,1.07,6.907,3.7156,5.6667,8.8418,23.0975,1.3333,12.0,8.5106
650.0,135.0,11.0,10.24,6.59,5.67,6.88,12.27,13.0,16.0,9.09,5.27,1.97,0.727,1.545,0.0,0.182,1.67,0.455,0.0,0.0,64.0,98.44,5.89,11.18,11.11,7.94,1.56,2.22,0.0,0.0,0.0,0.0,0.0,5.93,2.22,12.7,87.5,10.71,1.79,18.75,15.62,2.96,0.0,0.0,100.0,4.2793,4.2793,1.7815,10.37,19.26,100.0,3.5632,3.5632,1.4173,12.5,20.31,100.0,3.4159,3.4159,1.3979,14.89,23.4,100.0,5.8181,3.732,4.95,0.74,13.33,100.0,5.0883,3.631,4.71,0.0,15.62,100.0,5.0026,3.62,4.71,0.0,17.02,12.2727,2.5074,1.0889,8.3389,4.0346,6.1111,10.4369,27.0875,1.8182,12.0,8.8889
370.0,149.0,19.0,4.75,3.94,4.3,6.19,7.84,9.0,10.2,0.0,4.42,1.5,0.421,1.053,0.105,0.211,1.75,0.0,15.79,5.26,69.0,100.0,4.97,6.55,1.45,0.0,0.0,0.0,0.0,0.0,0.0,0.0,3.36,7.38,2.01,0.0,85.51,3.39,1.69,13.04,11.59,7.38,0.0,0.56,99.33,4.4503,4.4204,2.5622,8.72,20.13,100.0,3.7204,3.7204,1.6021,14.49,24.64,100.0,3.2702,3.2702,1.6021,21.74,34.78,100.0,5.8067,4.262,4.86,2.01,9.4,100.0,5.0742,3.25,4.63,0.0,15.94,100.0,4.7696,3.25,4.3775,0.0,21.74,7.8421,2.0595,0.8944,6.7808,2.8682,3.3846,7.4758,27.3052,1.5263,14.0,9.396
1070.0,740.0,38.0,11.9,9.43,10.38,9.21,18.26,22.0,27.4,38.46,6.1,2.4,1.513,2.051,0.308,1.564,1.87,1.205,20.51,0.0,269.0,97.03,6.4,9.58,13.41,2.3,2.97,5.83,0.74,1.49,1.12,0.74,3.09,14.61,3.65,2.68,90.33,12.76,2.88,37.55,23.42,8.15,0.0,4.5,99.72,4.4833,4.4707,2.4689,5.34,17.7,99.63,3.6259,3.6124,2.3222,7.81,27.14,100.0,3.4531,3.4531,2.3222,7.24,35.53,100.0,6.0563,4.56,5.16,0.42,6.04,100.0,5.186,4.192,4.83,3.72,8.18,100.0,5.1575,4.31,4.39,0.66,6.58,19.4737,2.9691,1.2894,8.6779,5.1537,16.5,12.2092,38.3926,3.6842,80.0,10.8108
510.0,523.0,63.0,4.7,3.31,5.0,6.26,7.97,10.5,13.4,0.0,4.06,1.78,0.522,1.328,0.09,0.03,1.5,0.552,32.84,2.99,233.0,97.85,4.91,6.95,0.88,0.0,2.15,3.79,0.0,0.43,0.0,0.0,5.99,9.36,0.96,2.63,95.71,4.93,1.79,9.44,8.15,6.93,0.0,0.72,95.88,4.661,4.469,2.6191,6.74,14.23,100.0,4.0505,4.0505,2.7024,4.29,16.31,100.0,3.7542,3.7542,2.367,7.96,24.78,100.0,5.8599,4.15,5.13,1.31,7.87,100.0,5.2473,4.15,4.9,2.58,7.73,100.0,5.0484,3.95,4.58,5.31,11.5,8.3016,2.1164,0.9192,7.9429,3.4072,3.0714,7.2006,25.8924,1.4603,41.0,7.8394
1190.0,275.0,16.0,12.69,10.98,12.56,12.45,18.71,23.75,25.7,50.0,6.93,2.41,1.571,1.5,0.286,0.286,2.0,1.286,7.14,14.29,111.0,96.4,6.76,10.85,17.76,4.67,3.6,3.57,1.8,0.9,0.0,0.0,9.92,24.81,5.09,4.67,88.29,17.35,9.18,36.04,18.92,19.85,0.76,3.94,97.71,4.0727,3.9795,2.0459,9.92,25.95,100.0,3.3961,3.3961,2.0569,9.91,30.63,100.0,3.3645,3.3645,1.9283,11.11,33.33,100.0,5.5887,4.106,4.82,3.82,9.92,100.0,4.9589,3.79,4.65,2.7,10.81,100.0,4.9563,4.091,4.6175,1.39,9.72,17.1875,2.8442,1.2352,11.0347,5.7643,11.0,13.2279,44.8239,4.75,64.0,23.2727
1060.0,373.0,21.0,11.72,9.24,9.17,8.66,17.43,21.0,23.0,42.86,6.57,2.16,1.333,1.619,0.143,0.286,1.88,0.905,0.0,0.0,145.0,96.55,5.96,8.25,5.0,0.71,3.45,3.09,2.76,2.07,0.0,0.0,8.2,18.58,4.02,0.0,96.55,17.14,10.0,30.34,17.93,13.11,0.0,2.66,96.72,4.4382,4.2927,2.5575,5.46,21.58,100.0,3.6917,3.6917,2.7193,1.38,27.59,100.0,3.3849,3.3849,2.7193,2.63,40.79,100.0,5.8176,3.95,4.8525,0.55,13.39,100.0,5.1016,3.95,4.63,0.0,18.62,100.0,4.8329,3.95,3.99,0.0,31.58,17.7619,2.8771,1.2495,9.4281,5.4877,11.1667,11.8555,34.3839,2.9524,51.0,13.6729
530.0,311.0,28.0,7.14,5.4,6.34,8.04,10.72,12.0,14.4,3.45,5.0,1.82,0.621,1.207,0.103,0.207,1.65,0.621,20.69,3.45,166.0,93.98,5.28,8.2,6.41,0.0,6.02,8.54,2.41,3.01,3.01,2.41,2.25,3.54,0.96,8.33,78.31,9.23,2.31,15.06,12.65,2.89,0.0,0.56,97.75,4.2154,4.1205,1.7993,14.15,23.79,96.99,3.423,3.3199,1.6623,18.67,32.53,95.73,3.1017,2.9691,1.6661,22.22,39.32,100.0,5.573,3.34,4.64,7.72,17.36,100.0,4.7386,3.165,3.76,9.04,27.11,100.0,4.482,3.182,3.53,8.55,33.33,11.1071,2.4076,1.0456,9.0107,4.0643,4.8,8.634,26.8628,1.75,32.0,10.2894
660.0,706.0,62.0,6.14,4.63,5.66,6.18,10.89,15.0,21.6,13.85,4.4,2.35,0.723,1.785,0.046,0.031,1.55,1.154,58.46,10.77,327.0,96.33,4.81,6.74,2.22,0.32,3.67,5.26,1.22,3.36,2.75,1.22,4.24,3.39,0.14,0.63,92.97,10.86,3.29,15.6,12.23,4.38,0.14,0.33,98.73,4.5829,4.5247,2.651,3.67,12.57,98.78,4.0081,3.959,2.7273,4.28,12.84,97.58,3.7743,3.6828,2.8003,4.24,14.55,100.0,5.7933,4.061,4.9975,2.12,9.6,100.0,5.1249,4.06,4.66,2.14,9.17,100.0,4.9209,4.06,4.63,1.82,9.7,11.3871,2.4325,1.0564,8.2047,3.7358,6.8571,7.3596,25.8347,1.6452,67.0,9.4901
1050.0,485.0,26.0,11.42,8.98,10.82,10.31,17.96,22.0,31.4,33.33,6.78,2.1,1.63,1.704,0.481,0.222,1.7,2.0,14.81,3.7,277.0,99.64,6.25,10.54,17.75,0.36,0.36,0.65,0.0,0.0,0.0,0.0,0.62,4.74,1.24,3.62,97.11,26.77,7.81,28.52,22.38,2.27,0.21,1.24,99.18,4.1406,4.1065,2.0531,8.66,24.54,100.0,3.4012,3.4012,2.0607,7.94,32.85,100.0,3.1636,3.1636,1.9956,10.88,39.9,99.79,5.6861,4.136,4.69,0.82,8.45,100.0,4.9957,4.052,4.55,0.72,8.66,100.0,4.846,3.99,4.41,1.04,10.36,18.6538,2.9261,1.2708,10.1615,5.5616,11.0,11.362,38.4477,3.6923,90.0,18.5567
940.0,445.0,33.0,7.91,6.35,7.13,7.93,13.21,16.0,21.0,15.15,5.42,1.87,1.091,1.394,0.182,0.242,1.87,0.485,30.3,6.06,183.0,96.17,5.71,7.8,6.82,0.57,3.83,2.91,3.28,2.73,2.73,2.19,6.88,17.43,4.94,2.84,80.33,8.84,3.4,16.94,10.38,12.84,0.0,3.68,97.25,4.2061,4.0903,1.6021,14.45,24.08,97.81,3.5138,3.437,1.6021,20.77,31.69,96.52,3.0759,2.969,1.6021,30.43,43.48,99.08,5.5564,3.28,4.67,6.19,15.6,97.81,4.8425,3.25,4.24,3.28,22.4,96.52,4.4923,3.25,3.25,5.22,30.43,13.4848,2.6016,1.1298,9.0956,4.3058,6.3333,9.7256,28.9905,2.0909,60.0,13.4831
1140.0,979.0,57.0,11.0,8.9,9.93,9.66,18.23,22.0,26.9,38.46,6.31,2.39,1.577,1.865,0.269,0.462,1.82,1.654,19.23,1.92,457.0,97.16,6.39,9.8,13.74,3.38,2.84,4.48,1.31,1.31,1.31,0.66,1.69,8.33,2.45,3.15,92.78,15.09,3.54,28.88,15.75,5.17,0.0,2.67,99.68,4.419,4.405,2.548,3.59,16.98,99.78,3.8239,3.8155,2.3838,5.47,19.91,99.64,3.6967,3.6835,2.2344,6.43,24.29,100.0,5.9652,4.56,5.11,0.53,3.48,100.0,5.3092,4.372,4.92,1.09,5.25,100.0,5.2436,4.307,4.88,0.71,5.36,17.1754,2.8435,1.2349,8.827,4.921,11.1667,11.6227,37.5023,3.4912,120.0,12.2574
510.0,207.0,23.0,7.66,4.34,4.55,6.24,8.58,10.25,13.7,4.17,4.04,1.63,0.417,1.208,0.042,0.0,1.35,0.75,0.0,8.33,98.0,97.96,5.58,8.33,4.17,0.0,2.04,3.51,0.0,0.0,0.0,0.0,0.0,3.4,0.48,8.33,86.73,14.12,1.18,22.45,20.41,0.0,0.0,0.41,100.0,4.3194,4.3194,2.1324,8.74,19.9,100.0,3.4671,3.4671,1.9445,12.24,28.57,100.0,3.128,3.128,1.3222,17.65,41.18,100.0,5.7334,3.56,4.8,6.8,15.53,100.0,4.8274,3.6,4.0925,8.16,24.49,100.0,4.5556,2.748,3.89,11.76,35.29,9.0,2.1972,0.9542,8.0495,3.4375,3.4286,8.5878,24.942,1.4348,18.0,8.6957
630.0,607.0,52.0,7.7,5.62,5.84,7.11,11.55,15.0,17.0,7.55,4.96,1.89,0.642,1.151,0.094,0.113,1.79,1.075,11.32,9.43,318.0,96.86,5.42,7.94,3.25,0.0,3.14,4.64,1.57,0.63,0.63,0.0,0.33,5.07,0.99,7.47,82.39,13.36,1.53,22.33,17.61,0.49,0.0,0.84,99.84,4.2272,4.2203,2.2312,9.15,20.1,100.0,3.3958,3.3958,1.7599,12.89,31.13,100.0,3.0643,3.0643,1.4914,18.05,42.44,100.0,5.6546,3.56,4.77,6.37,14.54,100.0,4.7668,3.34,4.15,8.49,23.9,100.0,4.4859,2.72,3.69,11.71,33.17,11.6731,2.4573,1.0672,7.9874,3.7742,5.4,9.0575,26.5001,1.7308,54.0,8.8962
970.0,354.0,25.0,7.7,6.63,8.35,9.16,13.68,16.0,19.2,12.0,5.52,2.01,0.48,1.12,0.04,0.08,1.84,1.52,20.0,0.0,169.0,97.04,6.08,8.5,7.32,0.0,2.96,4.04,1.18,2.37,1.78,1.18,6.43,15.79,5.08,1.83,84.62,18.18,8.39,24.85,17.75,10.23,0.0,1.71,97.95,4.1125,4.0284,2.0441,9.65,24.85,98.22,3.4442,3.383,1.6021,13.02,33.73,98.06,2.9646,2.907,1.6021,19.42,47.57,99.12,5.5603,3.69,4.67,5.85,12.87,98.22,4.8986,3.25,4.36,3.55,15.98,98.06,4.5268,3.25,4.08,4.85,22.33,14.16,2.6504,1.1511,9.736,4.7305,7.5714,8.4881,33.0866,2.68,55.0,15.5367
1040.0,534.0,30.0,11.99,10.6,12.13,11.78,18.55,23.0,31.2,41.38,7.14,2.37,1.172,1.69,0.241,0.345,1.79,1.759,13.79,3.45,247.0,96.76,6.43,9.72,15.06,2.09,3.24,4.91,0.0,0.81,0.81,0.0,7.25,18.4,3.75,2.09,91.09,17.78,4.89,24.7,17.0,10.97,1.67,1.99,96.65,4.1197,3.9819,2.214,9.11,25.46,99.6,3.5777,3.5632,2.1784,9.31,23.48,99.37,3.3963,3.3749,1.8322,11.32,25.79,100.0,5.5881,3.96,4.67,3.16,10.41,100.0,5.0727,3.904,4.6,2.43,11.74,100.0,4.9689,3.588,4.595,2.52,12.58,17.8,2.8792,1.2504,10.7881,6.0383,13.4,12.5161,44.3918,4.7333,134.0,25.0936
830.0,1133.0,84.0,7.34,5.65,6.85,7.21,11.88,18.0,22.5,20.83,4.67,2.23,1.073,1.76,0.156,0.125,1.65,0.875,52.08,8.33,516.0,95.16,5.5,8.17,5.7,1.02,4.84,6.52,1.16,1.16,0.39,0.0,6.32,8.42,0.62,3.05,94.19,14.61,3.5,19.96,14.15,6.49,0.0,0.57,93.77,4.5563,4.2725,1.9364,10.53,18.68,99.81,3.7678,3.7605,2.4013,7.36,21.12,100.0,3.5274,3.5274,2.318,8.02,24.05,99.65,5.7223,3.86,4.79,3.6,13.51,100.0,5.0151,3.835,4.52,3.68,12.79,100.0,4.8519,3.81,4.51,4.64,14.35,13.4881,2.6018,1.13,8.6955,4.3955,5.875,8.2691,28.9338,2.0833,148.0,13.0627
760.0,291.0,29.0,11.3,7.95,7.62,9.55,10.07,12.0,14.0,0.0,5.07,1.98,0.414,1.138,0.069,0.345,1.99,0.586,20.69,0.0,144.0,97.22,5.97,9.01,11.43,2.14,2.78,2.94,1.39,2.78,2.08,1.39,6.85,12.67,2.75,3.57,93.06,14.93,5.97,35.42,24.31,7.88,2.4,4.1,94.18,4.3326,4.0804,1.5145,10.96,21.23,100.0,3.5906,3.5906,2.1363,7.64,24.31,100.0,3.3418,3.3418,2.0719,9.68,29.03,99.66,5.6467,3.611,4.8675,5.82,11.64,100.0,5.1173,3.815,4.79,1.39,11.11,100.0,4.9969,3.73,4.79,2.15,11.83,10.0345,2.306,1.0015,10.4285,4.7363,6.8889,11.2775,37.1822,2.7241,57.0,19.5876
540.0,351.0,39.0,4.06,3.52,4.22,5.76,9.03,11.0,14.2,0.0,4.44,1.7,0.513,1.256,0.026,0.051,1.66,0.333,25.64,2.56,156.0,93.59,4.87,6.39,3.42,2.74,6.41,2.78,6.41,3.85,3.85,3.85,5.4,13.07,1.71,2.74,92.31,7.64,2.78,6.41,5.13,8.81,0.0,0.94,95.45,4.3855,4.1862,1.9355,10.8,15.62,100.0,3.6673,3.6673,2.3273,8.33,18.59,100.0,3.2374,3.2374,0.4771,13.41,25.61,100.0,5.5349,3.458,4.64,8.81,12.78,100.0,4.9272,3.64,4.42,6.41,14.1,100.0,4.5912,2.62,4.335,12.2,18.29,9.0,2.1972,0.9542,7.9517,3.1371,4.5,6.5519,26.3789,1.5641,25.0,7.1225
620.0,1279.0,122.0,7.54,5.35,6.32,7.06,8.82,13.0,19.0,8.9,3.99,2.01,0.685,1.438,0.034,0.096,1.58,0.575,67.81,14.38,545.0,98.17,5.8,9.04,10.09,1.12,1.83,3.14,0.0,0.92,0.73,0.0,4.81,7.76,1.17,2.8,91.01,15.93,4.23,23.49,15.96,7.07,0.08,0.74,95.73,4.638,4.44,2.3822,7.45,16.23,99.82,3.8335,3.8264,2.4434,5.32,21.65,100.0,3.3579,3.3579,2.1652,8.27,29.92,100.0,5.8018,3.9,4.97,1.94,10.33,100.0,5.0758,3.858,4.57,2.57,11.56,100.0,4.784,3.67,4.305,3.54,16.54,10.4836,2.3498,1.0205,8.9095,4.0856,4.9,8.9117,29.1701,1.959,166.0,12.9789
650.0,891.0,83.0,6.63,4.44,5.53,6.6,10.65,14.0,18.7,9.52,4.64,1.93,0.869,1.655,0.048,0.071,1.61,0.893,50.0,5.95,406.0,97.04,5.31,7.74,5.33,0.0,2.96,4.28,0.49,0.74,0.49,0.0,4.36,6.82,1.01,0.51,96.55,18.37,7.14,16.5,14.29,5.03,0.22,0.27,99.89,4.5555,4.5504,2.7694,2.91,14.08,99.75,3.7976,3.7883,2.4778,4.43,21.92,99.5,3.5026,3.4852,2.1931,4.48,28.36,99.89,5.8439,4.14,4.89,0.89,8.04,99.75,5.0062,3.865,4.5,1.72,11.58,99.5,4.7812,3.8,4.39,2.99,15.42,10.7349,2.3735,1.0308,7.6778,3.4916,6.375,8.4498,27.9067,1.8434,95.0,10.6622
870.0,395.0,34.0,9.81,8.48,8.95,11.11,11.34,14.0,16.0,2.86,5.03,1.89,0.914,1.229,0.2,0.343,1.73,0.857,0.0,8.57,212.0,97.64,6.53,10.0,19.32,2.42,2.36,3.96,0.94,0.0,0.0,0.0,3.78,7.05,0.76,6.28,91.98,11.79,1.03,52.36,42.45,3.78,0.25,0.66,97.23,4.1232,4.009,1.7634,11.08,24.94,100.0,3.405,3.405,2.1138,8.49,29.72,100.0,3.2907,3.2907,1.8044,12.41,33.58,100.0,5.6067,3.91,4.74,7.56,10.33,100.0,5.0017,4.01,4.58,4.72,8.96,100.0,4.9084,3.832,4.42,7.3,10.95,11.6176,2.4525,1.0651,9.6893,4.8938,6.4444,10.4607,39.7189,3.2647,63.0,15.9494
870.0,414.0,35.0,9.85,7.35,7.18,8.82,11.71,13.5,17.0,2.86,5.57,1.77,0.771,1.4,0.114,0.229,1.67,0.943,11.43,0.0,192.0,95.31,5.95,8.38,7.1,1.09,4.69,4.41,2.08,0.52,0.52,0.0,6.34,10.49,2.66,2.19,95.83,14.13,3.8,25.52,19.27,7.07,0.0,1.9,95.61,4.3423,4.1517,2.2029,8.29,20.98,99.48,3.5857,3.567,2.5193,5.21,25.0,99.15,3.4034,3.3743,2.1956,7.69,33.33,100.0,5.6776,3.97,4.84,3.66,10.24,100.0,5.0298,4.26,4.585,1.04,7.81,100.0,4.9097,3.778,4.51,0.85,11.11,11.8286,2.4705,1.0729,8.9907,4.7088,5.3,10.4194,36.4663,2.9143,77.0,18.599
560.0,979.0,101.0,4.94,3.64,4.49,5.03,8.71,13.0,16.0,2.68,4.02,1.95,0.732,1.482,0.036,0.071,1.37,0.75,60.71,15.18,424.0,98.11,4.91,7.29,0.72,0.0,1.89,3.24,0.0,0.94,0.94,0.0,6.97,8.41,0.61,0.72,96.93,10.22,2.19,16.98,12.97,7.9,0.0,0.37,96.82,4.6625,4.5142,2.8486,5.33,11.59,99.29,4.0683,4.0395,2.8267,2.83,15.33,98.26,3.6819,3.6176,2.66,5.23,23.26,100.0,5.7933,3.958,5.01,1.33,10.46,100.0,5.2166,4.253,4.7725,1.42,7.55,100.0,4.8741,3.961,4.5075,2.91,12.79,9.6931,2.2714,0.9865,8.1172,3.6288,5.0,6.679,21.4397,1.1386,94.0,9.6016
790.0,1419.0,119.0,8.29,6.45,8.06,8.92,10.38,15.0,18.3,8.7,4.63,2.11,0.783,1.355,0.072,0.036,1.74,0.587,61.59,15.22,664.0,96.69,6.53,9.99,16.04,3.74,3.31,5.04,0.75,1.51,0.75,0.0,3.42,6.49,0.63,3.12,89.61,16.97,4.37,26.36,17.92,7.4,0.63,0.69,96.72,4.3639,4.2207,2.0374,9.01,21.44,99.55,3.5535,3.5374,2.0318,8.43,29.52,99.46,3.2665,3.249,2.0294,8.58,34.58,100.0,5.717,4.03,4.7875,1.89,9.57,100.0,4.9985,3.903,4.5275,2.86,11.14,100.0,4.8851,3.93,4.45,0.8,10.72,11.9244,2.4786,1.0764,9.4579,4.49,7.7143,9.3033,31.868,2.3782,215.0,15.1515
1100.0,180.0,11.0,13.21,10.0,10.01,10.33,16.36,20.5,21.0,36.36,6.45,2.04,0.636,1.727,0.182,0.727,1.86,1.182,9.09,0.0,81.0,97.53,7.16,9.82,22.78,6.33,2.47,3.23,0.0,2.47,1.23,0.0,4.44,11.11,1.11,15.19,81.48,30.3,7.58,32.1,22.22,7.22,0.0,1.49,98.33,4.0597,3.9921,1.4624,15.0,33.89,98.77,3.0143,2.977,1.4624,22.22,45.68,98.25,2.7245,2.6767,1.4624,26.32,56.14,100.0,5.6541,3.566,4.38,3.33,16.11,100.0,4.696,3.06,4.07,6.17,23.46,100.0,4.4395,3.06,3.75,7.02,28.07,16.3636,2.7951,1.2139,10.3255,5.5829,14.2,13.0239,42.4747,4.2727,43.0,23.8889
510.0,202.0,22.0,5.85,3.76,4.31,6.3,9.18,11.75,14.0,4.55,4.55,1.6,0.727,1.455,0.273,0.455,1.58,0.682,9.09,4.55,94.0,100.0,5.83,9.92,13.83,0.0,0.0,0.0,0.0,0.0,0.0,0.0,0.0,0.0,0.0,0.0,100.0,8.51,0.0,25.53,14.89,0.0,0.0,0.0,100.0,4.7273,4.7273,2.7076,1.49,14.36,100.0,3.9994,3.9994,2.7277,0.0,19.15,100.0,3.6814,3.6814,2.525,0.0,20.0,100.0,6.1205,4.69,5.29,0.0,1.49,100.0,5.4179,4.608,5.1,0.0,1.06,100.0,5.1674,4.08,4.84,0.0,2.0,9.1818,2.2172,0.9629,6.9841,3.4534,3.8333,7.3482,27.0036,1.6364,21.0,10.396
800.0,1148.0,99.0,6.24,4.84,6.08,6.61,11.64,17.0,23.0,14.58,4.78,2.11,0.948,1.698,0.083,0.062,1.65,0.979,50.0,10.42,512.0,94.73,5.45,8.55,6.6,0.82,5.27,6.12,1.95,4.1,2.73,1.37,3.58,4.66,0.35,2.68,88.67,18.28,6.39,12.7,9.96,4.3,0.0,0.35,94.9,4.5007,4.271,1.868,10.38,21.22,97.07,3.606,3.5003,2.0871,9.38,29.69,95.08,3.3453,3.1806,2.0778,9.09,37.12,98.84,5.6593,3.45,4.68,6.62,14.5,99.02,4.8074,3.451,4.1775,4.49,20.51,98.11,4.5927,3.45,4.09,4.55,23.86,11.596,2.4507,1.0643,8.8606,4.197,5.875,7.4257,29.9758,2.1313,140.0,12.1951
800.0,1150.0,99.0,6.25,4.84,5.94,6.57,11.65,17.0,23.0,14.58,4.78,2.11,0.948,1.698,0.083,0.062,1.65,0.979,50.0,10.42,512.0,94.73,5.45,8.55,6.6,0.82,5.27,6.12,1.95,4.1,2.73,1.37,3.58,4.65,0.35,2.68,88.67,18.28,6.39,12.7,9.96,4.29,0.0,0.35,94.9,4.5021,4.2726,1.8697,10.38,21.2,97.07,3.606,3.5003,2.0871,9.38,29.69,95.08,3.3453,3.1806,2.0778,9.09,37.12,98.84,5.6595,3.45,4.6825,6.62,14.49,99.02,4.8074,3.451,4.1775,4.49,20.51,98.11,4.5927,3.45,4.09,4.55,23.86,11.6162,2.4524,1.0651,8.881,4.1969,5.875,7.4257,29.964,2.1313,139.0,12.087
870.0,529.0,45.0,8.48,7.06,6.49,7.94,11.82,14.0,16.0,4.55,5.61,1.84,0.523,1.341,0.159,0.273,1.87,0.614,13.64,0.0,252.0,98.41,6.14,8.61,6.85,1.61,1.59,2.07,0.79,0.4,0.4,0.0,6.15,12.5,2.65,2.42,97.62,13.82,2.03,23.41,18.25,9.42,0.77,2.47,96.92,4.3029,4.1705,2.3865,7.12,22.5,100.0,3.5303,3.5303,2.4238,4.37,30.95,100.0,3.3769,3.3769,2.49,5.45,38.18,97.5,5.6636,4.11,4.8475,2.69,6.92,100.0,5.0455,4.05,4.4,0.4,4.37,100.0,4.9623,4.05,4.31,0.0,5.45,11.7556,2.4643,1.0702,9.3536,4.5287,5.3333,9.8885,30.8482,2.2444,77.0,14.5558
780.0,504.0,41.0,8.49,7.37,7.43,8.92,11.88,14.5,18.0,4.65,5.3,1.85,0.488,1.07,0.163,0.233,1.81,0.581,9.3,13.95,221.0,96.38,5.75,8.61,8.92,0.0,3.62,5.08,1.81,1.36,1.36,0.9,4.7,12.52,2.78,4.23,91.4,13.37,5.45,20.36,14.03,9.98,0.0,1.7,100.0,4.2648,4.2648,2.1303,8.61,22.31,100.0,3.5327,3.5327,2.2095,6.79,27.6,100.0,3.2757,3.2757,2.1732,9.15,36.6,100.0,5.7446,3.91,4.84,3.13,11.94,100.0,4.9873,3.6,4.57,4.98,14.03,100.0,4.815,3.4,4.2,7.19,18.3,12.2927,2.509,1.0896,8.2877,4.4151,6.5,9.9821,31.1419,2.3171,58.0,11.5079
1200.0,873.0,43.0,13.62,11.56,12.83,11.51,19.77,25.25,29.7,50.0,6.45,2.41,1.0,1.705,0.136,0.795,1.9,2.432,36.36,4.55,414.0,90.82,6.56,9.79,16.22,1.33,9.18,6.9,6.04,7.25,6.76,5.56,3.33,8.85,2.18,2.13,88.16,22.74,7.4,35.51,18.84,5.06,0.23,1.48,95.63,4.2521,4.0664,1.9085,10.57,26.44,94.2,3.3786,3.1827,1.7614,12.08,35.75,91.84,3.2027,2.9415,1.4799,14.18,41.84,96.9,5.5835,3.759,4.61,5.98,12.76,95.17,4.6884,3.533,4.42,6.04,14.98,93.26,4.4855,3.303,4.41,8.16,17.02,20.3023,3.0107,1.3075,10.0334,6.056,11.6667,13.4371,48.8247,5.7907,177.0,20.2749
990.0,747.0,47.0,10.86,8.95,9.66,9.97,16.02,19.0,24.0,17.39,5.93,2.26,0.783,1.5,0.13,0.565,1.8,1.587,15.22,2.17,325.0,97.23,6.34,9.23,11.71,1.27,2.77,4.55,0.0,1.85,0.92,0.0,7.19,14.38,4.15,4.11,84.31,16.42,5.47,27.38,18.46,10.85,0.14,1.38,96.74,4.1881,4.0517,1.7126,11.8,25.78,99.38,3.3553,3.3347,1.6021,16.0,35.38,99.53,3.0447,3.0304,1.6021,20.66,44.6,99.86,5.6382,3.824,4.73,4.34,12.08,99.69,4.8814,3.25,4.24,2.46,18.77,100.0,4.6554,3.25,4.08,3.29,23.47,15.8936,2.7659,1.2012,9.6036,5.2329,7.5714,11.3361,37.0449,3.3617,127.0,17.0013
510.0,210.0,27.0,9.59,5.48,7.02,9.5,7.78,9.0,10.4,0.0,4.19,1.57,0.37,1.296,0.148,0.074,1.47,0.556,0.0,0.0,125.0,95.2,6.08,12.93,17.65,11.76,4.8,4.0,4.0,2.4,2.4,1.6,0.0,4.76,0.48,16.81,77.6,12.37,1.03,14.4,8.0,0.48,0.0,1.59,100.0,3.8606,3.8606,0.8451,14.76,26.67,100.0,3.0701,3.0701,0.301,23.2,40.0,100.0,2.6149,2.6149,0.301,29.89,51.72,100.0,5.3192,2.593,4.455,13.33,19.52,100.0,4.5498,2.33,3.76,18.4,32.0,100.0,4.1768,2.33,3.23,22.99,40.23,7.7778,2.0513,0.8909,9.9623,4.3519,4.4167,9.7256,32.0635,1.8889,35.0,16.6667
670.0,268.0,30.0,6.56,5.55,4.92,6.96,8.93,10.75,12.0,0.0,4.57,1.54,0.367,1.133,0.067,0.167,1.74,0.467,3.33,0.0,127.0,96.06,5.72,8.04,4.1,0.0,3.94,2.7,3.15,3.15,3.15,3.15,7.09,6.72,1.12,0.0,92.91,21.19,4.24,21.26,13.39,7.46,0.0,0.32,97.76,4.1748,4.0814,1.927,15.3,27.99,96.85,3.5849,3.472,1.9777,11.81,32.28,95.35,3.2912,3.1381,1.9777,16.28,44.19,100.0,5.5926,3.513,4.5,8.21,18.66,100.0,4.9491,3.838,4.29,3.15,11.81,100.0,4.6786,3.7,4.11,4.65,15.12,8.9333,2.1898,0.951,8.8519,4.0882,3.9167,8.3441,26.8438,1.6,28.0,10.4478
760.0,1726.0,163.0,7.9,6.01,6.44,8.08,10.42,14.0,16.0,4.85,4.67,1.98,0.455,1.206,0.079,0.291,1.78,0.861,12.12,4.85,734.0,95.78,6.15,8.89,9.53,1.28,4.22,4.38,2.04,1.77,1.63,1.23,5.29,12.62,2.61,1.56,88.96,20.83,7.04,18.94,13.22,8.2,0.23,2.41,96.8,4.3506,4.2114,2.1997,8.26,21.47,99.59,3.5215,3.5071,2.1967,7.08,29.02,99.29,3.3248,3.3012,2.0867,8.29,33.41,99.71,5.6775,3.766,4.71,4.19,12.16,99.59,4.8572,3.71,4.35,2.32,14.71,99.29,4.7042,3.541,4.225,3.08,17.06,10.589,2.3598,1.0249,9.1567,4.1706,5.1,9.2152,30.6353,2.1227,253.0,14.6582
950.0,1872.0,132.0,9.22,7.45,8.32,8.93,13.84,18.5,24.6,20.74,5.36,2.23,0.785,1.452,0.148,0.326,1.83,1.156,14.81,5.19,803.0,95.89,6.14,8.85,9.09,1.17,4.11,4.6,1.74,1.87,1.49,1.0,5.24,12.31,2.67,1.69,88.79,22.02,7.01,17.93,12.45,8.08,0.21,2.28,96.84,4.3419,4.2048,2.1703,8.29,21.67,99.5,3.5075,3.49,2.1847,7.35,29.51,99.35,3.321,3.2995,2.0913,8.21,33.69,99.68,5.6742,3.748,4.71,4.23,12.31,99.63,4.8447,3.7,4.31,2.74,14.94,99.35,4.7042,3.542,4.225,3.24,17.06,14.1818,2.652,1.1517,9.3165,4.7084,6.875,10.0547,34.8015,2.9242,285.0,15.2244
1120.0,520.0,27.0,14.09,10.85,11.29,10.22,19.59,26.0,31.2,51.85,6.85,2.23,1.407,2.0,0.296,0.0,1.78,1.704,37.04,0.0,262.0,93.13,6.66,9.88,19.26,3.69,6.87,6.67,3.82,3.82,3.44,3.05,5.48,5.48,1.15,2.46,91.22,21.76,6.28,37.79,24.43,7.56,3.78,0.33,98.68,4.1862,4.1308,2.0607,7.18,27.22,97.71,3.409,3.3309,2.0021,9.92,35.11,97.02,3.1607,3.0666,1.7898,11.9,42.26,99.81,5.7179,4.06,4.76,0.76,7.37,99.62,5.0065,3.922,4.65,0.76,10.69,100.0,4.901,3.881,4.5375,0.6,11.31,19.2593,2.958,1.2846,10.847,6.1511,11.5,13.4426,43.6823,4.7037,123.0,23.6538
920.0,609.0,48.0,9.61,7.34,8.29,9.72,12.93,14.75,18.5,4.35,5.63,2.01,0.739,1.348,0.087,0.261,1.91,0.696,8.7,0.0,247.0,99.6,6.67,9.68,18.29,0.81,0.4,0.59,0.0,0.4,0.4,0.0,6.39,19.83,5.09,0.41,91.5,26.55,5.31,33.6,26.32,16.13,0.17,2.41,99.33,4.1682,4.1401,2.2041,6.39,26.89,100.0,3.4543,3.4543,2.2041,5.67,34.01,100.0,3.245,3.245,2.1904,4.73,40.54,100.0,5.6897,3.92,4.725,1.01,10.76,100.0,4.9947,3.92,4.49,2.83,12.55,100.0,4.87,3.92,4.32,1.35,14.19,12.6875,2.5406,1.1034,9.6328,4.845,7.375,10.5502,36.1686,2.9792,117.0,19.2118
1100.0,578.0,37.0,10.95,8.47,10.38,10.53,16.11,20.25,23.5,36.11,6.42,2.18,0.778,1.194,0.083,0.222,2.11,1.417,33.33,19.44,275.0,98.18,6.65,10.02,16.67,2.96,1.82,2.51,0.0,0.36,0.36,0.0,6.21,15.17,3.29,2.96,95.27,25.19,6.87,31.64,23.64,11.38,3.79,1.53,95.86,4.036,3.869,2.0824,9.31,32.07,100.0,3.3042,3.3042,2.1743,6.55,34.91,100.0,3.1924,3.1924,2.1523,7.92,37.62,99.83,5.5662,3.929,4.6175,0.86,11.55,100.0,4.9396,3.964,4.545,0.73,10.18,100.0,4.8764,3.947,4.5425,0.99,10.4,15.6216,2.7487,1.1937,11.2682,5.3925,6.75,11.0982,37.4209,3.4054,128.0,22.1453
740.0,246.0,21.0,9.73,7.88,6.9,8.43,11.62,15.0,16.0,0.0,4.24,2.37,0.143,0.476,0.048,0.0,3.38,0.0,4.76,52.38,50.0,8.0,7.56,10.0,25.0,0.0,92.0,88.57,50.0,92.0,72.0,34.0,69.67,30.33,8.94,0.0,6.0,33.33,0.0,4.0,4.0,72.95,0.0,0.35,45.9,2.6943,1.2367,0.0,63.11,84.84,22.0,2.5279,0.5561,0.0,86.0,94.0,21.05,2.3853,0.5022,0.0,86.84,94.74,79.92,2.6687,0.0,1.31,56.56,70.08,82.0,2.0866,0.0,1.31,80.0,92.0,81.58,2.0492,0.0,1.31,78.95,94.74,11.7143,2.4608,1.0687,19.7508,6.1265,6.25,10.2904,32.446,2.4286,66.0,26.8293
1050.0,481.0,35.0,11.98,10.43,12.24,14.17,13.74,16.5,19.6,11.43,5.54,1.98,0.714,1.343,0.143,0.571,2.29,0.743,14.29,2.86,278.0,96.76,6.84,10.22,20.07,2.97,3.24,4.17,1.8,0.72,0.36,0.0,2.49,7.69,1.25,3.35,91.37,26.77,9.84,46.4,29.5,4.99,1.04,2.32,97.71,3.9342,3.8442,1.9777,10.19,34.1,99.64,3.2385,3.2269,1.8352,12.23,36.33,100.0,3.1995,3.1995,2.0455,10.0,34.0,100.0,5.575,4.02,4.69,2.08,8.94,100.0,4.9682,3.94,4.5,0.36,11.51,100.0,4.9757,4.1,4.5375,0.0,7.5,13.7429,2.6205,1.1381,10.6538,5.7984,12.3333,11.8733,45.9674,4.4286,107.0,22.2453
890.0,566.0,45.0,10.19,8.31,8.63,10.26,12.84,16.25,20.7,15.91,5.3,1.97,1.159,1.5,0.205,0.227,1.78,0.818,20.45,2.27,301.0,95.35,6.33,9.79,16.03,1.39,4.65,4.32,2.33,3.32,2.99,2.33,3.89,7.08,1.41,1.05,92.03,22.74,5.42,23.92,15.61,6.02,0.0,0.92,96.28,4.2843,4.1251,2.176,8.5,23.54,100.0,3.605,3.605,2.1553,6.64,27.91,100.0,3.2724,3.2724,2.0086,9.04,37.29,96.64,5.5491,3.978,4.69,4.07,10.62,100.0,5.0871,4.04,4.44,2.66,9.3,100.0,4.8656,3.9,4.23,3.95,11.86,12.5778,2.5319,1.0996,8.8913,4.5421,6.2222,10.6019,37.1361,3.0889,90.0,15.9011
400.0,101.0,14.0,2.89,3.7,4.19,6.4,7.21,8.75,10.0,0.0,4.14,1.33,0.286,0.857,0.0,0.0,1.71,0.286,0.0,21.43,60.0,100.0,5.71,9.28,20.0,0.0,0.0,0.0,0.0,0.0,0.0,0.0,2.97,8.91,3.96,0.0,80.0,10.42,0.0,26.67,23.33,6.93,0.0,0.87,100.0,3.9047,3.9047,1.9085,14.85,35.64,100.0,3.377,3.377,1.9085,20.0,30.0,100.0,3.1168,3.1168,1.9085,29.27,41.46,100.0,5.4881,3.65,4.38,0.0,14.85,100.0,4.9415,3.65,4.3525,0.0,20.0,100.0,4.74,3.65,3.65,0.0,29.27,7.2143,1.9761,0.8582,9.7788,3.8146,2.6429,4.6559,18.1054,0.7857,10.0,9.901
890.0,467.0,34.0,9.35,7.53,7.56,8.4,13.29,15.0,18.6,8.57,5.89,1.93,0.686,1.257,0.086,0.171,1.93,0.686,0.0,5.71,217.0,96.31,6.27,8.84,9.09,0.48,3.69,3.36,1.84,1.84,1.84,0.0,5.16,11.4,1.5,2.87,94.01,20.1,3.92,24.88,17.97,6.02,0.0,3.67,95.05,4.3602,4.1446,2.1584,8.82,23.01,98.62,3.5861,3.5365,2.3178,6.45,29.95,97.69,3.2064,3.1324,2.0707,10.0,43.08,97.63,5.611,3.84,4.79,4.95,12.47,99.08,4.9565,3.932,4.34,1.84,12.44,98.46,4.6195,3.556,4.1875,3.08,19.23,13.7353,2.62,1.1378,9.0514,4.7093,6.0,9.9169,31.9366,2.5,83.0,17.773
920.0,509.0,35.0,9.43,7.45,9.24,10.18,14.6,18.0,23.6,22.86,6.0,2.07,1.2,1.771,0.143,0.171,1.58,1.543,22.86,2.86,265.0,98.49,5.87,9.21,10.73,0.38,1.51,1.84,0.75,0.38,0.38,0.0,1.57,8.02,1.96,6.13,92.45,18.78,1.63,26.79,18.11,2.74,0.2,1.97,99.8,4.1734,4.1653,2.3522,6.07,25.44,100.0,3.429,3.429,2.1673,9.06,28.3,100.0,3.1151,3.1151,1.9754,11.05,34.88,99.8,5.661,3.82,4.69,2.54,11.15,100.0,4.8885,3.908,4.3,4.15,10.94,100.0,4.653,3.64,4.3,4.65,14.53,14.5429,2.6771,1.1626,9.9107,4.7312,4.5,10.4831,36.5468,3.2,94.0,18.4676
1130.0,1110.0,71.0,11.73,9.91,10.79,11.52,16.78,22.0,26.0,30.77,6.77,2.06,0.954,1.585,0.262,0.308,1.89,1.138,15.38,0.0,472.0,96.61,7.3,11.0,28.51,2.41,3.39,4.56,1.27,1.27,0.85,0.0,7.42,14.94,3.15,5.04,89.19,34.44,7.6,40.89,22.67,12.65,0.46,1.19,96.52,4.099,3.9562,1.8062,11.82,29.7,99.58,3.2678,3.2539,1.9527,11.44,39.41,99.35,3.2201,3.1994,1.7993,13.23,40.65,100.0,5.6073,3.88,4.715,4.49,12.01,100.0,4.9016,3.828,4.45,2.33,13.56,100.0,4.9123,3.808,4.46,2.58,12.26,15.6338,2.7494,1.1941,10.5715,5.7163,8.0,11.8379,40.4987,3.8873,221.0,19.9099
890.0,597.0,43.0,7.09,6.17,7.94,8.28,13.57,18.25,23.1,15.91,5.27,2.26,1.068,1.545,0.136,0.0,1.63,1.364,29.55,4.55,287.0,94.77,5.47,7.84,4.78,0.74,5.23,8.24,0.0,4.53,3.83,0.0,3.52,4.52,0.84,2.21,86.41,17.74,7.66,12.89,9.41,3.85,0.34,0.94,96.15,4.3578,4.1899,2.209,8.21,20.94,96.52,3.5792,3.4545,2.1707,9.76,29.27,94.77,3.2766,3.1051,1.8101,11.63,38.95,97.15,5.5221,3.57,4.67,5.86,13.74,97.56,4.7476,3.546,4.18,5.57,18.47,95.93,4.4784,3.377,4.0025,8.14,25.0,13.8837,2.6307,1.1425,8.3718,4.0067,7.2857,8.1337,30.8016,2.3488,65.0,10.8878
1100.0,1307.0,81.0,13.83,11.19,12.67,13.4,16.62,19.0,25.2,21.52,6.42,2.2,1.203,1.835,0.241,0.253,1.82,1.722,24.05,2.53,703.0,95.16,6.89,10.21,22.87,1.79,4.84,7.72,2.13,1.71,1.28,0.43,2.51,4.65,1.07,2.99,94.03,25.72,6.2,55.19,32.86,4.34,0.0,0.96,98.71,4.1324,4.0789,2.0253,7.84,26.81,99.86,3.4181,3.4132,2.2106,8.82,32.01,99.78,3.354,3.3466,2.144,9.78,33.78,99.92,5.6878,4.114,4.79,1.9,6.25,100.0,5.0646,4.16,4.59,0.85,7.82,100.0,5.073,4.146,4.7025,1.11,8.89,16.1358,2.781,1.2078,10.7673,6.1146,8.8571,13.3641,47.1993,5.0123,270.0,20.658
980.0,691.0,51.0,12.37,10.02,10.09,11.67,13.58,16.0,19.1,10.0,5.8,1.9,0.68,1.3,0.22,0.16,1.83,0.96,8.0,2.0,296.0,97.3,7.22,10.33,22.57,4.51,2.7,2.38,1.35,2.36,1.01,0.0,6.92,16.2,3.91,4.17,90.88,27.51,6.69,35.47,22.3,13.25,0.44,2.15,99.26,4.095,4.0649,2.2274,7.22,28.42,98.31,3.3492,3.2927,2.1267,8.78,35.81,99.49,3.2267,3.2101,2.0197,9.74,37.95,100.0,5.6707,3.91,4.695,2.21,11.49,100.0,4.9111,3.96,4.5,4.73,11.15,100.0,4.8823,3.924,4.42,5.13,12.82,13.549,2.6063,1.1319,10.821,5.5995,7.375,12.3545,43.5056,4.0588,163.0,23.589
1020.0,523.0,33.0,10.01,8.57,10.56,11.31,15.85,20.0,26.0,30.3,6.27,2.24,0.758,1.394,0.303,0.303,1.83,1.485,9.09,6.06,247.0,96.76,6.67,10.75,22.59,1.26,3.24,4.76,0.81,2.83,2.43,0.81,2.87,13.58,4.21,11.72,83.0,22.44,2.93,36.84,22.27,8.03,0.19,0.97,98.85,4.0352,3.9889,1.6628,13.19,29.06,97.98,3.1243,3.0611,0.7782,19.43,42.11,97.8,2.8878,2.8243,0.7782,24.18,47.8,99.43,5.5966,3.49,4.63,5.54,13.38,99.6,4.7147,3.04,4.29,4.86,20.24,100.0,4.5409,3.04,3.98,6.04,25.82,15.8485,2.7631,1.2,9.6457,5.2935,4.6,11.2081,43.9556,4.4545,90.0,17.2084
1000.0,1123.0,75.0,10.98,10.13,10.96,11.95,15.18,17.0,21.7,14.86,6.43,2.02,1.095,1.622,0.189,0.351,1.85,0.959,25.68,0.0,513.0,97.66,6.5,9.5,15.37,0.8,2.34,3.69,0.39,1.95,1.36,0.39,4.19,16.38,5.08,2.0,93.37,18.58,5.64,41.52,27.29,10.15,0.0,0.61,98.75,4.1179,4.0665,2.3243,7.21,23.86,99.61,3.5085,3.4948,2.2195,7.21,27.88,99.69,3.3086,3.2985,2.1212,8.56,30.58,100.0,5.6581,4.26,4.8,2.05,7.48,99.81,5.0907,4.16,4.68,0.97,8.19,100.0,5.0053,4.178,4.655,1.22,7.95,14.9733,2.7063,1.1753,10.369,5.5233,11.0,12.1497,42.3108,4.0933,223.0,19.8575
430.0,161.0,25.0,4.32,3.41,2.36,3.49,6.19,7.75,9.5,0.0,3.54,1.41,0.308,1.0,0.0,0.0,1.51,0.115,19.23,7.69,79.0,96.2,4.67,6.64,3.95,0.0,3.8,5.26,0.0,3.8,3.8,0.0,9.94,11.18,0.62,1.32,87.34,7.25,0.0,15.19,11.39,9.94,0.0,1.0,96.89,4.4111,4.2741,2.4533,6.21,21.12,96.2,3.9591,3.8087,2.3527,10.13,20.25,93.62,3.6619,3.4282,1.8624,14.89,23.4,99.38,5.6122,3.87,4.67,2.48,14.29,98.73,5.0609,3.848,4.63,5.06,11.39,97.87,4.7306,3.46,4.485,8.51,14.89,6.44,1.8625,0.8089,7.7808,3.3495,2.2353,6.5567,14.5145,0.52,18.0,11.1801
520.0,1341.0,168.0,5.22,3.23,4.79,5.42,6.69,9.0,13.0,1.49,3.55,1.73,0.468,1.229,0.015,0.06,1.49,0.463,62.69,12.94,589.0,98.13,5.17,7.53,3.63,0.0,1.87,3.58,0.0,1.19,1.19,0.0,6.99,8.4,0.67,2.25,92.19,16.76,3.68,14.94,11.54,7.58,0.0,0.47,94.94,4.548,4.3181,2.0877,8.55,19.33,99.66,3.8357,3.8227,2.5069,6.96,23.77,99.19,3.3407,3.3136,2.0085,10.12,36.84,99.93,5.7156,3.96,4.72,2.01,12.27,99.83,5.0173,3.93,4.5,2.55,12.9,99.6,4.6198,3.52,4.18,3.64,20.24,7.9821,2.0772,0.9021,8.3184,3.5293,3.75,6.9966,22.2252,1.1369,118.0,8.7994
1090.0,549.0,28.0,11.34,9.23,10.53,8.95,19.07,26.0,33.2,37.93,5.72,2.54,1.034,1.966,0.345,0.276,2.0,1.586,37.93,6.9,244.0,95.9,6.06,9.26,11.54,1.71,4.1,4.68,1.23,2.46,1.23,0.0,5.06,9.95,2.19,5.56,88.93,13.36,2.76,18.03,11.89,9.4,0.0,1.38,97.47,4.3074,4.1983,2.2002,8.5,22.78,99.18,3.5415,3.5125,1.9531,10.66,29.1,100.0,3.3379,3.3379,1.8313,10.91,33.33,100.0,5.6749,3.732,4.87,3.8,11.75,99.59,5.0031,3.713,4.6575,4.1,12.3,100.0,4.9239,3.72,4.57,3.64,12.12,19.6071,2.9759,1.2924,9.4409,5.5147,16.0,11.0626,36.0006,3.2143,93.0,16.9399
490.0,201.0,25.0,4.21,2.05,3.12,4.84,7.77,8.75,12.0,0.0,4.04,1.53,0.462,1.154,0.038,0.154,1.59,0.538,0.0,3.85,120.0,99.17,4.75,6.82,1.68,0.0,0.83,1.37,0.0,0.0,0.0,0.0,0.0,1.49,0.0,0.0,96.67,11.21,3.45,13.33,12.5,0.99,0.0,0.43,100.0,4.3088,4.3088,2.9915,3.47,10.4,100.0,3.7778,3.7778,2.9742,0.83,10.83,100.0,3.4938,3.4938,2.7938,1.25,15.0,100.0,5.6938,4.328,4.6,0.0,6.93,100.0,5.0738,4.362,4.63,0.0,7.5,100.0,4.8411,3.98,4.53,0.0,11.25,8.04,2.0844,0.9053,9.0629,2.7856,2.1875,5.9278,16.4977,0.68,17.0,8.4577
750.0,279.0,25.0,7.19,6.02,6.32,7.85,11.12,13.0,17.6,4.0,5.44,1.85,0.92,1.36,0.08,0.24,1.64,0.68,12.0,4.0,125.0,97.6,6.04,8.9,9.84,0.0,2.4,1.05,2.4,0.0,0.0,0.0,1.8,14.39,3.23,9.02,88.0,18.18,2.73,21.6,16.0,5.76,0.72,0.3,99.64,4.29,4.2746,1.7559,11.87,20.14,100.0,3.6312,3.6312,1.7993,12.8,27.2,100.0,3.1185,3.1185,1.2553,21.43,42.86,99.64,5.7687,3.735,4.9075,0.72,12.59,100.0,5.0982,3.37,4.43,0.0,14.4,100.0,4.7997,3.26,4.14,0.0,22.86,11.16,2.4123,1.0477,8.944,4.2928,4.5,9.066,28.3643,1.92,44.0,15.7706
1100.0,576.0,32.0,12.13,9.07,10.51,9.67,18.68,22.5,27.0,41.94,6.61,2.21,1.226,1.677,0.258,0.258,2.02,1.839,51.61,6.45,299.0,95.65,6.17,9.11,11.19,1.75,4.35,4.44,1.67,2.34,1.67,1.0,1.9,5.53,1.22,6.29,81.61,27.46,8.2,17.73,9.7,5.01,0.0,1.44,99.48,4.0646,4.0436,1.9074,12.95,28.32,98.66,3.1419,3.0999,1.7588,18.06,41.81,98.55,2.9565,2.9137,1.5789,21.74,46.86,100.0,5.5188,3.558,4.35,4.49,18.48,99.67,4.5326,3.29,3.89,7.36,29.1,100.0,4.3825,3.16,3.71,8.21,33.33,18.0,2.8904,1.2553,10.0119,5.3777,13.4,12.1617,39.0069,3.7812,109.0,18.9236
810.0,1275.0,92.0,6.8,5.11,5.55,5.48,13.68,20.75,25.7,26.6,5.24,2.24,1.17,1.851,0.053,0.043,1.68,0.787,53.19,3.19,531.0,97.93,5.22,7.19,3.85,0.19,2.07,3.86,0.38,0.75,0.38,0.0,3.73,7.39,1.18,0.38,98.12,11.52,2.88,20.72,15.44,6.92,0.23,1.02,99.07,4.7158,4.6718,2.9177,3.27,10.73,100.0,4.0444,4.0444,2.8254,2.07,14.69,100.0,3.6895,3.6895,2.6033,3.79,19.31,99.77,5.965,4.24,5.21,1.09,6.77,100.0,5.3375,4.21,4.91,0.19,5.65,100.0,5.113,4.2,4.59,0.34,7.24,13.8587,2.6289,1.1417,7.6429,3.9465,6.0,7.704,26.4861,1.75,117.0,9.1765
1100.0,536.0,32.0,11.92,10.16,11.35,11.36,18.34,22.0,32.4,37.93,6.17,2.6,0.931,1.759,0.241,0.276,2.08,1.207,34.48,3.45,207.0,94.2,6.57,10.22,17.95,3.08,5.8,6.94,1.93,3.38,1.93,0.97,4.89,18.23,4.66,4.62,87.44,16.57,8.29,29.47,14.49,17.86,0.0,2.76,98.5,4.2424,4.1786,2.1206,6.58,24.62,99.03,3.5149,3.481,2.1172,9.18,30.92,98.4,3.3226,3.2694,1.8964,10.4,32.8,100.0,5.7561,3.982,4.7975,1.88,10.15,99.03,5.0613,3.85,4.56,2.42,11.11,98.4,4.9383,3.898,4.55,2.4,11.2,16.75,2.8184,1.224,10.1529,5.7198,10.8333,12.1617,41.5634,4.1562,122.0,22.7612
900.0,399.0,32.0,9.6,7.85,9.25,10.97,12.44,14.0,17.9,9.38,4.84,1.96,0.469,1.312,0.0,0.25,1.95,1.25,18.75,6.25,184.0,96.74,6.47,9.64,14.04,2.25,3.26,2.36,2.17,3.26,3.26,2.17,6.53,10.55,2.26,3.93,78.8,14.48,4.14,32.07,22.83,8.04,0.0,0.65,94.97,4.2088,3.9973,1.5798,14.57,26.38,97.83,3.4143,3.3401,1.7634,15.76,34.78,96.92,3.1337,3.0373,1.5476,21.54,42.31,97.49,5.5027,3.477,4.7025,7.29,14.57,100.0,4.8653,3.52,4.2725,5.43,15.76,100.0,4.6543,3.475,4.14,7.69,20.77,12.4688,2.5232,1.0958,10.1119,5.0542,6.875,10.1258,40.5389,3.5,68.0,17.0426
1030.0,576.0,42.0,12.57,9.75,11.23,13.05,13.57,16.0,19.0,9.52,5.55,1.98,0.5,1.405,0.143,0.429,1.96,0.952,16.67,2.38,261.0,95.79,7.43,10.33,24.8,2.0,4.21,5.36,1.53,3.45,3.07,0.77,3.68,13.86,1.74,2.4,84.67,30.77,6.33,45.98,30.65,5.26,0.18,2.91,96.84,4.03,3.9027,1.6502,15.79,34.74,98.47,3.0864,3.0391,1.7634,19.16,49.43,98.39,2.9335,2.8862,1.7634,20.43,53.76,99.12,5.5337,3.615,4.42,5.09,18.07,98.85,4.6851,3.5,4.02,3.83,24.52,98.92,4.6006,3.495,3.92,4.84,27.42,13.7143,2.6184,1.1372,10.9507,5.7588,8.1429,12.2899,47.3948,4.619,129.0,22.3958
1140.0,577.0,33.0,13.65,10.86,12.83,13.0,17.58,24.0,27.4,39.39,6.3,2.4,1.091,1.576,0.152,0.121,1.9,1.545,30.3,6.06,315.0,97.78,6.86,10.78,18.83,1.62,2.22,2.76,0.63,0.32,0.32,0.0,2.07,7.76,2.08,2.6,86.98,25.55,4.74,32.38,17.46,3.45,0.52,1.32,99.14,4.1248,4.0892,2.1984,7.93,25.34,99.68,3.3776,3.3668,2.3303,5.4,35.24,99.54,3.1759,3.1612,2.2895,6.45,41.47,100.0,5.6546,3.959,4.7375,2.93,10.34,100.0,4.9075,3.64,4.43,0.63,14.29,100.0,4.7696,3.56,4.18,0.92,17.97,17.4848,2.8613,1.2427,10.3053,5.868,8.7143,13.3193,47.2942,5.2121,143.0,24.7834
1130.0,577.0,38.0,13.01,10.48,11.15,12.12,15.57,20.0,23.4,29.73,6.27,2.05,1.0,1.405,0.162,0.216,2.01,1.054,16.22,5.41,293.0,97.27,6.59,10.05,20.35,3.86,2.73,4.1,0.0,1.37,0.68,0.0,5.03,10.76,2.77,4.56,90.1,25.38,5.68,30.03,17.75,6.94,0.52,1.77,97.92,4.02,3.9363,1.6662,14.06,28.65,99.66,3.2786,3.2674,1.905,12.63,39.93,100.0,3.1142,3.1142,1.8718,14.29,42.86,99.65,5.5142,3.53,4.5075,3.12,14.58,100.0,4.8118,3.73,4.14,4.1,16.04,100.0,4.7054,3.716,4.14,4.76,14.81,15.1842,2.7203,1.1814,11.2584,5.8268,8.2857,12.9804,44.8203,4.5,151.0,26.1698
990.0,545.0,37.0,10.59,7.87,7.58,8.06,14.68,18.0,24.6,16.22,5.89,1.99,0.757,1.378,0.081,0.919,1.76,1.297,5.41,2.7,271.0,95.57,5.97,8.49,8.88,1.16,4.43,4.79,2.21,2.95,2.58,2.21,3.31,8.66,1.65,2.7,88.93,26.14,8.71,22.51,16.61,4.05,0.0,1.29,96.87,4.2401,4.1073,2.1964,8.84,28.36,97.42,3.291,3.206,2.1367,8.49,40.96,96.61,3.0743,2.9701,1.9296,10.73,50.28,97.79,5.5975,3.76,4.4,4.24,12.52,98.52,4.7103,3.81,4.215,4.06,13.28,97.74,4.4744,3.498,4.07,5.08,18.08,14.7297,2.6899,1.1682,8.8868,4.8726,6.75,10.9304,33.4453,2.7568,97.0,17.7982
540.0,173.0,19.0,8.5,5.01,6.51,8.64,9.21,11.0,13.0,0.0,4.74,1.69,0.526,1.316,0.053,0.105,1.64,0.316,15.79,0.0,91.0,94.51,5.66,8.49,6.98,0.0,5.49,8.33,0.0,3.3,3.3,0.0,3.43,7.43,0.58,6.98,87.91,6.25,1.25,20.88,15.38,4.0,0.0,0.0,96.57,4.4178,4.2663,2.0607,6.86,21.71,97.8,3.6849,3.6039,1.3424,10.99,26.37,96.77,3.2836,3.1777,1.3424,16.13,35.48,99.43,5.6698,3.712,4.63,5.71,12.0,100.0,4.927,2.9,4.495,10.99,20.88,100.0,4.5779,2.9,3.67,16.13,29.03,9.1053,2.2089,0.9593,8.5604,4.161,4.9091,9.5497,28.7584,1.7895,27.0,15.6069
900.0,113.0,11.0,7.29,5.65,6.88,8.73,11.4,12.75,15.7,10.0,5.1,1.86,0.6,1.3,0.1,0.4,1.61,1.2,0.0,0.0,60.0,88.33,5.91,9.17,11.32,5.66,11.67,6.52,8.33,10.0,10.0,8.33,7.89,5.26,1.77,11.32,80.0,12.5,4.17,11.67,10.0,9.65,1.75,0.0,89.47,4.1729,3.7336,0.1806,17.54,35.09,90.0,3.3663,3.0296,0.5419,20.0,46.67,86.05,2.9005,2.4958,0.0,27.91,65.12,100.0,5.1956,2.124,3.96,14.91,26.32,100.0,4.5118,2.583,3.8875,18.33,35.0,100.0,4.0479,1.8,2.875,25.58,48.84,10.2727,2.3295,1.0117,9.4559,3.8857,5.2,9.3395,27.0869,1.7273,18.0,15.9292
720.0,95.0,11.0,6.4,4.55,5.5,7.76,8.73,10.5,11.0,0.0,4.45,1.5,0.818,1.273,0.091,0.364,1.47,0.455,0.0,0.0,56.0,89.29,5.61,8.19,8.0,6.0,10.71,5.26,8.93,10.71,10.71,8.93,3.12,4.17,0.0,4.0,75.0,14.29,2.38,5.36,3.57,3.12,0.0,0.0,92.71,4.0362,3.7419,1.5153,18.75,34.38,91.07,3.2067,2.9203,1.2727,23.21,48.21,87.5,2.7951,2.4458,0.0,32.5,62.5,93.75,5.1214,3.23,4.12,8.33,21.88,100.0,4.3646,2.94,3.725,10.71,42.86,100.0,3.9668,1.5,3.3475,15.0,55.0,8.6364,2.156,0.9363,9.716,3.3241,3.9545,7.6863,23.3732,1.2727,14.0,14.7368
580.0,142.0,13.0,4.93,4.46,4.93,6.32,11.0,14.0,14.8,0.0,5.38,1.65,0.923,1.462,0.077,0.308,1.43,0.692,0.0,7.69,74.0,90.54,5.01,6.76,1.49,1.49,9.46,2.04,9.46,9.46,9.46,9.46,2.8,2.1,0.0,4.48,85.14,12.7,3.17,8.11,8.11,3.5,0.7,0.0,92.31,4.4357,4.0945,1.6234,11.19,23.08,90.54,3.5749,3.2367,1.264,13.51,33.78,86.27,3.1837,2.7467,0.0,19.61,45.1,93.71,5.412,3.446,4.5,8.39,17.48,90.54,4.4659,3.019,3.955,9.46,25.68,86.27,4.0002,0.0,3.8,13.73,35.29,10.9231,2.3909,1.0383,8.0702,3.8327,4.8889,5.8734,19.3738,0.9231,15.0,10.5634
1010.0,654.0,42.0,10.02,8.45,9.41,9.85,15.52,17.75,21.0,16.67,5.74,2.06,1.119,1.714,0.31,0.667,1.95,0.857,23.81,0.0,315.0,94.92,6.22,8.57,9.36,0.67,5.08,4.9,3.49,3.17,3.17,2.86,2.61,13.04,3.67,4.01,83.17,19.85,10.31,24.44,17.46,7.52,0.31,1.86,97.7,4.2262,4.129,1.8407,10.74,23.31,100.0,3.432,3.432,1.6021,15.87,31.43,100.0,3.0047,3.0047,1.0792,23.98,44.39,100.0,5.6675,3.63,4.8475,6.44,13.04,100.0,4.9781,3.25,4.37,6.35,18.41,100.0,4.6778,2.895,3.855,10.2,26.02,15.5714,2.7454,1.1923,9.0444,4.7967,10.6667,11.1114,36.2136,3.2143,75.0,11.4679
920.0,486.0,33.0,10.99,8.78,9.06,10.16,15.03,19.25,23.9,25.0,6.25,2.0,0.719,1.344,0.25,0.188,1.83,1.75,6.25,0.0,224.0,99.55,6.19,10.03,13.9,0.9,0.45,0.75,0.0,0.0,0.0,0.0,4.37,15.38,4.32,5.38,92.41,21.26,4.35,40.18,30.36,9.36,0.21,1.44,99.58,4.2121,4.1946,2.1875,8.52,24.32,100.0,3.4069,3.4069,2.1884,9.38,28.57,100.0,3.2489,3.2489,1.9956,12.12,32.73,99.79,5.7866,4.17,4.75,1.66,8.11,100.0,4.9919,3.959,4.5475,0.89,10.71,100.0,4.9159,3.9,4.47,1.21,13.94,14.7273,2.6897,1.1681,9.5003,5.1806,6.625,11.5086,37.361,3.3333,87.0,17.9012
590.0,220.0,27.0,5.99,4.7,6.04,8.22,8.56,10.0,13.0,0.0,4.4,1.66,0.44,1.04,0.04,0.32,1.74,0.56,4.0,0.0,101.0,92.08,5.69,8.59,7.53,0.0,7.92,9.86,1.98,0.99,0.99,0.0,2.34,15.89,2.73,0.0,97.03,17.35,5.1,29.7,15.84,7.01,1.4,1.55,98.6,4.3508,4.2898,2.6286,5.14,17.76,99.01,3.7833,3.7458,2.618,6.93,19.8,98.28,3.5852,3.5234,2.1936,10.34,27.59,98.6,5.7894,4.37,4.9525,2.34,4.21,99.01,5.1855,4.4,4.75,1.98,3.96,98.28,5.0433,4.04,4.4975,3.45,5.17,8.1481,2.0978,0.9111,8.7059,3.7861,4.0,8.0458,30.8754,1.8519,28.0,12.7273
810.0,201.0,17.0,7.12,5.87,5.88,7.23,11.82,14.0,17.2,5.88,5.12,1.82,0.412,1.353,0.059,1.235,1.58,0.471,5.88,0.0,93.0,97.85,6.03,8.33,8.79,0.0,2.15,2.99,0.0,1.08,1.08,0.0,2.99,10.95,1.0,4.4,89.25,26.51,12.05,25.81,15.05,7.46,0.5,2.17,99.0,4.1542,4.1128,1.7709,11.94,28.86,100.0,3.4232,3.4232,2.1614,5.38,40.86,100.0,3.1611,3.1611,2.1013,8.62,50.0,100.0,5.6005,3.36,4.51,8.46,15.42,100.0,4.8798,3.574,4.29,3.23,16.13,100.0,4.664,3.461,4.1325,1.72,15.52,11.8235,2.4701,1.0727,9.8791,4.6454,4.6,8.4953,29.734,2.1176,36.0,17.9104
880.0,316.0,27.0,8.86,6.82,6.42,7.7,13.86,17.75,25.5,18.18,5.32,2.17,0.864,1.545,0.0,0.273,2.01,0.955,9.09,0.0,129.0,97.67,6.54,12.04,18.25,10.32,2.33,3.45,0.0,1.55,1.55,0.0,8.52,15.41,4.43,4.76,83.72,14.81,4.63,23.26,14.73,15.08,0.0,1.6,99.67,4.2703,4.2563,2.3108,7.54,23.28,99.22,3.5465,3.519,1.699,15.5,24.03,98.75,3.2762,3.2353,1.699,25.0,32.5,100.0,5.7701,3.91,4.83,1.31,11.8,99.22,5.0031,3.81,4.54,1.55,17.83,98.75,4.8693,3.797,4.2375,2.5,23.75,11.7037,2.4599,1.0683,9.1639,4.5304,9.0,9.9064,31.324,2.2963,57.0,18.038
990.0,651.0,44.0,12.25,9.47,11.07,11.99,14.04,16.0,23.8,14.89,5.53,2.08,0.83,1.447,0.213,0.085,1.89,1.234,8.51,12.77,355.0,94.37,6.43,10.53,19.7,2.09,5.63,6.4,3.1,4.51,4.23,2.54,4.24,5.45,0.92,9.25,79.44,25.89,8.87,25.07,16.34,5.3,0.3,0.89,96.97,3.9393,3.82,1.6106,15.15,36.06,98.59,3.0928,3.0493,1.4624,17.75,50.42,98.05,2.7603,2.7064,1.3424,20.31,61.72,99.24,5.3531,3.389,4.09,6.21,23.48,99.44,4.5771,3.192,3.925,6.76,33.24,99.22,4.3234,3.01,3.71,8.98,41.02,14.7955,2.6943,1.1701,10.7009,5.6861,8.5714,12.3648,41.0627,3.8864,147.0,22.5806
960.0,362.0,26.0,9.55,7.96,9.97,11.11,13.96,16.75,18.0,3.85,5.73,1.98,0.846,1.692,0.154,0.231,1.62,1.231,3.85,0.0,198.0,96.46,5.74,9.32,10.99,1.05,3.54,4.65,1.01,2.02,2.02,0.0,1.65,5.51,1.1,5.24,83.84,20.48,6.63,20.2,16.16,4.13,0.55,0.93,98.07,4.0365,3.9586,1.9207,10.47,29.48,98.48,3.2123,3.1636,1.9585,10.61,44.44,97.66,2.987,2.917,1.6812,13.28,50.78,100.0,5.4596,3.604,4.365,3.31,19.83,100.0,4.6241,3.47,3.93,4.55,30.81,100.0,4.4654,3.446,3.93,6.25,36.72,13.9231,2.6335,1.1437,10.1284,5.3441,7.8571,10.6447,38.5087,3.4231,78.0,21.547
1090.0,243.0,15.0,14.05,11.27,13.53,14.26,14.18,17.0,21.2,17.65,5.65,2.28,0.647,1.176,0.235,0.235,1.68,2.0,0.0,11.76,131.0,95.42,6.33,9.61,14.4,0.0,4.58,6.12,0.0,3.05,2.29,0.0,4.98,9.13,2.47,6.4,90.08,24.58,4.24,34.35,19.08,8.3,0.0,0.34,98.34,3.8169,3.7536,1.9031,11.2,37.34,98.47,3.1494,3.1013,1.7853,14.5,42.75,97.78,2.9347,2.8694,1.6682,17.78,54.44,99.59,5.4148,3.69,4.5,1.66,17.43,99.24,4.7415,3.76,4.015,3.82,25.19,98.89,4.5663,3.66,3.93,5.56,33.33,16.2,2.785,1.2095,10.808,6.0253,6.75,13.7657,47.8872,5.1333,63.0,25.9259
1060.0,430.0,28.0,11.45,8.95,10.28,10.83,15.32,18.25,23.9,21.43,5.71,2.03,1.036,1.75,0.107,0.143,1.76,1.75,7.14,0.0,241.0,97.1,6.19,9.52,13.68,1.28,2.9,4.32,0.0,2.07,2.07,0.0,1.17,3.5,0.93,5.56,81.33,23.47,5.61,25.73,19.09,2.1,0.23,0.98,98.83,3.9626,3.9164,1.7752,13.52,31.7,99.17,3.169,3.1427,1.7634,14.52,45.23,98.68,2.88,2.8421,1.6052,17.11,56.58,100.0,5.4693,3.5,4.43,5.13,18.65,99.59,4.6701,3.38,3.93,4.98,28.63,99.34,4.4427,3.201,3.76,7.24,38.16,15.3571,2.7316,1.1863,10.1267,5.2844,12.6,11.8332,37.9153,3.4643,99.0,23.0233
640.0,496.0,36.0,7.29,5.56,6.77,6.82,10.64,17.5,22.0,17.02,4.34,2.29,1.0,1.745,0.043,0.17,1.58,0.766,40.43,14.89,227.0,98.24,4.93,7.01,2.69,0.45,1.76,2.53,0.0,0.44,0.0,0.0,4.6,6.2,0.6,1.79,94.27,12.62,3.27,8.37,7.05,5.4,0.0,0.32,96.2,4.5055,4.3342,2.3812,7.6,15.4,100.0,3.8155,3.8155,2.3881,5.29,15.86,100.0,3.4324,3.4324,2.4047,6.0,17.0,100.0,5.7194,3.95,4.8375,2.4,10.2,100.0,5.0088,3.884,4.64,3.08,11.45,100.0,4.7653,4.004,4.5175,3.0,10.0,13.7778,2.6231,1.1392,7.8217,4.2034,8.1667,7.8897,29.302,2.1389,56.0,11.2903
1000.0,573.0,38.0,10.29,8.29,9.82,10.61,14.95,20.5,24.0,25.64,5.85,2.1,1.077,1.385,0.205,0.154,1.9,0.744,15.38,15.38,336.0,96.73,6.21,9.6,15.08,2.46,3.27,4.11,1.19,1.79,1.49,0.6,0.51,2.92,0.17,4.31,87.2,22.18,5.12,30.36,21.73,2.4,0.17,0.0,99.49,4.0654,4.0445,2.0212,9.43,28.47,99.7,3.3267,3.3168,1.903,11.01,39.29,99.55,3.0651,3.0513,1.7634,13.45,45.74,100.0,5.5149,3.632,4.4,4.29,16.12,99.7,4.7652,3.6,4.21,4.46,17.56,99.55,4.545,3.362,4.145,6.28,21.52,15.0789,2.7133,1.1784,9.9784,5.1414,7.7143,10.8271,37.9411,3.4474,125.0,21.815
1140.0,2469.0,143.0,14.37,11.8,12.65,12.94,17.53,20.0,26.0,32.14,6.25,2.25,1.321,1.693,0.214,0.3,1.78,1.821,20.0,0.0,1310.0,96.95,7.53,11.42,28.98,7.17,3.05,5.31,1.15,1.22,0.53,0.15,3.22,7.09,1.34,4.17,89.08,27.93,8.05,52.6,28.7,4.81,0.08,1.3,98.86,4.0244,3.9785,2.0265,9.7,31.62,99.54,3.2343,3.2195,1.8859,12.82,42.14,100.0,3.1112,3.1112,1.8976,12.77,45.69,100.0,5.6559,3.97,4.7225,1.87,10.64,99.92,4.9456,3.84,4.48,2.06,13.13,100.0,4.9048,3.91,4.46,1.57,13.21,17.2657,2.8487,1.2372,10.6452,6.1401,11.0,13.822,47.7639,5.2657,472.0,19.1171
1000.0,436.0,29.0,11.15,8.14,8.74,9.01,15.07,18.0,22.2,24.14,6.38,2.03,0.793,1.621,0.207,0.069,1.79,1.621,44.83,3.45,184.0,96.74,5.98,9.26,13.48,0.56,3.26,3.57,1.09,3.26,2.72,1.09,10.3,14.42,2.06,1.12,92.93,15.2,4.09,28.8,22.83,13.5,0.0,1.72,94.97,4.3254,4.1077,1.823,10.98,25.63,97.83,3.6799,3.6,2.4384,5.98,25.0,96.67,3.4456,3.3308,2.3442,6.67,30.83,98.86,5.659,3.54,4.74,5.26,14.65,98.91,5.0989,4.093,4.6775,2.72,8.15,98.33,4.9258,4.0,4.59,4.17,9.17,15.0345,2.7103,1.1771,9.9594,4.8919,8.2857,11.5492,36.1354,3.1724,80.0,18.3486
580.0,582.0,51.0,5.6,4.55,6.13,6.72,11.41,15.0,21.0,15.69,4.76,2.22,1.039,1.843,0.078,0.118,1.62,0.745,60.78,3.92,273.0,98.53,4.84,6.69,1.12,0.0,1.47,2.56,0.0,1.47,1.47,0.0,5.5,9.45,0.86,0.74,96.34,6.84,1.9,11.36,10.62,6.87,0.0,1.19,95.53,4.5889,4.3839,2.7388,6.53,13.57,99.63,4.0304,4.0156,2.8004,2.93,15.02,99.2,3.6079,3.579,2.7388,5.6,21.6,99.83,5.7926,4.09,4.99,1.2,6.53,99.63,5.2069,4.06,4.75,1.47,6.96,99.2,4.9135,4.0,4.57,2.4,8.0,11.4118,2.4346,1.0574,7.6481,3.645,5.875,7.4369,24.2984,1.4706,53.0,9.1065
1120.0,330.0,19.0,14.22,11.46,12.05,12.13,17.32,20.0,25.0,31.58,6.11,2.14,0.895,1.474,0.0,0.316,1.84,1.421,10.53,10.53,140.0,97.14,5.78,7.92,5.88,1.47,2.86,3.8,1.43,0.0,0.0,0.0,6.99,21.28,4.85,1.47,95.71,12.69,6.72,20.0,15.0,12.77,0.0,2.36,99.39,4.1971,4.1716,2.3845,5.78,27.36,100.0,3.6798,3.6798,2.6945,2.86,26.43,100.0,3.5447,3.5447,2.7033,3.12,31.25,100.0,5.729,3.86,4.72,0.91,13.07,100.0,5.1626,4.16,4.49,1.43,6.43,100.0,5.1047,4.16,4.385,1.04,8.33,17.3684,2.8547,1.2398,9.857,5.7116,12.1667,14.1724,46.7624,5.1053,54.0,16.3636
990.0,352.0,25.0,10.06,9.41,9.98,11.39,13.6,16.0,17.6,0.0,5.56,1.92,0.8,1.44,0.08,0.0,1.76,0.88,4.0,0.0,132.0,96.97,6.11,9.58,11.72,0.0,3.03,4.49,0.0,2.27,1.52,0.0,9.71,22.94,5.68,1.56,90.15,14.29,2.52,30.3,21.21,16.18,0.0,3.05,96.18,4.2786,4.115,1.8713,10.29,22.35,99.24,3.5663,3.5392,2.0536,9.85,25.0,100.0,3.5379,3.5379,2.3356,6.76,25.68,100.0,5.7152,3.859,4.85,3.24,11.18,100.0,5.077,3.924,4.5525,4.55,11.36,100.0,5.2016,4.175,4.72,0.0,9.46,14.08,2.6448,1.1486,9.3141,5.072,8.8571,11.6792,42.4891,4.0,54.0,15.3409
360.0,185.0,26.0,5.22,3.07,2.34,3.99,7.15,8.0,10.5,0.0,3.88,1.54,0.231,1.038,0.038,0.231,1.69,0.269,3.85,11.54,73.0,100.0,5.15,6.55,6.85,6.85,0.0,0.0,0.0,0.0,0.0,0.0,4.84,10.75,2.16,0.0,86.3,4.76,0.0,15.07,9.59,9.68,0.0,0.0,97.31,4.6418,4.517,2.3711,6.45,17.2,100.0,3.8272,3.8272,2.3711,6.85,16.44,100.0,3.4259,3.4259,2.2942,10.0,24.0,97.31,5.8637,3.815,5.11,3.23,11.83,100.0,5.1385,3.68,4.9,0.0,13.7,100.0,4.8766,3.637,4.76,0.0,20.0,7.1154,1.9623,0.8522,7.4035,2.6325,3.2857,7.3211,20.0884,0.9231,14.0,7.5676
970.0,1291.0,85.0,10.66,8.71,9.08,9.66,15.14,17.0,19.0,9.41,6.16,2.07,0.835,1.659,0.188,0.447,1.86,1.306,12.94,1.18,570.0,97.37,6.45,9.61,17.84,2.52,2.63,2.76,1.58,1.58,1.58,1.23,3.89,12.28,2.4,3.42,89.12,14.96,4.92,34.56,24.04,6.84,0.08,1.56,97.98,4.2977,4.2109,2.2175,8.0,24.01,98.77,3.52,3.4768,1.9903,10.18,29.82,98.12,3.2721,3.2106,1.904,13.4,35.12,98.21,5.7609,4.13,4.8,3.03,8.24,100.0,5.0306,3.844,4.53,3.33,11.93,100.0,4.8887,3.64,4.34,4.29,14.21,15.1882,2.7205,1.1815,9.6246,5.2854,7.25,11.1843,36.8768,3.2941,196.0,15.182
620.0,1128.0,109.0,6.8,4.7,6.04,7.16,9.83,13.0,17.0,5.22,4.48,1.97,1.035,1.583,0.07,0.13,1.51,0.583,46.96,5.22,515.0,96.5,5.46,8.38,6.84,0.4,3.5,3.19,2.14,2.72,1.94,1.75,4.51,6.98,0.98,1.61,91.84,12.68,5.5,19.03,13.4,5.39,0.44,0.55,95.67,4.6186,4.4185,2.1875,8.05,15.3,99.42,3.8987,3.876,2.4012,5.83,20.58,99.61,3.4987,3.485,2.1492,8.24,24.31,100.0,5.7949,3.79,5.02,1.77,10.96,99.81,5.1303,3.864,4.565,2.91,11.26,100.0,4.8524,3.518,4.45,2.75,15.29,10.3486,2.3369,1.0149,8.3913,3.9831,5.0,8.4059,29.7635,2.0092,131.0,11.6135
880.0,339.0,31.0,10.39,7.68,8.56,10.7,10.87,13.0,15.0,3.23,4.87,1.79,0.29,1.032,0.032,0.258,1.85,1.258,0.0,9.68,183.0,97.81,6.07,9.19,11.17,0.0,2.19,3.57,0.0,1.64,0.55,0.0,5.93,9.79,1.77,3.35,91.8,22.62,14.29,30.6,20.77,8.61,0.3,0.76,99.41,3.891,3.8679,1.8856,13.06,34.12,98.91,3.2898,3.2538,2.0605,9.29,37.7,99.23,3.1741,3.1497,2.2253,10.0,40.77,100.0,5.4341,3.45,4.38,3.26,18.4,99.45,4.7951,3.712,4.29,4.37,14.21,100.0,4.7029,3.754,4.22,3.85,14.62,10.9355,2.392,1.0388,9.3957,4.5119,7.625,11.5276,37.4842,2.9032,51.0,15.0442
840.0,385.0,33.0,9.34,7.69,8.76,10.66,12.16,15.5,18.0,3.23,5.0,1.85,0.548,1.29,0.194,0.645,1.83,1.0,3.23,0.0,160.0,98.12,6.02,9.0,10.83,0.0,1.88,2.75,0.0,1.25,1.25,0.0,8.49,14.85,2.34,2.55,93.75,18.0,4.0,41.88,26.25,11.14,0.0,0.91,99.47,4.2535,4.2309,2.1953,9.55,23.34,100.0,3.6767,3.6767,2.4166,3.75,25.0,100.0,3.4996,3.4996,2.3892,6.0,28.0,100.0,5.8017,4.062,4.88,0.53,9.81,100.0,5.1971,4.148,4.74,0.0,7.5,100.0,5.1266,4.255,4.6,0.0,8.0,11.6667,2.4567,1.0669,8.8496,4.4944,7.25,10.9595,42.0563,3.5455,57.0,14.8052
780.0,378.0,34.0,9.1,6.82,7.32,9.26,11.15,13.75,16.0,2.94,5.18,1.74,0.5,1.324,0.029,0.294,1.78,1.0,5.88,0.0,190.0,98.42,6.18,9.23,11.76,2.14,1.58,2.48,0.0,0.53,0.53,0.0,3.43,7.65,1.59,6.42,88.95,15.38,7.1,24.74,19.47,4.22,0.0,0.46,99.74,4.2467,4.2355,2.0934,8.71,23.48,99.47,3.5445,3.5258,2.1206,8.42,24.74,99.22,3.3376,3.3115,1.6542,10.94,31.25,100.0,5.7841,3.91,4.81,2.11,10.55,100.0,5.0361,3.909,4.66,3.16,12.11,100.0,4.8874,3.697,4.53,3.91,14.84,11.1176,2.4085,1.046,9.2006,4.477,5.0,10.395,31.7526,2.2941,59.0,15.6085
460.0,194.0,20.0,4.7,4.01,5.27,7.07,9.8,12.0,13.1,0.0,4.85,1.7,0.25,1.15,0.05,0.2,2.29,0.75,0.0,5.0,103.0,93.2,4.77,6.55,6.25,0.0,6.8,6.25,4.85,0.97,0.97,0.0,3.57,7.65,1.03,0.0,92.23,17.89,4.21,12.62,10.68,6.63,0.0,1.3,96.94,4.3341,4.2014,2.2831,7.14,21.43,100.0,3.73,3.73,2.5105,1.94,25.24,100.0,3.4234,3.4234,2.4861,1.33,28.0,100.0,5.64,3.72,4.63,2.55,17.35,100.0,5.0179,3.69,4.12,0.0,14.56,100.0,4.7259,3.636,4.08,0.0,17.33,9.7,2.2721,0.9868,7.8616,3.4036,4.5,6.2581,28.2567,1.8,19.0,9.7938
1200.0,212.0,14.0,13.23,11.52,12.88,14.61,13.87,19.0,30.0,26.67,5.67,1.96,0.667,1.067,0.133,0.133,1.82,1.267,0.0,33.33,79.0,100.0,7.99,11.19,37.97,8.86,0.0,0.0,0.0,0.0,0.0,0.0,8.65,26.44,7.08,11.39,92.41,39.73,21.92,40.51,25.32,19.71,0.0,1.24,99.04,3.8562,3.8192,1.793,16.83,30.77,100.0,2.9855,2.9855,1.6282,27.85,50.63,100.0,2.6924,2.6924,1.3802,37.74,56.6,100.0,5.5837,3.947,4.61,0.0,11.54,100.0,4.7094,3.684,4.04,5.06,16.46,100.0,4.5262,3.206,4.04,7.55,18.87,15.1429,2.7175,1.1802,11.0909,6.0572,7.625,13.4843,54.2938,5.9286,56.0,26.4151
510.0,237.0,33.0,6.59,4.99,3.98,5.92,7.18,8.0,9.8,0.0,3.73,1.49,0.091,1.03,0.03,0.061,1.92,0.212,0.0,0.0,117.0,98.29,5.18,6.95,1.74,0.0,1.71,1.59,1.71,1.71,1.71,1.71,6.75,9.7,0.84,0.87,94.02,10.0,4.55,14.53,11.97,7.59,0.0,1.08,98.73,4.465,4.4084,2.4857,6.33,18.14,98.29,3.9501,3.8826,2.646,7.69,17.95,97.47,3.6039,3.5127,1.9191,11.39,25.32,99.16,5.8076,3.902,4.95,3.38,10.55,98.29,5.1926,4.08,4.9,5.98,9.4,97.47,4.8899,3.28,4.7,8.86,13.92,7.1818,1.9716,0.8562,7.5904,3.2305,3.7692,8.4844,23.6375,1.1818,21.0,8.8608
370.0,153.0,21.0,3.96,2.98,2.32,3.98,7.0,8.0,10.0,0.0,4.14,1.4,0.136,0.955,0.045,0.364,1.72,0.273,0.0,9.09,68.0,100.0,4.45,6.31,1.47,0.0,0.0,0.0,0.0,0.0,0.0,0.0,1.3,7.14,1.31,1.47,92.65,0.0,0.0,27.94,26.47,3.9,0.0,1.69,100.0,4.4763,4.4763,2.6117,4.55,18.83,100.0,3.6782,3.6782,2.7842,7.35,14.71,100.0,3.2715,3.2715,2.4362,10.0,20.0,100.0,5.8902,4.13,5.01,0.0,6.49,100.0,5.0924,4.154,4.55,0.0,8.82,100.0,4.7672,3.965,4.55,0.0,12.0,7.2857,1.9859,0.8625,6.8875,2.8781,3.0,6.4274,22.972,1.1429,11.0,7.1895
730.0,1015.0,88.0,6.03,4.61,5.09,5.42,11.03,14.5,21.0,16.48,4.6,2.14,0.967,1.648,0.099,0.143,1.55,0.846,49.45,13.19,450.0,96.44,5.31,7.59,4.15,0.23,3.56,5.64,0.44,1.78,1.11,0.44,2.89,5.58,0.99,1.84,94.44,8.47,1.88,16.0,11.11,3.59,0.0,0.46,97.41,4.6662,4.5453,2.7563,5.28,12.15,99.56,3.9662,3.9486,2.6912,5.56,16.44,99.02,3.5599,3.525,2.457,7.35,21.57,100.0,5.8548,4.28,5.11,3.49,7.47,100.0,5.2039,4.2,4.75,2.67,8.44,100.0,4.9134,4.05,4.515,2.94,9.8,11.5341,2.4453,1.062,8.1133,3.7278,5.0,7.4781,24.9331,1.5455,106.0,10.4433
540.0,153.0,16.0,5.13,3.1,4.07,5.59,9.62,12.0,12.5,0.0,4.19,1.71,0.875,1.375,0.062,0.0,1.33,1.0,12.5,6.25,84.0,98.81,5.04,7.26,0.0,0.0,1.19,1.54,0.0,0.0,0.0,0.0,0.0,2.6,0.0,0.0,94.05,12.66,2.53,13.1,11.9,1.3,0.0,0.55,100.0,4.3765,4.3765,2.8319,2.6,18.83,100.0,3.7102,3.7102,2.7585,4.76,17.86,100.0,3.3821,3.3821,2.5893,8.16,24.49,100.0,5.6944,3.99,4.7325,1.3,11.04,100.0,4.9675,4.13,4.3125,2.38,8.33,100.0,4.608,3.604,4.14,2.04,12.24,9.5625,2.2578,0.9806,7.3101,3.0304,4.1,6.9077,19.3664,0.9375,15.0,9.8039
970.0,461.0,33.0,9.41,7.98,9.09,10.23,13.79,17.0,18.0,9.09,5.3,2.02,0.848,1.364,0.212,0.485,1.84,0.97,15.15,0.0,237.0,97.89,6.16,8.77,9.48,0.0,2.11,3.12,0.84,1.27,1.27,0.84,2.64,9.45,1.95,2.16,95.36,28.32,7.96,27.43,21.94,4.84,0.22,1.52,99.34,4.1785,4.151,2.3806,6.37,24.4,100.0,3.4574,3.4574,2.5246,7.17,29.54,100.0,3.2603,3.2603,2.4827,7.74,36.77,99.34,5.6533,4.19,4.63,1.54,8.13,100.0,4.9358,4.168,4.46,0.42,8.02,100.0,4.8205,4.13,4.44,0.65,8.39,13.9697,2.6369,1.1452,9.7754,4.9168,5.875,10.231,40.217,3.6667,79.0,17.1367
410.0,127.0,17.0,5.19,5.07,4.85,7.14,7.47,9.0,9.4,0.0,3.94,1.4,0.176,0.882,0.0,0.235,1.63,0.235,0.0,11.76,78.0,100.0,4.76,6.3,0.0,0.0,0.0,0.0,0.0,0.0,0.0,0.0,3.94,7.09,0.79,0.0,98.72,5.19,2.6,10.26,7.69,4.72,0.0,1.37,100.0,4.2677,4.2677,2.4014,4.72,13.39,100.0,3.9663,3.9663,3.0037,0.0,10.26,100.0,3.7238,3.7238,2.8414,0.0,15.69,100.0,5.6713,4.128,4.86,0.0,7.87,100.0,5.2501,4.525,4.86,0.0,3.85,100.0,5.0343,4.18,4.85,0.0,5.88,7.4706,2.011,0.8734,7.364,2.8404,3.2308,6.7949,21.6438,1.0588,9.0,7.0866
900.0,299.0,25.0,8.13,7.39,9.06,10.9,11.88,15.0,15.6,4.0,5.0,1.88,0.4,1.32,0.08,0.48,1.78,1.4,12.0,0.0,164.0,95.12,5.91,8.65,8.97,0.64,4.88,4.6,3.66,1.22,1.22,0.0,4.04,9.09,3.34,5.77,91.46,21.33,8.67,30.49,26.22,8.08,0.0,0.0,98.32,3.9883,3.9212,1.9912,10.44,27.27,100.0,3.3732,3.3732,2.3404,8.54,30.49,100.0,3.1214,3.1214,2.0418,9.82,36.61,99.66,5.5218,3.796,4.58,2.36,12.12,100.0,4.9359,3.93,4.55,3.05,12.8,100.0,4.747,3.93,4.4275,4.46,14.29,11.96,2.4816,1.0777,10.1972,5.2578,5.5556,9.8885,38.7159,3.2,47.0,15.7191
510.0,134.0,18.0,5.37,4.31,3.84,5.76,7.44,9.0,10.3,0.0,4.28,1.41,0.222,1.222,0.056,0.222,1.82,0.222,5.56,0.0,58.0,98.28,5.62,7.77,0.0,0.0,1.72,2.63,0.0,0.0,0.0,0.0,11.19,23.88,6.72,0.0,100.0,5.17,0.0,17.24,12.07,17.91,0.75,1.27,100.0,4.1027,4.1027,2.4703,1.49,23.13,100.0,3.7602,3.7602,2.7427,0.0,18.97,100.0,3.4811,3.4811,2.7427,0.0,27.78,100.0,5.619,4.36,4.84,0.0,2.99,100.0,5.2388,4.42,4.8175,0.0,0.0,100.0,5.0644,4.42,4.7125,0.0,0.0,7.4444,2.0075,0.8718,10.1332,3.6215,3.2308,7.3871,17.1459,0.7222,20.0,14.9254
840.0,353.0,31.0,11.81,9.24,8.48,10.34,11.52,13.0,16.0,6.45,5.26,1.9,0.645,1.29,0.129,0.323,1.96,0.806,12.9,0.0,136.0,98.53,6.04,8.56,6.72,0.0,1.47,1.98,0.0,1.47,1.47,0.0,17.93,21.01,6.23,0.75,97.79,18.05,6.02,27.21,16.18,21.57,0.0,1.65,94.12,4.2123,3.9646,2.1211,9.52,28.57,100.0,3.6352,3.6352,2.467,2.94,22.06,100.0,3.4431,3.4431,2.4234,4.11,27.4,100.0,5.6014,3.966,4.5,0.84,12.04,100.0,5.1329,4.35,4.66,0.74,5.15,100.0,5.0163,4.246,4.51,0.0,6.85,11.3871,2.4325,1.0564,10.1505,5.295,5.9,12.0149,42.2653,3.5161,67.0,18.9802
960.0,619.0,53.0,12.04,9.08,9.44,11.5,13.02,15.0,16.5,8.7,5.72,1.9,0.761,1.348,0.087,0.13,1.81,0.957,19.57,0.0,267.0,98.13,7.26,10.73,21.76,3.44,1.87,2.19,0.75,0.0,0.0,0.0,4.17,16.19,3.23,1.91,96.25,25.29,6.23,46.07,28.46,12.85,0.0,2.26,99.83,4.084,4.0771,2.3541,5.84,28.71,100.0,3.3929,3.3929,2.2008,5.62,32.58,100.0,3.3179,3.3179,2.1797,5.42,34.34,100.0,5.7228,4.298,4.82,0.33,6.18,100.0,5.0447,4.01,4.655,0.37,9.74,100.0,5.0355,4.085,4.7225,0.6,9.04,11.6792,2.4578,1.0674,10.44,5.195,6.0,12.0416,42.2124,3.566,151.0,24.3942
700.0,522.0,48.0,13.01,9.97,9.09,11.52,10.81,14.0,15.0,2.08,4.46,2.31,0.125,0.667,0.042,0.0,3.65,0.083,0.0,47.92,117.0,8.55,8.52,11.4,40.0,10.0,91.45,87.65,47.01,91.45,69.23,29.91,61.66,32.37,9.0,30.0,3.42,25.0,0.0,4.27,2.56,66.28,0.19,0.5,43.35,2.7721,1.2018,0.0,67.05,84.59,18.8,2.1731,0.4086,0.0,88.03,94.87,20.88,2.2669,0.4733,0.0,86.81,93.41,81.89,2.6624,0.0,1.35,57.61,70.13,73.5,1.8238,0.0,0.0,82.91,92.31,73.63,1.8918,0.0,0.0,80.22,90.11,10.875,2.3865,1.0364,19.3004,6.9525,6.8889,11.8943,44.783,3.6875,153.0,29.3103
900.0,631.0,48.0,9.89,8.46,8.63,10.17,13.43,16.0,19.0,8.51,6.0,1.79,1.106,1.34,0.277,0.043,1.81,0.915,10.64,6.38,319.0,98.43,6.15,9.78,14.01,1.91,1.57,2.88,0.63,0.94,0.94,0.0,3.8,7.61,1.43,5.73,93.73,17.39,5.69,40.44,28.21,6.02,1.11,0.99,96.35,4.3896,4.2296,1.9956,10.3,21.55,99.69,3.6395,3.6281,2.2988,8.15,23.51,99.52,3.3477,3.3316,1.9559,12.02,29.33,99.84,5.8446,4.17,5.005,1.58,7.92,100.0,5.2193,4.28,4.89,0.94,7.84,100.0,5.0684,3.909,4.71,1.44,11.06,13.1458,2.5761,1.1188,9.2933,4.7506,6.4444,11.2501,35.4913,2.9375,84.0,13.3122
920.0,586.0,48.0,9.93,8.3,8.26,9.84,12.7,15.0,19.0,10.87,5.3,1.93,0.652,1.348,0.109,0.739,1.63,0.891,10.87,0.0,296.0,95.95,6.79,9.61,13.38,1.06,4.05,3.61,2.7,1.69,1.69,1.69,1.2,8.39,1.54,3.87,90.54,37.31,13.81,34.46,20.61,2.91,0.0,1.6,98.8,4.1303,4.0808,2.0043,9.93,31.34,98.31,3.2753,3.22,1.9643,10.14,50.0,97.5,3.0033,2.9283,1.9243,14.0,61.0,99.83,5.6456,3.976,4.565,2.74,10.79,100.0,4.8573,3.99,4.27,3.72,10.81,100.0,4.6441,3.977,4.27,5.0,12.0,12.2083,2.5021,1.0867,9.4155,4.8498,5.6,10.6412,34.222,2.6875,114.0,19.4539
1090.0,641.0,40.0,10.47,9.14,10.85,11.59,15.68,19.0,22.0,24.39,5.98,2.12,1.098,1.585,0.171,0.244,1.74,1.902,9.76,2.44,360.0,97.5,6.4,10.53,17.38,2.28,2.5,2.62,1.39,2.5,2.22,1.39,1.56,6.69,1.56,10.26,88.89,25.94,5.0,27.5,16.39,3.89,0.16,0.27,99.53,3.9495,3.931,1.6682,16.02,32.5,100.0,3.1688,3.1688,1.5864,16.67,42.5,100.0,2.9059,2.9059,1.3424,22.73,52.07,99.84,5.5315,3.49,4.46,2.33,17.42,100.0,4.7764,3.447,4.06,3.89,24.17,100.0,4.5768,3.14,3.83,5.79,32.64,16.025,2.7742,1.2048,10.3434,5.6343,6.125,10.9516,44.5741,4.575,120.0,18.7207
850.0,366.0,32.0,7.64,6.25,6.81,8.52,11.47,13.0,15.9,6.25,5.38,1.84,0.594,1.344,0.094,0.188,1.62,1.375,3.12,0.0,195.0,96.92,6.33,9.26,27.51,0.0,3.08,2.86,2.05,2.56,2.56,2.05,2.18,5.99,0.82,1.59,95.38,34.95,18.28,18.97,14.87,3.81,0.27,0.48,99.73,4.0438,4.0327,1.415,14.44,26.7,100.0,3.3462,3.3462,2.0864,5.64,36.92,100.0,2.9776,2.9776,2.0864,7.41,48.15,99.73,5.5833,3.524,4.62,0.54,16.89,100.0,4.8483,3.83,3.86,0.0,28.21,100.0,4.614,3.83,3.86,0.0,37.78,11.4375,2.4369,1.0583,9.2946,4.4725,3.9091,9.272,25.0987,1.5625,46.0,12.5683
1180.0,793.0,44.0,11.9,9.88,10.39,9.89,18.35,23.0,27.6,44.19,6.91,2.09,0.86,1.465,0.186,0.744,1.92,2.349,6.98,2.33,397.0,95.47,6.19,9.17,11.35,0.26,4.53,6.27,1.01,1.76,1.51,0.0,6.84,10.27,2.02,2.37,91.18,19.89,3.87,35.52,23.68,8.75,0.13,1.45,99.49,3.9973,3.9771,1.8488,11.79,31.31,99.5,3.3418,3.3249,2.0484,9.07,41.06,99.64,3.1902,3.1787,1.9313,10.83,45.85,99.75,5.5539,3.67,4.52,5.96,13.94,100.0,4.8912,3.86,4.3,1.76,12.85,100.0,4.7829,3.718,4.19,2.17,14.44,18.0227,2.8916,1.2558,9.9464,5.6143,13.2,12.0793,38.3254,3.6591,133.0,16.7718
1130.0,591.0,39.0,11.95,9.21,10.85,11.62,16.08,20.0,25.0,29.73,6.3,2.27,0.892,1.432,0.135,0.27,2.39,0.811,27.03,5.41,293.0,92.83,6.63,10.38,19.85,4.04,7.17,5.41,4.78,6.14,5.12,4.1,5.04,12.94,3.72,2.57,87.37,24.61,10.55,30.38,20.14,10.76,0.17,1.83,95.29,4.0572,3.8663,1.8865,11.76,32.44,94.88,3.4051,3.2308,1.9201,11.6,43.0,93.16,3.1973,2.9785,1.8349,14.21,51.58,99.83,5.5012,3.864,4.43,3.03,12.44,99.32,4.8502,3.876,4.32,3.07,10.92,100.0,4.7146,3.42,4.26,3.68,13.16,15.1538,2.7183,1.1805,10.9873,5.755,6.875,11.9981,43.7494,4.3333,134.0,22.6734
1080.0,619.0,37.0,14.64,10.82,10.66,10.78,16.42,22.0,26.3,36.84,5.95,2.16,1.211,1.553,0.342,0.158,1.8,1.079,21.05,10.53,324.0,93.21,6.92,10.0,18.54,1.99,6.79,2.42,6.17,1.54,1.23,1.23,0.16,2.72,0.65,2.32,91.36,28.38,9.46,43.52,27.47,2.08,2.72,0.97,97.28,4.31,4.1926,2.4472,7.21,21.63,94.44,3.4942,3.3001,1.9425,10.8,35.8,92.11,3.3965,3.1284,0.9542,14.04,36.84,100.0,5.7605,4.32,4.89,1.12,7.05,100.0,4.9412,3.9,4.465,3.09,11.11,100.0,4.8877,4.07,4.49,4.39,9.21,16.7297,2.8172,1.2235,10.1548,5.8237,11.8333,14.0816,41.447,4.1351,144.0,23.2633
1420.0,893.0,35.0,17.01,14.23,15.97,12.51,25.66,34.0,38.6,65.71,7.97,2.56,2.029,2.171,0.457,0.429,1.86,1.914,51.43,0.0,451.0,94.24,6.86,10.78,20.71,3.76,5.76,6.13,2.66,3.33,2.88,2.0,3.01,10.24,2.46,3.76,83.59,22.02,5.57,44.35,22.84,4.34,0.22,0.87,98.11,4.1486,4.0701,1.7853,12.58,28.62,97.56,3.3521,3.2704,1.7853,16.19,43.02,96.15,2.9817,2.867,1.6879,23.08,55.59,98.55,5.6453,3.98,4.6425,2.9,10.13,99.78,4.8978,3.38,4.32,2.66,15.96,99.65,4.6129,3.06,4.1025,4.2,22.03,25.5143,3.2392,1.4068,11.073,7.2486,18.0,15.6451,53.0619,7.0286,199.0,22.2844
940.0,415.0,31.0,10.56,7.69,9.34,10.63,12.82,16.0,19.8,12.12,5.27,2.03,0.879,1.303,0.061,0.182,1.88,0.727,0.0,15.15,203.0,90.64,6.28,9.78,14.67,1.63,9.36,11.2,4.43,6.4,6.4,1.48,4.26,8.51,2.65,5.43,76.35,31.61,8.39,22.66,17.73,7.57,1.65,0.59,95.27,4.1357,3.9401,1.6435,14.89,29.31,95.07,3.2217,3.0629,1.5374,21.18,42.36,92.59,2.8777,2.6645,0.4602,27.41,53.33,98.58,5.437,3.42,4.46,7.33,18.91,98.03,4.5187,2.78,3.95,11.82,28.57,97.04,4.1703,2.708,3.575,16.3,35.56,13.3871,2.5943,1.1267,9.8175,5.089,11.5,10.8755,39.1702,3.4516,85.0,20.4819
960.0,587.0,41.0,10.91,8.77,9.11,10.21,14.37,18.0,21.0,17.07,5.32,2.15,0.659,1.366,0.195,0.732,2.06,1.415,4.88,2.44,265.0,95.85,6.36,8.71,9.45,0.79,4.15,5.37,2.26,1.13,0.38,0.0,4.75,10.87,2.56,2.76,93.96,29.32,4.82,32.83,18.87,9.0,0.0,0.6,99.66,4.1525,4.1384,1.9956,10.7,25.3,100.0,3.4017,3.4017,2.1424,8.68,39.25,100.0,3.1805,3.1805,2.0396,8.99,50.56,99.83,5.6685,3.738,4.58,0.85,11.88,100.0,4.8811,4.002,4.3,0.75,10.19,100.0,4.7364,3.794,4.14,1.12,11.8,14.3171,2.6615,1.1559,9.2423,4.7184,10.7143,11.7791,37.8264,3.3659,76.0,12.9472
700.0,1090.0,94.0,6.11,4.43,5.31,6.01,10.83,16.0,21.0,13.86,4.5,2.12,0.703,1.485,0.05,0.03,1.63,0.772,45.54,13.86,482.0,97.51,5.33,7.81,4.04,0.43,2.49,4.12,0.0,0.83,0.41,0.0,0.46,4.39,0.92,0.85,93.57,11.09,3.33,16.6,12.24,3.38,0.0,0.88,99.91,4.6515,4.6472,2.9227,3.11,11.15,99.38,4.0067,3.9817,2.7431,4.56,16.8,99.59,3.6929,3.6775,2.5999,4.15,22.41,100.0,5.9236,4.42,5.19,1.28,5.58,99.59,5.1996,4.144,4.685,2.49,8.71,100.0,4.9739,4.08,4.55,2.07,9.54,11.5957,2.4506,1.0643,7.6594,3.7364,5.1111,7.2955,25.082,1.5638,120.0,11.0092
1170.0,161.0,10.0,14.14,10.62,10.84,11.25,15.7,20.75,22.2,40.0,6.2,2.12,0.9,1.8,0.2,0.6,1.64,1.8,30.0,0.0,78.0,87.18,6.44,9.58,13.24,2.94,12.82,11.67,5.13,8.97,8.97,5.13,8.92,12.1,1.86,7.35,85.9,31.34,10.45,28.21,17.95,8.92,0.0,2.15,90.45,4.0706,3.6817,0.5873,18.47,33.76,93.59,3.2131,3.0072,1.0333,14.1,41.03,89.8,2.8827,2.5885,0.2408,20.41,48.98,98.73,5.3034,2.86,4.19,13.38,23.57,98.72,4.6121,3.028,4.03,10.26,25.64,97.96,4.2565,2.86,3.74,14.29,34.69,16.1,2.7788,1.2068,11.2022,5.9936,11.5,13.3484,41.5658,4.1,42.0,26.087
930.0,69.0,4.0,12.12,9.09,10.74,10.56,16.75,18.0,18.0,0.0,7.0,1.86,0.5,1.25,0.5,0.0,1.95,1.5,25.0,0.0,26.0,96.15,6.05,9.57,16.0,0.0,3.85,4.55,0.0,3.85,3.85,0.0,5.97,17.91,2.9,0.0,84.62,13.64,0.0,34.62,23.08,13.43,0.0,3.75,98.51,4.1725,4.1102,1.9367,11.94,32.84,96.15,3.2124,3.0889,1.6087,15.38,38.46,95.24,3.1335,2.9842,2.0682,9.52,38.1,98.51,5.6849,3.72,4.58,4.48,14.93,96.15,4.6277,3.275,4.565,3.85,19.23,95.24,4.4986,3.86,4.58,4.76,14.29,17.25,2.8478,1.2368,9.2978,5.0162,11.375,12.6026,41.8877,4.25,14.0,20.2899
1170.0,141.0,7.0,12.88,10.34,10.17,8.77,19.86,26.0,29.2,42.86,7.43,2.12,1.571,1.571,0.286,0.571,1.82,1.714,0.0,0.0,65.0,92.31,6.55,9.9,15.0,0.0,7.69,5.77,6.15,6.15,6.15,6.15,3.6,8.63,1.42,1.67,89.23,34.48,13.79,30.77,18.46,3.6,0.0,1.91,94.96,4.3346,4.1163,1.699,14.39,33.81,93.85,3.2594,3.0588,1.5575,15.38,53.85,90.0,3.0752,2.7677,1.2082,22.5,62.5,97.12,5.6176,3.546,4.395,5.04,16.55,96.92,4.5837,3.506,4.08,6.15,20.0,95.0,4.3402,3.127,4.03,10.0,22.5,20.1429,3.0028,1.3041,10.4588,6.1189,10.3333,12.0318,42.1287,4.4286,34.0,24.1135
1360.0,109.0,4.0,15.3,13.98,16.26,12.01,27.5,37.25,37.7,75.0,8.5,2.24,1.0,1.5,0.25,0.5,1.91,2.5,0.0,0.0,60.0,90.0,6.85,10.0,24.07,1.85,10.0,8.16,5.0,6.67,5.0,5.0,2.73,5.45,0.0,5.56,78.33,38.3,23.4,30.0,13.33,2.73,0.0,0.0,100.0,3.8729,3.8729,1.6435,17.27,39.09,100.0,2.98,2.98,1.6435,23.33,60.0,100.0,2.8875,2.8875,1.6435,27.66,65.96,100.0,5.5097,3.54,4.23,3.64,20.91,100.0,4.6443,3.539,3.82,5.0,28.33,100.0,4.5936,3.54,3.88,4.26,27.66,27.25,3.3051,1.4354,10.7826,7.2849,15.25,13.4279,53.8555,7.25,29.0,26.6055
930.0,1029.0,77.0,7.44,5.54,6.43,6.41,12.61,18.0,26.6,20.48,4.67,2.38,1.012,1.892,0.157,0.072,1.43,1.241,68.67,9.64,438.0,98.17,5.17,7.89,4.19,0.7,1.83,3.16,0.0,1.14,0.91,0.0,2.39,6.49,0.97,1.86,93.84,8.52,1.95,24.2,18.49,3.92,0.0,0.52,98.66,4.7313,4.668,2.7774,3.92,12.89,99.77,3.9791,3.97,2.6118,5.02,20.09,99.57,3.5336,3.5183,2.2529,8.66,32.9,99.62,5.9312,4.29,5.15,2.39,6.3,99.77,5.2095,4.027,4.66,2.97,9.36,99.57,4.8653,3.74,4.42,4.76,13.85,13.3636,2.5925,1.1259,7.844,3.9769,6.375,8.9156,28.8155,2.0649,114.0,11.0787
820.0,331.0,27.0,7.2,5.98,7.03,8.51,12.15,15.0,19.0,7.41,5.26,1.87,0.963,1.481,0.111,0.296,1.72,0.704,14.81,0.0,150.0,96.67,5.97,8.61,8.97,2.76,3.33,3.57,1.33,2.0,2.0,1.33,2.13,7.93,1.81,2.07,91.33,10.95,2.19,20.0,12.67,3.66,0.0,1.33,97.56,4.4449,4.3365,2.3743,7.62,17.68,100.0,3.694,3.694,2.351,6.0,24.0,100.0,3.4997,3.4997,2.3107,8.14,23.26,98.48,5.7438,4.007,4.93,3.96,9.76,100.0,5.0781,3.957,4.695,3.33,12.0,100.0,4.9223,3.855,4.6525,3.49,17.44,12.2593,2.5063,1.0885,8.1563,3.9446,6.5,8.7351,29.1777,2.0741,45.0,13.5952
980.0,1007.0,73.0,9.65,7.39,9.15,9.63,12.38,16.75,25.9,20.73,4.73,2.38,0.878,1.402,0.085,0.122,1.85,0.854,54.88,19.51,443.0,96.84,6.24,9.64,12.35,3.03,3.16,4.67,0.0,2.03,1.35,0.0,6.7,12.22,2.88,4.2,84.65,18.93,6.67,17.61,10.84,11.33,1.58,1.37,95.47,4.2451,4.0527,1.7356,12.81,24.43,98.87,3.5231,3.4834,1.9085,13.32,32.05,98.84,3.2101,3.1729,1.84,16.99,38.61,99.8,5.5963,3.594,4.695,2.96,14.58,99.77,4.8998,3.568,4.305,4.29,16.7,100.0,4.7359,3.542,4.105,3.09,20.08,13.7945,2.6243,1.1397,9.7461,4.8081,16.5,10.5143,33.3576,2.6986,180.0,17.8749
1050.0,1247.0,82.0,11.57,9.53,10.6,11.57,15.44,19.0,21.0,16.25,5.91,2.03,0.988,1.65,0.175,0.25,1.72,1.5,15.0,0.0,636.0,93.24,6.79,9.89,17.2,3.37,6.76,5.2,4.87,4.25,4.09,3.62,2.51,5.83,1.12,3.37,91.19,20.0,6.21,45.91,31.29,4.62,0.16,1.13,97.49,4.1978,4.0925,1.9859,10.36,27.13,96.86,3.4623,3.3534,1.9445,11.16,34.28,95.15,3.3356,3.1737,1.7634,13.11,39.32,99.76,5.6903,4.07,4.72,1.3,9.47,99.84,4.9892,3.83,4.53,1.73,11.79,99.76,4.9138,3.67,4.44,1.7,12.62,15.2073,2.7218,1.1821,10.1775,5.5694,7.125,11.8479,42.0718,4.0854,238.0,19.0858
1310.0,1371.0,68.0,15.42,12.67,13.73,12.91,19.53,24.75,32.0,45.71,6.51,2.44,0.886,1.429,0.186,0.743,1.97,1.829,7.14,7.14,726.0,92.56,7.33,10.9,26.93,4.02,7.44,8.11,3.72,5.23,4.27,2.89,2.19,6.8,2.04,8.48,81.68,32.88,7.93,48.21,29.48,4.54,0.15,1.04,97.66,3.9544,3.8618,1.6628,15.73,34.67,96.28,3.0486,2.9353,1.5118,21.76,47.66,95.29,2.936,2.7978,1.3578,24.31,49.61,99.93,5.5376,3.57,4.42,4.24,16.53,99.86,4.6557,3.335,4.135,5.92,22.73,99.8,4.5777,3.28,3.9925,6.67,25.1,20.1618,3.0038,1.3045,11.0861,6.5547,14.6,14.3853,48.5352,5.7206,333.0,24.2888
360.0,212.0,25.0,5.84,3.91,5.6,7.88,8.56,10.0,12.2,0.0,4.48,1.65,0.16,1.04,0.08,0.08,2.01,0.12,8.0,8.0,105.0,100.0,4.97,6.47,0.0,0.0,0.0,0.0,0.0,0.0,0.0,0.0,1.87,11.21,1.89,0.0,96.19,4.95,0.0,13.33,12.38,5.61,0.0,4.05,100.0,4.3609,4.3609,2.5551,5.61,23.36,100.0,3.7873,3.7873,3.0228,3.81,9.52,100.0,3.4296,3.4296,2.8899,5.06,12.66,100.0,5.822,4.02,4.735,0.0,7.94,100.0,5.2378,4.42,4.72,0.0,3.81,100.0,4.9535,4.42,4.62,0.0,5.06,8.48,2.1377,0.9284,7.7812,3.2517,4.0769,7.9765,29.2347,1.76,14.0,6.6038
360.0,122.0,18.0,5.99,2.34,4.43,6.46,7.24,9.0,9.8,0.0,4.29,1.39,0.118,0.941,0.0,0.0,1.59,0.294,5.88,5.88,66.0,96.97,4.43,6.02,0.0,0.0,3.03,2.86,3.03,0.0,0.0,0.0,0.81,8.13,2.46,0.0,96.97,6.25,0.0,7.58,6.06,0.81,0.0,0.68,100.0,4.116,4.116,2.2922,2.44,20.33,100.0,3.4571,3.4571,2.3096,3.03,33.33,100.0,3.1148,3.1148,2.3096,4.17,45.83,100.0,5.5489,3.73,4.58,0.0,13.01,100.0,4.852,3.77,4.15,0.0,18.18,100.0,4.5877,3.77,4.0025,0.0,25.0,6.7778,1.9136,0.8311,9.2792,3.3455,3.0,7.3871,21.5319,1.0,13.0,10.6557
470.0,232.0,24.0,4.9,3.64,5.35,7.26,9.28,11.0,13.0,4.0,4.76,1.52,0.4,1.2,0.04,0.08,1.32,1.2,4.0,4.0,127.0,99.21,4.9,6.55,0.0,0.0,0.79,1.75,0.0,0.0,0.0,0.0,0.0,0.0,0.0,0.79,92.13,14.53,5.13,11.81,11.81,0.0,0.0,0.0,100.0,4.4039,4.4039,2.3877,7.76,16.38,100.0,3.7642,3.7642,2.3909,8.66,21.26,100.0,3.3515,3.3515,1.6021,14.67,30.67,100.0,5.8008,3.99,5.03,3.45,11.64,100.0,5.1256,3.486,4.72,0.0,14.17,100.0,4.83,3.25,4.08,0.0,20.0,9.6667,2.2687,0.9853,7.3829,2.9434,4.1818,7.4923,24.3218,1.4167,13.0,5.6034
410.0,148.0,19.0,5.55,2.04,3.02,4.74,7.68,9.5,11.0,0.0,4.11,1.51,0.0,1.053,0.0,0.211,1.75,0.421,0.0,5.26,74.0,98.65,4.78,5.94,0.0,0.0,1.35,2.78,0.0,1.35,1.35,0.0,1.37,8.22,2.7,0.0,95.95,8.45,1.41,21.62,20.27,1.37,0.0,2.3,100.0,4.2553,4.2553,2.7536,1.37,11.64,100.0,3.4187,3.4187,2.3096,1.35,22.97,100.0,3.1343,3.1343,2.3096,1.85,29.63,100.0,5.6857,4.07,4.5,0.0,9.59,100.0,4.8068,3.77,4.4075,0.0,17.57,100.0,4.5957,3.77,4.3825,0.0,20.37,7.7895,2.0528,0.8915,8.3971,2.867,3.3077,7.0609,16.5733,0.6842,9.0,6.0811
630.0,1250.0,137.0,4.83,3.16,4.45,5.11,7.78,10.0,15.0,3.73,3.78,1.79,0.596,1.354,0.093,0.099,1.47,0.453,60.87,14.29,516.0,98.64,5.24,8.05,5.11,0.39,1.36,2.58,0.0,0.78,0.39,0.0,3.35,6.07,0.8,0.79,93.41,13.9,2.49,13.37,11.82,6.07,0.0,0.99,98.16,4.6328,4.5477,2.7903,5.19,15.73,99.61,3.9964,3.9809,2.5282,4.46,18.6,99.51,3.6193,3.6016,2.5015,4.88,22.93,99.76,5.8388,4.16,5.0675,3.27,8.95,99.81,5.1875,4.03,4.7375,3.1,9.5,100.0,4.9678,4.048,4.57,3.41,9.27,9.1241,2.2109,0.9602,7.7902,3.4533,7.0,6.3296,23.3641,1.2993,107.0,8.56
1080.0,563.0,34.0,10.39,8.16,9.25,9.08,16.03,19.0,26.0,22.86,5.71,2.39,0.914,1.629,0.2,0.514,1.97,0.943,22.86,0.0,259.0,97.68,6.44,10.0,17.0,1.58,2.32,3.39,0.0,1.54,1.54,0.0,3.21,10.16,1.95,1.58,91.89,25.21,3.78,28.96,22.39,10.16,0.0,1.05,98.93,4.1809,4.1362,2.1206,6.95,25.13,100.0,3.4027,3.4027,2.1206,5.41,34.36,100.0,3.1402,3.1402,2.1206,6.82,40.34,100.0,5.6871,3.9,4.67,2.67,10.87,100.0,4.9377,3.91,4.34,1.54,11.2,100.0,4.7731,3.86,4.13,1.7,12.5,16.5588,2.8069,1.219,10.0671,5.0985,8.8333,10.6545,37.6956,3.5,106.0,18.8277
860.0,565.0,44.0,8.96,7.55,7.79,9.15,12.84,16.25,18.0,9.09,5.32,2.03,0.682,1.386,0.114,0.409,1.71,0.727,6.82,0.0,265.0,96.23,6.47,9.68,14.9,2.35,3.77,5.7,0.75,1.13,0.75,0.75,5.66,10.09,1.77,4.71,94.72,34.26,9.56,29.81,20.38,6.37,0.0,1.23,95.22,4.3665,4.1578,2.0878,9.2,23.01,99.25,3.4267,3.4009,2.3839,6.79,31.32,98.73,3.1887,3.148,1.9699,10.83,34.39,99.47,5.6943,3.7,4.7,2.12,12.74,100.0,4.8843,4.03,4.5,3.77,9.81,100.0,4.7089,3.804,4.54,5.73,12.1,12.8409,2.5526,1.1086,9.0803,4.7044,6.5,9.9649,33.1949,2.6136,81.0,14.3363
960.0,683.0,56.0,9.62,7.53,10.22,12.22,12.94,15.0,19.8,11.32,5.42,2.1,0.774,1.396,0.094,0.189,1.92,0.774,26.42,1.89,344.0,97.38,6.71,9.78,19.4,0.3,2.62,4.57,0.58,0.29,0.29,0.0,3.21,12.24,2.78,8.06,86.05,26.01,5.07,37.21,29.36,8.16,0.58,1.98,98.4,3.9403,3.8771,1.9031,10.93,30.9,99.71,3.2099,3.2005,1.9132,11.63,36.63,99.55,2.9396,2.9264,1.5051,15.77,45.5,99.71,5.4471,3.695,4.5,4.23,13.56,100.0,4.75,3.62,4.21,5.23,15.41,100.0,4.5755,3.13,4.125,7.66,19.37,12.1964,2.5011,1.0862,10.8302,5.1525,6.0,10.3713,40.8934,3.5,133.0,19.4729
840.0,679.0,60.0,9.12,7.3,7.76,9.66,11.6,14.0,17.0,1.75,4.96,1.89,0.825,1.351,0.053,0.474,1.94,0.632,8.77,1.75,315.0,94.6,6.73,9.91,13.76,1.68,5.4,6.04,2.86,0.32,0.0,0.0,1.97,9.83,1.91,1.34,93.65,37.29,4.07,29.52,21.59,4.39,0.0,2.99,98.18,4.3084,4.2302,2.3324,4.84,22.69,100.0,3.479,3.479,2.4825,3.81,29.84,100.0,3.2413,3.2413,2.2885,4.21,33.68,99.7,5.7051,4.01,4.71,1.51,9.98,100.0,4.8965,3.928,4.51,1.9,12.38,100.0,4.7043,3.92,4.49,2.63,15.26,11.3167,2.4263,1.0537,9.3836,4.3472,4.9091,10.3928,33.8498,2.55,100.0,14.7275
900.0,697.0,59.0,8.63,6.54,6.63,8.03,12.83,15.0,19.0,9.43,5.77,1.91,0.83,1.321,0.075,0.302,1.78,0.698,3.77,0.0,300.0,97.33,6.65,9.41,15.41,0.34,2.67,3.39,1.33,0.33,0.0,0.0,5.15,11.18,2.3,3.08,94.67,28.52,8.8,37.0,26.0,7.06,0.29,2.62,98.09,4.3471,4.264,2.2891,6.76,23.24,100.0,3.4948,3.4948,2.4707,5.33,34.0,100.0,3.233,3.233,2.3141,7.78,41.67,100.0,5.7971,3.96,4.7575,1.18,11.47,100.0,4.9868,3.959,4.4675,2.0,13.33,100.0,4.8167,3.92,4.3625,3.33,17.22,11.8136,2.4692,1.0724,9.1611,4.5653,6.625,9.6554,30.4649,2.2034,116.0,16.6428
930.0,453.0,33.0,12.38,10.39,11.58,13.26,14.34,17.0,19.0,9.38,5.91,2.03,0.75,1.656,0.156,0.375,1.91,0.969,9.38,0.0,181.0,98.34,6.52,9.72,17.42,3.37,1.66,2.27,0.0,0.55,0.55,0.0,12.64,19.61,5.96,2.81,93.37,20.71,5.33,48.07,32.6,16.78,0.0,1.1,93.9,4.1024,3.8522,1.3424,14.16,30.07,100.0,3.4408,3.4408,1.9823,11.05,35.36,100.0,3.2829,3.2829,1.9438,11.61,38.39,100.0,5.5357,3.53,4.69,5.23,14.6,100.0,5.0164,3.93,4.5,3.31,11.6,100.0,4.9814,3.934,4.395,0.89,11.61,13.7273,2.6194,1.1376,10.4521,5.4514,8.375,12.8219,44.1908,4.1818,98.0,21.6336
550.0,150.0,16.0,10.68,5.77,6.56,8.96,8.22,10.0,12.3,0.0,4.28,1.68,0.333,1.333,0.0,0.0,1.78,0.333,5.56,11.11,61.0,98.36,5.37,7.51,1.67,0.0,1.64,2.5,0.0,0.0,0.0,0.0,12.16,14.19,2.67,1.67,93.44,7.02,0.0,36.07,27.87,12.84,0.0,1.18,90.54,4.4518,4.0307,1.3774,12.84,29.73,100.0,3.5141,3.5141,2.3096,6.56,34.43,100.0,3.1043,3.1043,2.3096,9.76,46.34,100.0,5.5511,3.56,4.45,6.76,19.59,100.0,4.8852,3.77,4.21,1.64,19.67,100.0,4.5893,3.77,3.99,2.44,26.83,9.375,2.238,0.972,9.5754,4.2822,4.5833,10.5502,33.375,2.25,23.0,15.3333
950.0,665.0,53.0,12.24,8.96,9.0,10.69,12.34,14.0,18.0,3.77,5.51,1.85,0.453,1.226,0.151,0.189,1.89,0.717,3.77,3.77,258.0,94.19,6.87,10.56,23.05,1.65,5.81,7.19,3.1,2.33,0.39,0.0,9.94,19.42,3.16,4.53,93.8,32.23,18.18,37.21,24.81,13.91,2.91,1.71,94.34,4.2409,4.0009,1.6721,16.21,29.2,99.61,3.4788,3.4653,1.9243,18.6,32.17,100.0,3.2753,3.2753,1.9956,20.99,36.42,99.08,5.6947,3.75,4.695,5.2,14.53,100.0,5.0762,3.91,4.375,3.49,18.22,100.0,5.0231,3.98,4.34,0.62,17.9,12.5472,2.5295,1.0985,9.8388,5.0524,8.5714,12.2466,39.7652,3.4151,115.0,17.2932
1000.0,553.0,37.0,11.26,8.95,10.24,10.81,13.78,20.0,22.0,26.83,5.15,2.38,1.073,1.683,0.171,0.244,1.67,1.146,21.95,17.07,287.0,93.38,6.4,9.47,11.94,2.99,6.62,8.59,1.39,3.14,2.79,0.7,2.48,4.78,0.9,4.48,90.24,26.64,6.18,31.01,20.91,4.42,0.0,0.87,98.41,4.2863,4.218,2.0755,9.2,26.02,99.65,3.4236,3.4117,1.8724,10.8,36.93,99.44,2.9947,2.978,1.7308,15.64,48.6,99.29,5.6282,3.75,4.61,5.13,13.27,100.0,4.8195,3.464,4.19,6.27,17.77,100.0,4.4619,3.074,3.965,9.5,25.7,14.9459,2.7044,1.1745,10.2313,5.4657,10.1667,11.5293,41.3474,3.9459,129.0,23.3273
620.0,175.0,19.0,5.97,4.79,5.33,7.43,9.16,11.0,12.2,5.26,4.32,1.68,0.684,1.316,0.211,0.316,1.43,0.842,0.0,5.26,91.0,97.8,5.33,7.8,5.62,0.0,2.2,2.99,0.0,0.0,0.0,0.0,0.57,4.02,0.57,2.25,92.31,17.86,4.76,31.87,25.27,0.57,0.0,2.5,100.0,4.3494,4.3494,2.4639,5.75,17.24,100.0,3.6958,3.6958,2.1461,6.59,21.98,100.0,3.6456,3.6456,2.5916,5.17,17.24,100.0,5.768,4.11,4.77,1.15,8.62,100.0,5.0744,3.79,4.535,2.2,13.19,100.0,5.0347,4.065,4.675,0.0,8.62,9.2105,2.2203,0.9643,8.5145,3.2188,3.9167,8.0329,21.782,1.1579,20.0,11.4286
880.0,410.0,33.0,9.56,7.93,8.54,10.36,11.82,13.0,17.4,2.94,5.38,1.78,1.029,1.471,0.176,0.176,1.84,0.618,8.82,2.94,192.0,95.83,6.12,9.11,11.96,1.09,4.17,3.48,2.6,0.52,0.0,0.0,5.97,11.69,1.46,0.54,95.83,17.39,2.72,42.71,23.96,8.96,0.0,1.53,99.5,4.1716,4.1509,2.3118,7.21,22.39,100.0,3.6997,3.6997,2.5082,3.65,23.96,100.0,3.6537,3.6537,2.6522,3.2,24.0,100.0,5.6822,4.222,4.94,3.73,8.46,100.0,5.1817,4.363,4.695,0.0,6.25,100.0,5.1736,4.43,4.72,0.0,4.0,12.4242,2.5196,1.0943,9.914,5.0659,6.5,10.161,38.7657,3.2727,71.0,17.3171
630.0,1383.0,120.0,5.56,4.08,5.38,5.27,10.07,14.0,18.0,7.25,4.32,2.22,0.906,1.739,0.051,0.058,1.46,0.746,75.36,12.32,590.0,96.61,5.09,7.28,2.46,0.35,3.39,5.95,1.19,0.85,0.51,0.0,6.19,8.06,0.87,0.88,96.61,16.49,2.63,13.9,11.69,7.12,0.0,0.77,95.9,4.7095,4.5164,2.6711,6.55,13.96,100.0,4.0378,4.0378,2.6776,2.71,14.75,100.0,3.5721,3.5721,2.5949,3.02,23.28,100.0,5.884,4.269,5.01,0.72,6.69,100.0,5.2297,4.1,4.74,0.85,6.44,100.0,4.8808,4.021,4.45,0.43,9.91,11.525,2.4445,1.0616,7.9872,3.7948,3.3077,6.6661,22.371,1.25,103.0,7.4476
940.0,1274.0,82.0,10.14,7.8,9.38,9.37,14.9,21.75,28.0,32.56,5.45,2.25,1.337,1.814,0.116,0.233,1.74,0.965,55.81,12.79,576.0,93.92,5.97,9.0,10.17,1.48,6.08,8.7,0.87,2.43,1.56,0.87,5.07,7.34,1.02,2.4,92.53,20.26,7.69,23.09,15.45,6.48,0.08,0.57,96.64,4.4141,4.2659,2.1703,8.9,20.22,98.61,3.594,3.5441,2.1139,9.38,27.43,98.07,3.461,3.3943,2.1847,9.32,28.3,99.84,5.7382,3.86,4.82,2.58,12.26,100.0,4.9083,3.725,4.4,4.86,14.58,100.0,4.8351,3.83,4.32,5.14,14.79,15.5366,2.7432,1.1914,9.2284,4.9198,11.2,11.0086,36.6512,3.2805,193.0,15.1491
420.0,134.0,17.0,4.05,2.81,3.71,5.42,7.65,9.0,9.4,0.0,4.59,1.38,0.471,1.176,0.118,0.0,1.82,0.235,17.65,0.0,77.0,100.0,5.03,6.45,1.3,0.0,0.0,0.0,0.0,0.0,0.0,0.0,3.85,3.85,0.75,0.0,100.0,9.09,0.0,25.97,20.78,3.85,0.0,0.0,100.0,4.5035,4.5035,3.0278,0.77,10.0,100.0,4.1632,4.1632,3.2051,0.0,9.09,100.0,4.0333,4.0333,3.1992,0.0,10.2,100.0,5.879,4.44,5.04,0.0,3.85,100.0,5.4826,4.65,5.1,0.0,0.0,100.0,5.3839,4.65,5.1,0.0,0.0,7.8824,2.0646,0.8967,8.1517,2.9773,3.0769,6.2273,21.3152,1.0588,12.0,8.9552
650.0,353.0,35.0,7.21,5.73,6.4,8.26,10.03,12.0,14.2,2.86,4.83,1.82,0.771,1.286,0.114,0.114,1.74,0.371,17.14,0.0,173.0,94.8,5.44,8.49,4.88,0.0,5.2,5.21,2.89,4.05,4.05,2.89,3.42,6.84,1.42,0.0,95.38,10.91,1.21,28.9,16.76,5.7,0.0,0.95,98.29,4.528,4.4506,2.5694,2.28,13.39,100.0,4.0018,4.0018,2.9956,0.0,10.98,100.0,3.8135,3.8135,2.9956,0.0,12.62,98.58,5.8269,4.17,5.165,1.42,7.98,100.0,5.39,4.59,5.03,0.0,1.16,100.0,5.295,4.57,4.825,0.0,1.94,10.0857,2.3111,1.0037,7.8941,3.7228,5.2,9.0816,29.3492,1.9429,39.0,11.0482
430.0,130.0,18.0,5.04,4.2,3.3,5.31,7.22,8.75,10.0,0.0,3.83,1.43,0.444,1.056,0.0,0.0,1.61,0.111,0.0,0.0,63.0,100.0,5.49,8.17,1.59,0.0,0.0,0.0,0.0,0.0,0.0,0.0,9.23,12.31,2.31,0.0,100.0,14.29,6.35,17.46,14.29,10.0,0.0,0.68,99.23,4.4097,4.3758,2.5342,1.54,13.08,100.0,3.995,3.995,2.9003,0.0,11.11,100.0,3.7142,3.7142,2.5704,0.0,18.92,100.0,5.745,4.237,4.885,1.54,5.38,100.0,5.3695,4.366,4.89,0.0,1.59,100.0,5.1173,4.12,4.77,0.0,2.7,7.2222,1.9772,0.8587,8.3673,3.2466,3.0,7.595,19.5299,0.8889,13.0,10.0
1010.0,480.0,34.0,10.4,7.86,9.21,10.38,14.67,18.0,22.0,24.24,6.06,2.13,0.758,1.455,0.182,0.182,1.91,1.424,6.06,0.0,256.0,94.92,6.3,9.62,15.23,0.82,5.08,4.03,3.52,4.3,4.3,3.52,1.45,7.85,2.08,3.29,76.17,26.67,6.15,25.0,15.62,4.34,0.21,1.9,98.55,4.0968,4.0375,1.9347,12.19,28.72,98.44,3.2752,3.2241,1.9243,15.23,40.23,97.74,2.9472,2.8806,1.562,20.34,49.72,99.79,5.5741,3.7,4.53,3.51,15.91,100.0,4.745,3.3,4.0,2.34,23.83,100.0,4.5016,3.216,3.85,3.39,30.51,14.1176,2.6474,1.1498,10.4554,5.1767,5.8889,10.9669,40.3676,3.7059,94.0,19.5833
660.0,127.0,16.0,7.27,4.32,3.57,5.22,7.94,9.25,11.0,0.0,3.88,1.6,0.188,1.0,0.0,0.125,2.0,0.312,18.75,6.25,41.0,100.0,5.99,7.84,9.76,0.0,0.0,0.0,0.0,0.0,0.0,0.0,14.96,19.69,5.51,0.0,97.56,12.5,2.5,26.83,19.51,23.62,0.0,0.66,96.85,4.0931,3.9641,1.0414,17.32,27.56,100.0,3.5037,3.5037,2.6191,2.44,21.95,100.0,3.2756,3.2756,2.5955,3.57,28.57,100.0,5.5427,3.29,4.62,7.87,20.47,100.0,4.9522,4.05,4.78,0.0,9.76,100.0,4.8593,4.032,4.7675,0.0,10.71,7.9375,2.0716,0.8997,9.6251,4.0574,3.3846,8.2785,22.8981,1.1875,19.0,14.9606
1410.0,214.0,11.0,15.26,13.28,12.44,11.46,19.18,22.5,32.0,36.36,7.09,2.25,1.091,1.545,0.273,0.364,2.04,1.818,0.0,0.0,61.0,95.08,6.19,9.6,15.52,1.72,4.92,6.0,0.0,0.0,0.0,0.0,27.49,38.39,11.68,6.9,86.89,15.09,3.77,26.23,18.03,33.18,0.0,1.2,90.05,3.9213,3.531,1.0414,18.01,36.49,100.0,3.3195,3.3195,1.7634,11.48,34.43,100.0,3.3288,3.3288,1.8335,12.12,42.42,100.0,5.2391,3.29,4.215,9.95,18.01,100.0,4.8346,3.86,4.3,4.92,13.11,100.0,4.9164,3.876,4.21,6.06,15.15,19.4545,2.9681,1.289,12.5702,6.4755,16.2,15.7865,52.6321,6.4545,46.0,21.4953
970.0,1014.0,81.0,10.29,7.7,8.99,10.8,12.25,14.5,19.0,8.43,5.1,2.03,0.53,1.301,0.048,0.265,2.05,0.723,3.61,3.61,534.0,96.07,7.07,10.7,22.03,5.26,3.93,5.11,2.43,2.81,2.43,1.87,2.36,8.85,1.97,7.41,77.34,24.94,5.08,31.27,20.22,5.11,0.0,1.45,99.61,3.8701,3.8549,1.7634,15.24,32.55,99.44,2.9888,2.972,1.6812,18.91,44.38,99.46,2.7132,2.6987,1.2788,23.92,52.69,100.0,5.455,3.528,4.28,4.52,16.62,99.81,4.617,3.39,4.08,5.99,20.41,100.0,4.4462,3.272,4.02,7.53,24.73,12.5185,2.5272,1.0976,10.1903,5.0043,7.0,10.8772,37.1734,3.0864,162.0,15.9763
740.0,181.0,17.0,7.57,6.23,6.01,7.95,10.65,13.0,15.6,0.0,5.06,1.64,0.706,1.294,0.176,0.235,1.58,1.059,11.76,0.0,91.0,98.9,5.97,9.17,13.33,5.56,1.1,1.89,0.0,0.0,0.0,0.0,0.0,3.31,0.55,7.78,94.51,20.93,6.98,23.08,18.68,2.21,0.0,0.49,98.9,4.3564,4.3082,2.4281,7.18,20.99,100.0,3.3235,3.3235,1.7993,12.09,31.87,100.0,3.1551,3.1551,1.7993,13.85,35.38,100.0,5.8065,3.96,4.64,2.76,11.05,100.0,4.8438,3.74,4.215,3.3,14.29,100.0,4.7029,3.578,4.09,3.08,16.92,10.6471,2.3653,1.0272,9.3988,4.5259,4.6364,8.4953,32.194,2.2941,29.0,16.0221
430.0,219.0,28.0,5.14,3.25,3.04,4.62,7.82,9.0,10.0,0.0,4.07,1.7,0.464,1.179,0.036,0.143,1.66,0.357,14.29,10.71,95.0,96.84,4.87,6.55,2.17,0.0,3.16,2.04,3.16,3.16,3.16,3.16,3.2,10.5,2.74,0.0,89.47,10.59,1.18,16.84,13.68,5.94,0.0,0.77,99.54,4.4757,4.4552,2.1913,9.13,18.72,100.0,3.7902,3.7902,1.9911,10.53,23.16,100.0,3.3037,3.3037,1.6021,14.29,31.75,100.0,5.7821,3.928,4.875,5.94,10.96,100.0,5.0924,3.438,4.7,4.21,11.58,100.0,4.7665,3.25,4.295,4.76,15.87,7.8214,2.0569,0.8933,7.4853,3.1592,3.0714,7.1686,18.7803,0.8571,22.0,10.0457
670.0,749.0,76.0,5.49,3.98,4.76,5.71,8.93,12.0,17.0,8.33,4.23,1.95,0.655,1.381,0.012,0.0,1.57,0.476,44.05,13.1,324.0,98.15,5.29,7.36,3.77,0.0,1.85,2.48,0.62,1.23,1.23,0.62,4.0,5.73,1.34,1.89,94.75,12.38,4.56,16.98,13.58,5.2,0.0,0.31,96.4,4.6309,4.4642,2.4659,7.2,16.27,100.0,3.7907,3.7907,2.4069,4.32,20.37,100.0,3.4562,3.4562,2.2529,6.13,25.15,99.33,5.8113,4.016,4.95,3.6,10.0,100.0,5.0719,3.922,4.585,3.4,10.8,100.0,4.8625,3.732,4.46,5.52,12.88,9.8553,2.288,0.9937,7.8567,3.5146,5.3333,7.4262,25.4761,1.5395,73.0,9.7463
610.0,622.0,60.0,5.18,3.88,5.58,7.27,10.23,13.0,17.0,4.92,4.49,1.84,0.459,1.426,0.082,0.098,1.75,1.377,14.75,3.28,337.0,95.25,5.02,7.11,2.8,0.0,4.75,5.32,2.08,3.56,2.67,2.08,0.8,1.92,0.48,0.31,93.47,13.97,3.49,13.95,10.39,0.96,0.0,0.82,97.6,4.518,4.4094,2.7938,5.29,11.7,97.33,3.8905,3.7866,2.5198,6.23,13.95,95.53,3.7917,3.6223,2.5198,6.15,14.53,97.76,5.6962,4.16,4.8675,3.85,7.69,97.33,4.9513,3.904,4.64,3.56,10.39,95.53,4.809,3.844,4.65,5.03,11.17,10.3667,2.3386,1.0156,7.1208,2.9644,5.875,7.8515,24.8361,1.5,38.0,6.1093
930.0,337.0,25.0,12.04,9.73,8.5,9.82,13.32,17.0,19.6,12.0,5.6,1.95,1.08,1.4,0.2,0.16,1.77,0.6,24.0,0.0,142.0,97.89,6.43,9.83,12.95,0.72,2.11,3.16,0.0,0.7,0.0,0.0,7.81,13.81,2.67,2.88,96.48,18.25,8.03,29.58,14.79,9.61,0.0,2.31,95.2,4.391,4.18,1.865,10.81,24.62,100.0,3.7037,3.7037,2.2628,7.75,28.87,100.0,3.6,3.6,2.3212,7.69,30.77,100.0,5.7144,3.95,4.92,5.11,11.41,100.0,5.1881,4.122,4.655,1.41,6.34,100.0,5.1424,4.302,4.67,2.56,5.13,13.48,2.6012,1.1297,9.178,5.0364,8.5714,12.1978,38.9993,3.44,65.0,19.2878
960.0,312.0,23.0,10.94,8.38,8.8,10.14,13.43,16.0,21.6,17.39,5.57,1.89,1.087,1.522,0.174,0.348,1.8,0.87,4.35,0.0,149.0,96.64,6.54,9.92,18.06,1.39,3.36,4.95,0.0,2.01,1.34,0.0,4.85,7.44,0.96,3.47,79.87,29.41,5.88,28.86,16.11,8.74,0.0,1.42,99.68,4.1425,4.1291,2.4258,6.8,25.57,100.0,3.413,3.413,2.3425,7.38,38.93,100.0,3.0944,3.0944,2.0995,9.68,50.54,100.0,5.6094,3.98,4.53,1.62,10.68,100.0,4.8411,3.924,4.22,3.36,12.08,100.0,4.6072,3.56,4.1,5.38,15.05,13.5652,2.6075,1.1324,10.1294,4.9844,6.0,11.5521,35.0396,2.913,66.0,21.1538
630.0,167.0,20.0,6.45,4.91,4.69,6.67,8.53,10.0,13.2,0.0,4.63,1.58,0.526,1.158,0.053,0.211,1.75,0.263,15.79,0.0,75.0,93.33,5.62,7.8,4.29,0.0,6.67,3.33,5.33,6.67,6.67,5.33,6.17,11.11,2.99,0.0,92.0,7.25,1.45,28.0,22.67,6.79,0.0,2.08,90.74,4.5927,4.1675,2.2406,9.26,18.52,100.0,3.7304,3.7304,2.3888,6.67,17.33,100.0,3.397,3.397,1.9413,10.42,25.0,100.0,5.7681,4.132,5.05,2.47,8.64,100.0,5.228,4.45,4.96,6.67,8.0,100.0,5.0079,3.182,4.925,10.42,12.5,8.35,2.1223,0.9217,8.8728,3.3553,4.25,8.8418,29.3081,1.75,22.0,13.1737
890.0,760.0,55.0,9.84,7.65,7.17,8.31,13.87,17.0,19.7,11.11,5.78,2.17,0.852,1.167,0.111,0.296,2.02,0.5,5.56,20.37,401.0,98.0,6.47,9.58,10.43,3.82,2.0,3.61,1.0,1.25,0.75,0.5,0.0,1.2,0.0,5.09,81.8,38.11,7.62,19.95,13.22,0.13,0.0,2.75,100.0,4.2263,4.2263,2.2078,6.14,28.3,100.0,3.1982,3.1982,2.1492,8.23,46.88,100.0,2.9597,2.9597,2.1492,9.15,55.25,100.0,5.7092,4.004,4.52,1.87,10.01,100.0,4.7349,3.73,4.2,3.74,15.96,100.0,4.5616,3.73,4.17,4.41,19.32,13.8182,2.626,1.1405,8.7888,4.6771,8.4286,10.4774,32.634,2.6,84.0,11.0526
990.0,659.0,46.0,9.68,8.05,8.68,9.52,14.3,17.0,22.0,17.39,5.76,2.06,0.891,1.304,0.304,0.304,1.72,1.304,15.22,8.7,310.0,97.42,6.1,8.8,6.95,0.33,2.58,4.24,0.65,1.29,1.29,0.65,4.86,10.33,3.19,2.65,88.71,25.45,4.0,30.65,27.1,8.66,0.15,0.39,97.26,4.269,4.1522,2.1703,8.81,25.08,99.03,3.4702,3.4366,1.6303,11.94,33.55,98.54,3.2019,3.1552,1.6021,16.99,39.81,99.85,5.6817,3.98,4.7525,3.34,10.79,99.68,4.9315,3.446,4.39,2.9,13.55,99.51,4.7093,3.25,4.19,4.37,17.96,14.3261,2.6621,1.1561,9.2111,4.9078,11.0,10.9403,36.0256,3.1087,94.0,14.264
740.0,321.0,26.0,9.3,8.67,7.32,9.0,12.35,15.75,18.0,3.85,4.35,2.73,0.0,0.462,0.0,0.0,5.04,0.077,0.0,57.69,69.0,14.49,8.8,12.74,40.0,40.0,85.51,82.76,23.19,85.51,72.46,21.74,68.22,33.33,9.03,0.0,5.8,25.0,25.0,7.25,4.35,70.72,0.0,0.0,50.78,2.4392,1.2386,0.0,68.22,83.8,21.74,2.48,0.5391,0.0,85.51,95.65,23.73,2.5419,0.6032,0.0,83.05,94.92,85.36,2.7764,0.0,1.72,60.75,72.27,78.26,2.0238,0.0,1.19,81.16,89.86,77.97,2.0993,0.0,1.395,79.66,88.14,12.3462,2.5133,1.0915,19.301,6.8664,5.0,9.7572,32.2838,2.4615,106.0,33.0218
1020.0,483.0,31.0,8.72,7.78,8.81,9.19,15.45,19.0,22.0,19.35,5.84,2.19,1.032,1.581,0.194,0.258,1.48,1.548,3.23,0.0,233.0,94.85,6.1,8.83,9.95,0.0,5.15,7.63,1.72,1.29,0.86,0.0,5.64,11.48,1.24,3.62,89.7,27.27,12.44,24.03,15.45,7.52,0.0,1.28,100.0,4.194,4.194,2.2684,7.31,22.76,100.0,3.5044,3.5044,2.0492,9.44,35.62,100.0,3.2017,3.2017,1.6021,13.51,49.32,100.0,5.7492,4.08,4.9,1.88,7.72,100.0,5.0423,3.91,4.27,1.29,11.59,100.0,4.8155,3.75,4.08,2.03,16.89,15.5806,2.746,1.1926,8.8227,4.8876,6.8571,9.454,32.1438,2.5806,66.0,13.6646
1060.0,589.0,36.0,12.59,9.86,10.72,10.88,15.07,21.0,27.0,30.0,5.7,2.26,1.025,1.175,0.2,0.15,1.97,1.2,27.5,15.0,304.0,94.74,6.46,9.38,14.24,1.39,5.26,3.43,3.62,3.62,3.29,2.63,0.66,4.31,1.02,6.6,75.99,28.14,12.55,19.41,12.17,2.82,0.17,1.69,98.01,4.1407,4.0583,1.8762,12.27,29.19,97.04,3.0812,2.9899,1.4624,17.76,48.36,95.83,2.8587,2.7396,1.4548,19.91,55.09,98.51,5.485,3.46,4.29,6.14,20.4,97.37,4.392,2.957,3.6575,10.2,34.21,96.3,4.1844,2.77,3.525,11.57,40.28,16.3611,2.7949,1.2138,9.8096,5.4529,5.9,12.9318,43.0165,4.3611,116.0,19.6944
920.0,684.0,52.0,8.13,6.89,8.13,9.37,13.17,15.0,18.0,9.62,5.31,1.99,1.096,1.5,0.269,0.115,1.66,0.846,11.54,0.0,390.0,97.44,6.02,9.4,12.89,0.79,2.56,3.91,1.54,1.03,1.03,1.03,1.46,3.65,1.02,2.63,92.05,23.4,3.06,39.49,30.51,2.48,0.15,0.38,99.27,4.1626,4.1322,2.1271,7.59,26.86,100.0,3.4249,3.4249,2.0043,9.49,35.64,100.0,3.0583,3.0583,1.9191,13.2,52.0,99.85,5.6892,4.068,4.71,1.46,7.45,100.0,4.9724,4.025,4.41,0.51,10.0,100.0,4.7414,3.7,4.15,0.4,13.6,13.1538,2.5767,1.1191,8.9982,4.4916,6.25,9.3165,33.6217,2.6923,86.0,12.5731
670.0,247.0,28.0,8.87,6.77,6.17,8.62,8.75,11.0,13.0,0.0,4.36,1.54,0.464,1.143,0.071,0.143,1.57,0.429,10.71,7.14,121.0,100.0,5.73,8.11,7.44,0.83,0.0,0.0,0.0,0.0,0.0,0.0,8.16,13.88,1.62,3.31,95.04,15.65,8.7,27.27,21.49,8.98,0.0,0.36,95.1,4.1511,3.9478,1.2147,17.14,23.27,100.0,3.6767,3.6767,1.959,10.74,19.83,100.0,3.3535,3.3535,1.959,17.39,30.43,96.33,5.4908,3.55,4.71,7.35,16.73,100.0,5.1905,3.9,4.75,1.65,13.22,100.0,5.0145,3.58,4.59,1.45,20.29,8.8214,2.1772,0.9455,8.9325,4.0326,4.2308,9.7842,30.6838,1.9286,33.0,13.3603
840.0,188.0,15.0,7.14,5.3,6.03,7.17,12.33,14.5,15.6,0.0,5.13,1.94,0.867,1.467,0.067,0.267,1.7,0.8,13.33,0.0,98.0,98.98,5.48,7.31,3.09,0.0,1.02,1.52,0.0,0.0,0.0,0.0,0.0,4.32,1.6,1.03,79.59,10.26,0.0,18.37,12.24,0.54,0.0,1.88,100.0,4.3854,4.3854,2.5752,0.54,18.38,100.0,3.6113,3.6113,2.8055,1.02,29.59,100.0,3.39,3.39,2.6675,1.41,39.44,100.0,5.8027,3.96,4.85,0.0,11.35,100.0,4.9944,4.087,4.1,1.02,9.18,100.0,4.821,3.97,4.1,1.41,12.68,12.5333,2.5284,1.0981,8.1217,3.5211,6.7143,8.4474,24.7674,1.5333,18.0,9.5745
660.0,2193.0,206.0,7.65,5.45,6.35,7.1,9.61,13.0,18.3,8.33,4.23,2.07,0.877,1.601,0.048,0.066,1.48,0.715,65.35,9.65,941.0,96.92,5.71,8.83,8.99,1.54,3.08,4.77,1.06,1.06,0.43,0.0,7.53,9.45,0.82,1.75,93.84,15.86,4.08,19.77,13.28,9.5,0.68,0.54,95.34,4.6061,4.3916,2.2504,8.08,16.35,99.89,3.9233,3.9191,2.4594,4.68,19.87,100.0,3.5427,3.5427,2.2504,5.56,25.36,99.63,5.742,4.069,4.92,2.69,9.63,100.0,5.1667,4.08,4.71,2.66,9.03,100.0,4.9444,3.929,4.57,1.93,11.35,10.6456,2.3651,1.0272,8.9454,4.1283,6.375,9.1655,29.2959,1.9854,246.0,11.2175
780.0,287.0,28.0,7.72,6.95,8.1,10.31,10.29,11.0,13.6,7.14,4.43,1.85,0.75,1.464,0.107,0.286,1.83,0.857,10.71,0.0,158.0,96.84,5.65,10.12,15.69,0.0,3.16,3.16,2.53,1.9,1.27,0.0,1.39,9.38,2.44,11.11,85.44,11.85,2.22,15.82,10.13,3.12,0.35,0.0,99.65,4.1492,4.1348,1.8292,11.11,23.61,99.37,3.3783,3.3569,1.6335,16.46,36.08,98.96,2.9794,2.9484,1.6335,20.83,51.04,99.65,5.6273,3.69,4.64,3.47,14.93,99.37,4.8434,3.69,4.22,4.43,24.05,98.96,4.5663,3.69,3.93,4.17,32.29,10.25,2.3273,1.0107,8.8214,4.1721,4.25,10.2086,35.3371,2.5714,40.0,13.9373
910.0,606.0,44.0,11.38,8.67,8.98,10.0,13.89,16.0,19.7,11.36,5.86,1.96,1.023,1.636,0.182,0.091,1.62,1.0,18.18,0.0,292.0,97.26,6.35,9.7,15.14,3.52,2.74,4.57,0.0,1.37,1.03,0.0,8.35,11.95,2.15,3.52,95.89,20.0,7.86,47.26,31.16,9.98,2.13,1.11,98.85,4.2204,4.1721,2.2945,6.06,25.7,99.32,3.6364,3.6115,2.4987,6.85,23.29,98.93,3.4778,3.4406,2.292,8.02,22.99,100.0,5.6834,4.23,4.735,1.8,7.2,100.0,5.1636,4.39,4.78,1.71,5.48,100.0,5.0806,4.32,4.68,1.6,5.88,13.7727,2.6227,1.139,10.2083,4.9948,8.7143,11.8271,39.6803,3.5682,121.0,19.967
1140.0,316.0,18.0,12.21,10.53,11.97,11.99,17.5,24.75,29.0,38.89,6.11,2.03,1.333,1.889,0.5,0.222,1.68,1.667,11.11,0.0,138.0,97.1,5.56,8.39,7.46,0.0,2.9,4.3,0.0,1.45,0.72,0.0,10.48,20.32,5.38,1.49,95.65,13.64,2.27,20.29,12.32,16.19,0.0,1.66,97.14,4.0278,3.9127,2.0969,8.89,32.7,99.28,3.6229,3.5966,2.5186,4.35,27.54,98.85,3.4638,3.424,2.5908,5.75,33.33,97.46,5.4357,3.87,4.58,6.03,11.75,100.0,5.0279,4.101,4.53,2.17,8.7,100.0,4.9391,3.974,4.455,2.3,12.64,17.5556,2.8654,1.2444,9.9038,5.7093,12.0,12.8389,43.1885,4.5,54.0,17.0886
830.0,525.0,43.0,8.39,5.87,6.98,8.38,12.16,15.0,15.8,4.65,5.33,1.9,0.628,1.512,0.233,0.512,1.66,1.442,9.3,0.0,245.0,98.37,6.0,9.62,13.69,2.07,1.63,2.9,0.0,1.22,0.82,0.0,2.1,9.37,2.67,4.56,91.43,15.18,1.79,23.67,19.18,5.54,0.19,0.66,99.43,4.2988,4.2741,2.2216,6.69,23.33,99.18,3.4612,3.4329,1.8676,11.02,28.16,99.38,3.1938,3.1741,1.7782,14.2,35.19,99.81,5.8111,4.144,4.81,1.91,7.65,100.0,4.9679,3.706,4.66,2.45,13.47,100.0,4.8349,3.69,4.4125,3.09,17.28,12.2093,2.5022,1.0867,9.1746,4.3297,5.5556,9.59,31.2569,2.3256,72.0,13.7143
630.0,244.0,25.0,8.33,6.16,6.15,7.91,9.72,11.0,14.6,4.0,4.6,1.82,0.68,1.4,0.08,0.16,1.64,0.36,24.0,4.0,103.0,93.2,5.05,7.28,6.25,2.08,6.8,6.94,3.88,5.83,5.83,3.88,5.76,8.23,2.46,1.04,92.23,9.47,4.21,25.24,19.42,12.35,0.0,2.36,96.3,4.5253,4.3577,2.6033,5.76,14.81,98.06,3.9364,3.86,2.6878,3.88,14.56,96.36,3.7461,3.6099,2.5942,7.27,16.36,98.77,5.7769,4.396,5.05,3.7,6.17,98.06,5.2176,4.176,4.935,1.94,4.85,96.36,5.0673,4.16,4.925,3.64,5.45,9.76,2.2783,0.9894,8.1328,3.9422,4.8182,9.5923,29.4321,1.92,35.0,14.3443
1070.0,642.0,36.0,11.68,9.78,11.34,10.98,17.75,22.0,25.5,36.11,6.33,2.29,1.472,1.917,0.25,0.389,1.85,1.611,22.22,2.78,269.0,97.77,6.52,9.66,14.45,2.66,2.23,3.14,0.0,0.74,0.74,0.0,6.1,15.96,4.36,1.52,91.45,28.86,10.57,27.88,22.3,11.74,0.47,1.87,97.65,4.2086,4.1098,2.1212,9.55,25.51,99.63,3.5281,3.515,2.2856,6.69,33.83,99.39,3.266,3.2459,2.1559,9.2,42.94,99.22,5.5741,3.9,4.66,4.54,11.89,99.63,4.9499,3.932,4.4,0.74,11.52,99.39,4.7522,3.814,4.17,1.23,15.95,17.8333,2.8811,1.2512,10.6206,5.7245,8.0,11.8034,40.8863,4.1111,131.0,20.405
860.0,818.0,60.0,6.38,5.39,5.25,5.19,12.27,17.0,22.0,16.42,5.01,2.1,1.09,1.97,0.149,0.09,1.49,0.851,47.76,7.46,333.0,97.0,4.95,7.31,2.48,0.0,3.0,3.86,1.2,1.8,0.6,0.0,4.87,6.2,0.49,0.31,94.59,11.75,4.76,15.02,12.01,5.6,0.0,0.3,96.11,4.6986,4.5157,2.5018,7.3,14.11,99.4,3.8586,3.8354,2.5571,4.8,18.92,98.71,3.5606,3.5147,2.5988,3.23,24.52,99.76,5.8784,4.081,4.97,2.43,9.61,99.7,5.0507,3.812,4.64,3.9,11.41,99.35,4.8416,3.81,4.55,1.29,12.9,13.6333,2.6125,1.1346,7.8066,4.1701,8.5,7.2354,26.9585,1.8167,91.0,11.1247
540.0,199.0,23.0,6.07,3.38,4.79,6.75,8.65,11.0,14.6,0.0,4.13,1.55,0.826,1.348,0.261,0.087,1.34,0.478,0.0,4.35,113.0,94.69,4.97,7.39,1.87,0.0,5.31,4.29,3.54,0.0,0.0,0.0,0.0,1.01,0.0,0.0,94.69,10.28,1.87,15.04,15.04,1.01,0.0,0.0,100.0,4.3203,4.3203,2.5678,5.03,15.08,100.0,3.6539,3.6539,2.5105,7.08,22.12,100.0,3.3367,3.3367,1.9912,11.59,33.33,100.0,5.7182,4.196,4.9,1.01,9.55,100.0,5.0447,3.924,4.81,0.0,12.39,100.0,4.8328,3.876,4.25,0.0,17.39,8.6522,2.1578,0.9371,6.9221,3.1394,3.75,7.7426,22.7225,1.2174,17.0,8.5427
630.0,1159.0,109.0,7.01,5.46,5.86,7.27,9.6,13.0,18.0,4.13,4.4,1.92,0.719,1.421,0.091,0.132,1.61,0.545,23.97,4.96,539.0,96.66,5.56,8.2,5.76,0.19,3.34,4.88,0.56,2.04,1.48,0.56,4.57,6.98,0.86,0.38,95.73,15.31,3.49,26.53,17.07,4.91,0.78,0.92,96.73,4.5293,4.3811,2.4624,5.77,17.83,99.44,3.8337,3.8124,2.575,3.53,20.78,98.91,3.587,3.5479,2.3279,4.36,25.82,99.83,5.8291,4.23,4.87,0.86,7.75,100.0,5.1754,4.24,4.66,1.3,6.86,100.0,4.9985,4.184,4.505,2.18,8.36,10.633,2.364,1.0267,8.7687,4.2156,6.25,8.5459,28.8384,1.9358,169.0,14.5815
990.0,943.0,65.0,11.7,9.14,10.41,11.52,14.25,17.0,22.7,15.62,5.73,2.1,0.672,1.359,0.125,0.25,1.77,1.281,14.06,3.12,369.0,94.85,6.44,9.78,16.86,1.43,5.15,6.19,2.17,2.17,2.17,1.36,11.4,20.29,3.92,1.71,95.12,23.93,10.54,31.71,19.24,14.8,0.11,2.76,98.68,4.0953,4.0414,1.9678,10.09,30.04,98.37,3.5625,3.5046,1.9117,11.11,30.08,97.33,3.4235,3.3322,1.9031,14.22,35.11,99.34,5.6389,3.94,4.68,2.63,10.64,98.64,5.0325,3.914,4.48,2.44,11.11,97.78,4.9708,3.806,4.46,3.11,11.11,14.5077,2.6747,1.1616,10.2501,5.3378,8.2857,12.12,41.337,3.8923,155.0,16.4369
970.0,595.0,42.0,10.1,8.56,8.97,10.01,14.2,18.0,24.0,24.39,5.73,1.97,0.659,1.366,0.122,0.244,2.0,0.805,12.2,0.0,233.0,97.85,6.43,9.45,12.28,3.07,2.15,2.84,0.86,0.0,0.0,0.0,6.19,21.31,4.87,3.95,93.99,27.85,5.94,31.76,18.03,15.46,0.17,2.08,99.31,4.2056,4.1767,2.3181,8.08,24.23,100.0,3.5,3.5,2.3181,7.3,31.33,100.0,3.3823,3.3823,2.3962,5.48,34.25,100.0,5.7828,4.18,4.8425,1.89,8.25,100.0,5.078,4.082,4.67,2.58,8.58,100.0,5.0836,4.18,4.735,0.68,6.85,14.1667,2.6509,1.1513,9.4875,5.1057,7.375,10.9143,37.1919,3.2619,85.0,14.2857
840.0,499.0,39.0,9.85,7.35,7.15,8.49,12.62,15.5,22.0,15.38,5.28,1.99,0.795,1.359,0.077,0.051,1.85,0.744,23.08,2.56,244.0,97.95,5.72,7.82,5.44,2.09,2.05,2.78,0.82,0.82,0.41,0.0,5.89,12.2,2.2,0.42,97.13,13.92,1.27,26.23,19.26,9.55,0.2,1.59,99.39,4.3808,4.3541,2.768,3.86,16.67,100.0,3.8855,3.8855,2.8138,2.87,11.07,100.0,3.8006,3.8006,2.6534,3.5,11.89,100.0,5.8738,4.66,5.07,0.61,3.86,100.0,5.3476,4.469,4.98,0.41,2.87,100.0,5.3779,4.584,5.1,0.7,2.8,12.7949,2.549,1.107,8.5113,4.4355,8.4286,10.5042,33.2358,2.6154,74.0,14.8297
950.0,504.0,39.0,11.44,8.55,9.5,10.97,14.56,17.75,21.4,14.71,6.03,2.07,0.5,1.382,0.147,0.471,1.97,1.412,29.41,0.0,227.0,97.36,7.11,9.79,20.81,1.36,2.64,4.96,0.0,1.32,1.32,0.0,4.04,8.89,2.38,2.26,96.04,26.61,7.34,53.74,27.31,7.68,0.81,1.38,99.8,4.2742,4.2655,2.4518,4.44,25.86,100.0,3.435,3.435,2.4518,5.73,33.04,100.0,3.3281,3.3281,2.4518,6.02,36.14,100.0,5.9482,4.5,4.89,0.61,4.44,100.0,5.1881,4.452,4.75,1.32,3.96,100.0,5.1737,4.505,4.7575,1.81,3.01,12.9231,2.559,1.1114,9.6035,5.0671,6.3333,11.759,40.7009,3.5897,81.0,16.0714
690.0,639.0,55.0,6.34,4.36,5.67,6.52,11.02,13.75,19.3,10.34,4.59,2.04,0.724,1.466,0.052,0.0,1.7,0.81,44.83,8.62,298.0,95.97,5.23,7.44,2.8,0.35,4.03,5.63,0.0,2.68,1.68,0.0,4.23,6.26,0.47,1.75,93.96,19.64,7.86,13.76,11.74,5.63,0.16,0.5,99.53,4.4649,4.4439,2.6107,5.48,14.71,100.0,3.6802,3.6802,2.254,6.04,22.48,100.0,3.4412,3.4412,2.1931,7.79,27.92,100.0,5.7643,3.976,4.9,1.41,10.49,100.0,4.9093,3.73,4.4325,2.68,15.44,100.0,4.7231,3.673,4.215,1.3,18.83,11.6182,2.4526,1.0651,7.8452,3.5269,4.8889,8.0009,27.4241,1.8364,66.0,10.3286
750.0,254.0,28.0,6.31,4.35,4.76,6.6,9.04,11.0,12.3,0.0,4.32,1.68,0.536,1.25,0.036,0.5,1.54,0.464,7.14,3.57,118.0,88.14,5.36,6.78,1.92,0.96,11.86,6.85,10.17,10.17,8.47,8.47,4.74,9.09,3.15,1.92,83.9,17.17,5.05,11.02,8.47,9.09,0.0,0.67,92.49,4.3347,4.0092,1.4566,12.25,27.27,91.53,3.5363,3.2367,1.3979,15.25,35.59,87.88,3.0555,2.6851,0.0,24.24,48.48,100.0,5.4525,2.96,4.45,10.67,18.18,100.0,4.6392,2.812,3.97,11.86,27.12,100.0,4.1573,2.07,3.2275,18.18,39.39,9.0714,2.2051,0.9577,8.1894,3.6078,3.9167,8.3067,23.6384,1.3214,29.0,11.4173
640.0,144.0,16.0,6.1,3.98,6.95,9.19,8.94,10.25,12.0,0.0,4.5,1.62,0.125,1.0,0.0,0.25,1.88,0.875,12.5,6.25,60.0,95.0,5.95,8.4,7.02,0.0,5.0,6.12,0.0,3.33,3.33,0.0,9.79,15.38,2.78,5.26,86.67,26.92,9.62,16.67,13.33,12.59,0.0,2.92,93.01,4.328,4.0253,1.2907,13.99,26.57,98.33,3.2582,3.2039,2.103,10.0,41.67,97.44,2.9238,2.8488,1.8017,12.82,58.97,100.0,5.5356,3.088,4.37,9.79,15.38,100.0,4.6413,3.516,4.085,6.67,25.0,100.0,4.3185,3.294,3.945,7.69,33.33,9.0,2.1972,0.9542,9.1269,3.4816,4.3636,8.2785,31.2222,2.0,20.0,13.8889
640.0,253.0,22.0,6.5,5.03,5.13,6.11,12.24,16.0,17.0,4.76,5.48,1.98,0.571,1.476,0.0,0.095,1.79,0.762,9.52,0.0,131.0,96.95,4.95,7.0,2.36,0.0,3.05,2.67,3.05,1.53,1.53,1.53,4.28,5.06,0.79,0.79,95.42,10.4,0.8,14.5,12.21,10.12,0.0,0.33,98.44,4.4101,4.3414,2.443,5.45,15.18,98.47,3.9331,3.8731,2.7875,4.58,15.27,97.8,3.6621,3.5816,2.7427,5.49,19.78,100.0,5.7211,3.95,4.84,2.72,10.12,98.47,5.1525,4.36,4.98,3.82,8.4,97.8,4.9125,3.9,4.65,4.4,10.99,11.5,2.4423,1.0607,8.9501,3.6502,4.5,8.0009,22.5672,1.2727,26.0,10.2767
650.0,341.0,31.0,11.56,9.5,8.08,10.17,9.91,14.0,15.7,5.88,3.79,2.48,0.029,0.294,0.0,0.0,4.38,0.088,0.0,79.41,57.0,22.81,8.64,12.25,61.54,15.38,77.19,80.43,22.81,77.19,66.67,19.3,67.06,37.69,10.85,15.38,14.04,50.0,0.0,0.0,0.0,71.22,0.0,1.02,46.29,2.7744,1.2843,0.0,63.5,85.16,29.82,2.5249,0.7531,0.0,77.19,92.98,33.33,2.5249,0.8416,0.0,74.51,92.16,77.45,2.7385,0.0,1.15,51.93,64.09,63.16,1.9107,0.0,0.0,71.93,82.46,66.67,2.0637,0.0,0.0,68.63,80.39,11.0,2.3979,1.0414,19.2312,6.6522,6.75,11.273,40.3255,3.2258,116.0,34.0176
530.0,130.0,13.0,5.23,3.56,3.42,4.71,10.0,12.0,13.6,0.0,4.23,1.74,0.538,1.231,0.0,0.154,1.55,0.846,23.08,7.69,66.0,96.97,4.95,6.34,0.0,0.0,3.03,2.17,3.03,0.0,0.0,0.0,2.31,6.15,1.54,1.56,96.97,21.88,18.75,10.61,6.06,5.38,0.0,0.0,99.23,4.2742,4.2413,1.7782,10.77,18.46,100.0,3.7861,3.7861,3.0092,3.03,10.61,100.0,3.3839,3.3839,2.9894,4.88,12.2,100.0,5.6508,3.449,4.8325,0.77,14.62,100.0,5.1097,4.235,4.66,0.0,7.58,100.0,4.8337,4.16,4.59,0.0,7.32,10.0,2.3026,1.0,7.2905,3.7044,3.9091,6.672,16.9231,0.6923,15.0,11.5385
500.0,121.0,14.0,5.11,4.36,4.22,6.08,8.79,9.75,13.4,0.0,4.36,1.74,0.5,1.071,0.0,0.143,1.67,0.214,0.0,0.0,44.0,100.0,5.0,6.28,0.0,0.0,0.0,0.0,0.0,0.0,0.0,0.0,15.45,25.2,8.26,0.0,100.0,2.27,0.0,18.18,15.91,18.7,0.81,2.08,95.93,4.4615,4.2801,2.356,4.88,19.51,100.0,4.187,4.187,3.3469,0.0,6.82,100.0,3.7101,3.7101,2.5947,0.0,15.79,100.0,5.7435,4.15,5.01,2.44,9.76,100.0,5.4545,4.729,5.1325,0.0,4.55,100.0,5.2158,4.12,4.925,0.0,10.53,8.6429,2.1567,0.9367,8.2411,3.6213,3.8333,7.7095,24.3453,1.3571,14.0,11.5702
1040.0,1271.0,81.0,10.27,8.6,9.68,10.21,15.6,19.0,24.0,22.22,6.17,2.04,1.235,1.556,0.148,0.296,1.95,0.914,16.05,1.23,651.0,96.16,6.58,9.9,18.37,2.24,3.84,5.26,2.3,2.3,1.69,1.54,0.32,5.85,1.34,3.04,93.55,21.02,4.11,44.55,29.8,4.03,0.0,1.74,99.45,4.2253,4.2019,2.3136,6.17,26.42,99.39,3.4763,3.4549,2.4378,6.45,33.49,98.97,3.25,3.2166,2.2455,7.2,39.85,100.0,5.7672,4.2,4.7375,2.37,7.67,100.0,5.053,4.15,4.66,2.3,7.99,100.0,4.9285,4.19,4.55,2.83,8.23,15.6914,2.7531,1.1957,9.9556,5.4874,8.4286,10.6127,40.6323,3.9136,193.0,15.1849
1120.0,399.0,22.0,11.06,8.99,9.19,8.37,17.86,21.0,26.8,36.36,6.09,2.28,1.545,2.0,0.273,0.636,1.71,1.364,18.18,0.0,163.0,98.16,5.92,8.12,5.62,1.25,1.84,2.56,0.0,0.61,0.0,0.0,8.91,15.01,4.01,3.12,94.48,16.23,3.9,22.7,16.56,10.69,0.0,1.77,95.17,4.4136,4.2002,2.5441,7.63,18.07,100.0,3.6735,3.6735,2.5478,4.91,19.63,100.0,3.5224,3.5224,2.5004,7.87,22.47,100.0,5.7168,4.152,4.85,4.58,8.4,100.0,5.0799,4.12,4.6,1.23,6.75,100.0,5.0044,4.034,4.6,1.12,10.11,18.1364,2.8979,1.2586,8.81,5.099,11.4,11.3897,34.6777,3.0,57.0,14.2857
390.0,110.0,14.0,4.6,1.74,1.51,2.95,8.38,9.0,10.6,0.0,3.77,1.68,0.308,1.308,0.0,0.154,1.56,0.769,0.0,0.0,49.0,97.96,5.22,6.8,8.33,0.0,2.04,3.85,0.0,0.0,0.0,0.0,0.0,0.0,0.0,0.0,77.55,7.89,7.89,8.16,8.16,0.0,0.0,0.0,100.0,4.6285,4.6285,1.993,11.93,14.68,100.0,3.4608,3.4608,1.9823,22.45,28.57,100.0,2.9514,2.9514,1.6812,45.83,45.83,100.0,5.9034,3.42,5.04,6.42,11.93,100.0,4.75,2.96,4.38,14.29,22.45,100.0,4.2375,2.96,2.96,29.17,45.83,7.8571,2.0614,0.8953,6.61,2.885,3.0769,6.1827,23.3117,1.2143,3.0,2.7273
1220.0,835.0,40.0,12.66,10.67,12.19,10.57,20.15,23.0,27.0,51.22,7.2,2.27,1.268,1.756,0.244,0.878,1.98,1.22,24.39,0.0,417.0,95.44,6.9,10.5,18.84,4.02,4.56,5.53,2.4,3.84,3.36,2.4,2.91,7.51,1.32,6.03,85.37,27.81,14.04,41.97,26.86,5.81,0.61,1.57,98.18,4.135,4.0599,1.6435,12.71,26.15,99.04,3.2185,3.1877,1.6021,15.35,39.09,98.59,3.0377,2.9949,1.6021,19.01,41.9,100.0,5.6495,3.72,4.61,2.91,14.04,100.0,4.7955,3.53,4.2,2.88,18.71,100.0,4.6757,3.54,4.1275,2.11,18.66,20.875,3.0386,1.3196,10.1369,5.9247,13.2,12.4725,45.1864,5.075,153.0,18.3234
1090.0,528.0,28.0,12.39,10.13,11.14,10.44,19.44,23.0,27.4,44.44,7.19,2.18,1.37,1.667,0.37,0.37,1.84,2.63,7.41,0.0,278.0,99.64,5.99,9.12,11.55,0.36,0.36,0.55,0.0,0.0,0.0,0.0,3.43,10.29,2.65,3.25,93.53,16.15,4.62,27.7,17.27,6.48,0.19,0.49,99.81,4.1794,4.1714,2.2815,7.24,25.33,100.0,3.4827,3.4827,2.1925,7.91,29.86,100.0,3.1919,3.1919,1.9956,10.75,37.1,99.81,5.7375,4.18,4.7,1.71,7.43,100.0,5.036,3.94,4.655,2.52,10.79,100.0,4.8454,3.855,4.515,3.76,12.9,18.8571,2.9369,1.2755,9.7753,5.599,10.1667,12.226,40.0693,4.0,104.0,19.697
1150.0,547.0,35.0,11.52,9.92,10.78,11.67,16.06,18.75,24.0,20.59,6.15,2.31,0.559,1.294,0.118,0.206,2.22,1.5,14.71,5.88,274.0,95.26,6.49,9.89,15.71,4.6,4.74,5.21,1.82,2.19,2.19,0.73,4.58,12.82,2.01,3.45,88.69,23.87,5.76,28.47,16.79,9.71,0.0,0.97,98.53,3.9971,3.9385,2.0333,9.52,32.05,99.27,3.2716,3.2478,2.082,8.76,40.88,98.94,3.0896,3.0569,2.1142,8.99,47.09,99.63,5.5127,3.725,4.4,2.75,14.1,100.0,4.779,3.74,4.16,4.74,16.42,100.0,4.6144,3.734,4.07,5.82,17.99,15.6286,2.7491,1.1939,10.4737,5.6053,7.25,12.1359,42.3196,4.1714,131.0,23.9488
1180.0,587.0,31.0,10.57,8.24,9.44,7.84,19.13,25.0,28.0,45.16,6.1,2.51,1.129,1.903,0.161,0.194,2.12,1.387,45.16,0.0,240.0,97.08,6.17,9.62,13.3,2.15,2.92,3.78,0.0,1.67,1.25,0.0,10.29,20.4,6.64,3.0,90.83,20.18,5.05,18.75,12.92,18.04,0.67,1.4,93.09,4.3249,4.0259,1.7404,11.8,24.62,98.75,3.6331,3.5877,2.1986,7.92,27.5,98.62,3.3316,3.2856,2.0114,10.34,35.86,99.83,5.6262,3.852,4.71,2.19,14.0,99.58,5.0277,3.899,4.5675,2.5,12.5,100.0,4.8603,3.838,4.45,3.45,15.17,18.9355,2.941,1.2773,9.9018,5.1937,12.0,10.3114,36.823,3.3871,105.0,17.8876
780.0,337.0,30.0,11.5,7.66,7.53,9.39,11.27,14.0,15.1,0.0,4.8,1.84,0.567,1.367,0.133,0.6,1.62,0.833,6.67,0.0,191.0,98.95,5.91,9.98,14.29,0.53,1.05,2.08,0.0,1.05,1.05,0.0,0.59,1.48,0.3,2.65,95.81,28.42,18.58,38.22,32.46,0.89,0.0,0.26,99.41,4.1653,4.1406,2.3539,5.03,20.71,100.0,3.4533,3.4533,2.4281,6.28,24.08,100.0,3.2595,3.2595,2.3848,9.02,22.56,99.7,5.6914,4.192,4.8825,0.59,6.8,100.0,5.0384,4.05,4.72,0.0,9.95,100.0,4.94,3.876,4.65,0.0,12.03,11.2333,2.4189,1.0505,9.4414,4.6431,6.5,11.538,28.7408,1.9667,51.0,15.1335
840.0,958.0,77.0,6.44,5.16,6.76,7.18,12.17,18.0,21.3,16.67,4.74,2.22,1.077,1.769,0.115,0.154,1.54,1.038,52.56,10.26,427.0,95.55,5.45,8.32,6.86,0.74,4.45,5.41,1.64,2.81,1.87,1.17,5.9,7.59,0.21,1.72,92.74,13.64,3.79,18.97,14.29,7.38,0.0,0.81,97.15,4.54,4.4109,2.7317,6.01,13.38,98.36,3.9187,3.8544,2.456,5.85,18.97,96.81,3.766,3.6458,2.5469,5.85,17.55,100.0,5.7474,3.94,4.97,2.11,10.33,100.0,5.1094,3.942,4.7,4.45,10.3,100.0,5.0139,4.121,4.7,4.79,7.98,12.4416,2.521,1.0949,8.8686,4.1553,7.4286,7.8687,27.4729,1.8701,111.0,11.5866
900.0,298.0,24.0,10.87,8.38,9.06,10.78,12.33,15.0,18.1,4.17,5.62,1.84,0.167,1.167,0.042,0.167,2.01,1.375,25.0,0.0,130.0,92.31,6.15,8.37,7.5,0.0,7.69,7.41,4.62,3.85,3.85,3.08,7.09,16.89,3.36,8.33,94.62,28.46,3.25,28.46,24.62,11.15,0.0,2.29,100.0,4.0643,4.0643,1.8633,11.15,28.38,100.0,3.175,3.175,1.6166,13.08,36.15,100.0,2.9615,2.9615,1.3979,15.84,42.57,100.0,5.7281,3.8,4.71,3.04,12.5,100.0,4.9028,3.788,4.4175,3.08,13.08,100.0,4.7644,3.7,4.39,3.96,16.83,12.4167,2.519,1.094,9.9219,5.1293,6.625,11.2081,39.2623,3.3333,54.0,18.1208
910.0,199.0,14.0,11.92,8.99,9.2,10.18,13.93,16.0,20.5,14.29,6.14,2.12,0.5,1.571,0.214,0.143,1.84,0.786,7.14,0.0,71.0,100.0,6.37,9.05,11.27,0.0,0.0,0.0,0.0,0.0,0.0,0.0,6.67,20.0,4.52,1.41,97.18,27.54,8.7,33.8,28.17,15.9,0.0,3.91,100.0,4.4125,4.4125,2.7531,2.05,12.31,100.0,3.6653,3.6653,2.4564,4.23,26.76,100.0,3.3758,3.3758,2.4705,2.38,30.95,100.0,5.9421,4.63,5.05,0.0,2.56,100.0,5.1601,4.24,4.815,0.0,4.23,100.0,5.0319,4.384,4.7125,0.0,4.76,14.2143,2.6542,1.1527,8.5469,4.6151,10.5,12.7854,37.3299,3.2857,29.0,14.5729
920.0,569.0,44.0,11.85,8.95,9.13,10.86,12.8,16.0,19.0,9.09,5.8,1.86,0.591,1.227,0.205,0.273,1.9,0.705,9.09,0.0,257.0,98.44,7.07,10.31,23.32,3.16,1.56,2.44,0.0,0.78,0.39,0.0,7.1,14.56,4.57,4.35,92.61,24.79,7.14,40.86,24.51,11.9,0.0,1.55,95.56,4.1238,3.9406,1.8181,11.01,30.2,99.61,3.3525,3.3394,2.2041,8.17,31.91,99.42,3.2579,3.2389,2.2041,8.14,34.88,97.16,5.5575,3.814,4.75,4.09,11.19,100.0,4.9932,3.92,4.6,1.95,10.89,100.0,4.9826,3.929,4.505,1.74,10.47,12.9318,2.5597,1.1117,10.4663,5.4736,11.8333,12.0377,38.4151,3.2955,126.0,22.1441
830.0,1073.0,89.0,7.84,5.93,7.13,7.69,12.84,17.0,22.0,20.48,4.88,2.34,1.145,1.964,0.096,0.024,1.52,1.024,61.45,1.2,456.0,95.61,5.64,8.37,5.73,0.92,4.39,6.55,0.44,1.32,0.44,0.0,5.07,10.98,1.68,2.75,92.98,15.33,3.77,21.93,18.42,7.88,0.19,0.7,99.44,4.4581,4.433,2.5838,5.25,15.29,99.78,3.7642,3.756,2.3856,5.7,23.46,100.0,3.36,3.36,2.179,7.98,34.04,99.91,5.7476,4.11,4.85,2.16,8.63,100.0,5.0355,3.78,4.49,2.63,12.06,100.0,4.7384,3.74,4.19,2.66,18.09,12.0562,2.4896,1.0812,8.7228,4.2782,11.0,9.1542,29.7635,2.1348,142.0,13.2339
820.0,362.0,31.0,8.1,5.88,7.26,8.53,11.83,14.75,17.2,6.67,5.57,1.94,0.667,1.333,0.133,0.267,1.78,0.767,20.0,0.0,161.0,98.14,6.27,9.27,11.39,2.53,1.86,2.48,0.0,1.24,0.0,0.0,7.04,13.8,4.42,1.9,87.58,20.57,7.8,26.09,16.77,10.14,0.0,2.5,96.06,4.2825,4.1136,1.9243,10.99,25.35,99.38,3.5076,3.4858,2.1038,7.45,36.65,100.0,3.355,3.355,2.1038,7.07,38.38,100.0,5.6324,3.628,4.535,1.13,14.08,99.38,4.9394,3.7,4.25,2.48,14.91,100.0,4.8927,3.808,4.18,0.0,14.14,11.6774,2.4577,1.0673,9.5808,4.3386,6.25,9.1992,29.9095,2.129,62.0,17.1271
690.0,668.0,60.0,9.12,6.66,6.97,8.89,11.17,13.0,15.0,1.67,5.28,1.72,0.367,1.167,0.15,0.533,1.69,0.717,3.33,0.0,300.0,96.67,5.61,7.91,2.41,0.34,3.33,5.33,0.67,2.0,1.67,0.67,6.27,12.54,2.69,0.69,94.67,12.68,4.93,25.67,21.0,7.61,0.0,1.32,95.67,4.3655,4.1766,2.1414,9.1,25.97,99.0,3.5267,3.4914,2.2923,5.67,33.67,99.03,3.3283,3.296,2.2923,6.8,40.78,98.21,5.6894,3.94,4.7,5.07,10.75,99.0,4.9439,3.989,4.345,1.67,10.33,99.03,4.8211,3.95,4.22,1.94,12.14,11.1333,2.4099,1.0466,8.5617,4.1983,7.0,10.3552,32.6902,2.4,82.0,12.2754
800.0,396.0,31.0,8.04,5.72,7.25,8.31,12.06,13.25,17.0,9.38,5.22,1.97,0.594,1.219,0.031,0.312,1.58,1.219,3.12,6.25,177.0,96.05,5.61,7.02,5.88,1.76,3.95,6.38,1.13,2.26,2.26,1.13,7.51,13.99,2.27,5.29,83.05,10.2,5.44,12.43,9.6,9.59,0.0,3.21,96.11,4.2163,4.0524,1.6021,13.73,27.98,98.31,3.4477,3.3893,1.6021,16.38,35.03,97.44,2.9963,2.9195,1.6021,23.93,46.15,99.22,5.5524,3.25,4.49,7.25,16.32,98.87,4.8115,3.25,4.07,5.08,23.16,98.29,4.4695,3.25,3.78,7.69,29.06,12.7742,2.5474,1.1063,9.7328,4.5296,7.2857,9.1992,29.9459,2.1935,57.0,14.3939
790.0,413.0,41.0,10.81,7.94,9.03,11.44,9.98,12.0,14.0,0.0,4.73,1.72,0.244,1.049,0.0,0.293,2.02,0.829,19.51,2.44,222.0,92.79,6.39,9.52,12.62,0.49,7.21,6.92,4.95,6.31,5.41,4.5,6.11,10.27,1.94,1.94,86.04,17.8,5.76,33.78,24.32,6.6,0.0,1.43,93.4,4.0356,3.7692,1.5315,14.18,36.19,96.4,3.2909,3.1723,1.9508,10.81,48.65,95.48,3.1966,3.0523,1.9209,12.26,54.19,97.56,5.3339,3.4,4.36,7.33,15.65,97.3,4.7472,3.541,4.2725,4.5,15.77,96.77,4.639,3.49,4.245,5.16,18.06,10.0732,2.3099,1.0032,10.5592,4.5915,6.3333,11.109,36.4654,2.6585,83.0,20.0969
640.0,1298.0,139.0,5.34,3.52,4.67,5.47,8.31,11.0,16.0,3.85,3.96,1.87,0.635,1.442,0.038,0.013,1.45,0.538,56.41,11.54,578.0,97.75,5.21,7.53,4.96,2.12,2.25,3.17,0.87,1.38,0.69,0.0,3.47,5.25,0.31,1.24,94.81,10.22,3.28,17.47,14.19,6.02,0.15,0.97,97.38,4.6666,4.5441,2.7504,5.48,14.66,99.31,4.1192,4.0906,2.7205,3.81,14.88,100.0,3.637,3.637,2.525,4.13,23.55,99.85,5.8374,4.25,5.11,3.01,7.18,99.83,5.2797,4.23,4.82,2.42,7.09,100.0,4.9883,4.14,4.61,2.07,7.44,9.3381,2.2341,0.9703,8.0897,3.4543,4.9,7.0656,23.5138,1.3237,125.0,9.6302
680.0,236.0,23.0,7.49,5.16,5.27,7.0,10.09,11.0,15.4,4.35,4.65,1.91,0.826,1.478,0.043,0.522,1.65,0.087,0.0,0.0,117.0,98.29,5.84,7.61,2.61,0.0,1.71,3.03,0.0,0.0,0.0,0.0,4.31,9.05,1.69,0.0,97.44,8.77,1.75,27.35,20.51,4.74,0.0,2.57,99.14,4.4554,4.417,2.6115,5.17,13.36,100.0,3.9506,3.9506,2.7889,2.56,12.82,100.0,3.6603,3.6603,2.5603,4.48,16.42,100.0,5.8973,4.515,5.1675,0.86,5.6,100.0,5.3797,4.54,4.99,0.0,1.71,100.0,5.2048,4.402,4.895,0.0,2.99,10.2609,2.3283,1.0112,7.6915,3.5248,4.5,8.8418,23.8202,1.3913,20.0,8.4746
940.0,538.0,39.0,9.98,7.73,8.23,9.35,13.72,18.5,21.2,15.38,5.64,1.85,0.795,1.513,0.179,0.256,1.71,0.821,10.26,0.0,255.0,98.43,6.16,8.89,9.96,0.8,1.57,2.68,0.0,0.0,0.0,0.0,5.61,9.16,2.23,1.99,96.86,18.62,3.24,32.55,21.18,8.04,1.12,1.49,94.58,4.3723,4.1353,2.1517,8.41,21.68,100.0,3.6194,3.6194,2.2455,6.27,21.18,100.0,3.4268,3.4268,2.1484,8.18,24.53,100.0,5.7512,4.062,4.93,2.99,8.6,100.0,5.2161,4.158,4.665,0.39,7.45,100.0,5.114,3.97,4.49,0.63,10.69,13.7949,2.6243,1.1397,10.0145,4.9101,6.1111,10.8371,35.9138,3.0513,89.0,16.5428
1100.0,365.0,24.0,11.34,9.19,10.34,10.97,16.0,23.5,29.7,36.36,6.86,2.2,1.318,1.5,0.182,0.636,1.8,0.955,9.09,13.64,139.0,98.56,7.18,10.83,25.55,4.38,1.44,1.82,0.0,0.72,0.72,0.0,5.97,18.75,5.48,3.65,89.93,22.4,8.8,41.73,26.62,15.34,0.0,3.26,98.58,4.2602,4.1997,2.5074,6.82,24.72,100.0,3.427,3.427,2.0561,9.35,34.53,100.0,3.3882,3.3882,1.9781,10.47,33.72,100.0,5.7633,4.165,4.86,1.42,8.81,100.0,5.0314,4.074,4.61,1.44,8.63,100.0,5.0728,4.145,4.755,1.16,5.81,15.2083,2.7218,1.1821,10.1877,5.5516,16.0,11.6185,40.6878,3.875,84.0,23.0137
1160.0,742.0,41.0,12.09,9.37,10.51,9.6,18.69,22.5,27.2,38.46,6.13,2.47,1.128,1.897,0.333,0.308,1.82,1.641,30.77,0.0,320.0,95.62,6.73,10.11,19.28,4.25,4.38,4.66,1.88,0.94,0.94,0.62,5.49,12.21,3.5,2.94,93.75,21.67,9.0,40.94,25.31,10.7,1.37,2.25,98.9,4.3124,4.265,2.3498,6.58,23.05,100.0,3.5488,3.5488,2.3297,7.81,30.94,100.0,3.3414,3.3414,2.0483,9.52,36.51,100.0,5.7548,4.1,4.86,2.06,9.47,100.0,5.0276,3.98,4.51,2.5,11.25,100.0,4.8839,3.842,4.45,2.65,14.29,18.0976,2.8958,1.2576,9.8542,5.5234,15.5,11.8707,39.9304,3.9512,151.0,20.3504
850.0,1423.0,106.0,7.25,5.87,7.03,7.37,12.08,17.0,24.0,16.81,4.97,2.17,0.857,1.37,0.101,0.067,1.76,0.765,55.46,15.97,626.0,95.85,5.41,8.2,5.17,0.33,4.15,6.84,0.64,3.19,2.24,0.32,4.94,10.86,2.74,1.67,91.85,12.87,3.65,16.13,12.3,9.05,0.0,0.67,95.69,4.4949,4.301,2.338,8.7,18.02,98.72,3.8019,3.7534,2.4005,6.87,22.84,97.75,3.4705,3.3923,2.2638,9.01,29.58,99.86,5.7245,3.91,4.72,2.3,11.48,99.68,5.0542,3.945,4.55,2.72,11.02,99.44,4.8234,3.788,4.405,3.66,12.11,13.4245,2.5971,1.1279,8.7853,4.3032,7.2857,8.3637,31.1336,2.3774,173.0,12.1574
1020.0,558.0,35.0,11.18,9.03,10.71,10.89,15.97,19.0,24.6,22.86,5.91,2.19,1.229,1.914,0.143,0.057,1.88,0.886,45.71,2.86,275.0,95.64,6.9,10.78,23.19,6.84,4.36,5.56,0.0,1.45,1.45,0.0,4.11,8.77,1.43,6.08,90.55,28.92,8.84,36.36,22.18,7.87,0.54,1.32,98.75,4.1707,4.1184,2.1695,8.77,27.19,99.27,3.4309,3.4059,1.8235,11.27,36.73,98.87,3.1799,3.1439,1.7272,12.43,45.76,99.46,5.6188,3.788,4.71,2.5,11.09,99.64,4.9525,3.774,4.52,1.82,12.73,99.44,4.8454,3.852,4.34,1.69,12.43,15.9429,2.769,1.2026,10.1151,5.5683,12.0,11.4917,41.3909,4.0571,129.0,23.1183
490.0,135.0,16.0,8.12,6.58,4.91,7.2,8.44,10.0,10.5,0.0,4.38,1.44,0.25,1.062,0.0,0.0,1.89,0.188,0.0,0.0,59.0,100.0,4.8,6.56,0.0,0.0,0.0,0.0,0.0,0.0,0.0,0.0,11.85,20.74,3.7,0.0,100.0,13.56,0.0,5.08,5.08,17.78,0.0,0.66,97.04,4.3354,4.207,2.1875,8.89,20.74,100.0,4.0244,4.0244,3.1019,0.0,8.47,100.0,3.8218,3.8218,3.0262,0.0,9.52,100.0,5.7201,3.72,4.725,0.74,14.81,100.0,5.3863,4.532,4.92,0.0,6.78,100.0,5.2443,4.469,4.86,0.0,7.14,8.4375,2.1327,0.9262,8.4996,4.1946,4.1538,9.0177,31.4005,1.9375,17.0,12.5926
1140.0,580.0,34.0,12.55,10.02,11.87,11.93,17.58,22.0,27.8,36.36,6.15,2.3,1.03,1.818,0.273,0.242,2.04,1.485,30.3,3.03,253.0,94.07,6.56,10.11,20.17,0.84,5.93,5.52,2.37,3.95,2.77,2.37,9.14,17.24,4.83,3.78,90.12,27.19,11.4,31.23,15.02,14.31,0.34,1.71,95.86,4.0751,3.9064,1.7234,12.93,28.79,97.23,3.3802,3.2867,1.903,12.65,36.76,96.39,3.2935,3.1745,1.7159,15.66,37.95,99.83,5.5171,3.64,4.57,5.0,12.93,99.6,4.8317,3.588,4.41,3.95,13.83,100.0,4.787,3.5,4.34,5.42,14.46,17.0588,2.8367,1.2319,10.8258,5.8836,12.2,12.5263,45.8519,4.9118,142.0,24.4828
660.0,852.0,90.0,5.05,3.78,5.01,5.47,7.71,10.0,16.0,3.6,3.86,1.97,0.721,1.279,0.027,0.036,1.51,0.414,61.26,17.12,393.0,96.44,5.39,8.21,8.44,0.53,3.56,5.15,1.02,2.04,1.53,0.51,5.49,6.31,0.23,1.85,88.8,11.46,5.16,13.49,11.2,6.19,0.12,0.66,99.65,4.4334,4.4179,2.4314,5.84,20.56,99.24,3.8021,3.7731,2.1536,8.91,24.17,98.4,3.4008,3.3465,1.7993,13.83,34.57,100.0,5.6813,3.85,4.7125,1.87,15.89,100.0,5.0019,3.6,4.46,3.82,16.79,100.0,4.6616,3.07,4.06,4.79,23.4,9.4667,2.2478,0.9762,8.6837,3.6778,3.6667,6.6404,23.9033,1.3667,86.0,10.0939
890.0,881.0,61.0,7.87,6.06,6.86,6.69,13.07,18.0,24.3,19.12,5.03,2.23,1.176,1.779,0.059,0.147,1.45,1.221,50.0,10.29,372.0,97.58,5.22,7.33,3.86,0.28,2.42,3.08,1.08,2.15,2.15,1.08,5.06,7.31,1.02,0.83,94.35,12.25,4.27,14.25,11.56,5.29,0.0,0.64,95.95,4.623,4.4358,2.2872,7.31,18.34,99.19,3.7812,3.7507,2.4654,5.38,25.81,98.38,3.3848,3.3299,2.1031,8.65,38.92,97.53,5.7291,4.05,4.87,5.17,9.56,100.0,5.0316,3.931,4.4575,3.23,11.83,100.0,4.7134,3.476,4.21,5.41,18.38,14.4426,2.6702,1.1596,8.26,4.3689,8.1667,8.7948,31.2417,2.4262,102.0,11.5778
900.0,856.0,57.0,7.5,5.68,6.76,6.19,13.71,19.0,25.8,23.81,5.06,2.31,1.286,2.016,0.079,0.048,1.47,1.206,44.44,7.94,377.0,97.35,5.21,7.56,4.63,0.0,2.65,4.33,0.0,1.86,1.06,0.0,3.94,7.18,1.05,1.63,93.37,11.93,4.83,14.32,11.94,4.4,0.0,0.83,96.76,4.7014,4.549,2.5315,6.37,12.5,100.0,3.9958,3.9958,2.7016,3.45,13.0,100.0,3.6801,3.6801,2.6924,3.05,14.02,100.0,5.8981,4.17,5.16,2.78,8.91,100.0,5.2283,4.066,4.8,2.12,8.22,100.0,5.016,4.013,4.5775,2.44,9.15,15.0175,2.7092,1.1766,7.9231,4.2425,8.6667,7.8545,27.9848,1.9474,93.0,10.8645
1140.0,1728.0,89.0,10.52,8.41,10.23,8.98,18.68,24.0,29.0,42.39,6.18,2.35,1.217,1.75,0.228,1.152,1.88,1.5,5.43,2.17,805.0,95.03,5.9,8.95,9.93,0.92,4.97,7.87,2.48,2.48,2.24,0.87,3.03,8.67,2.43,6.01,85.59,19.16,6.68,23.85,17.64,5.0,0.12,1.42,97.03,4.2056,4.0808,1.8621,11.34,29.84,98.76,3.2715,3.2308,1.85,11.43,45.22,98.4,3.0202,2.9718,1.6721,13.63,56.51,99.42,5.5713,3.562,4.32,5.99,14.78,99.5,4.7115,3.49,4.16,4.84,18.76,99.4,4.494,3.488,4.065,6.41,21.44,19.4157,2.9661,1.2882,8.7846,5.1393,13.0,10.0334,36.4296,3.3034,204.0,11.8056
890.0,438.0,30.0,10.13,7.37,7.72,8.59,15.57,24.0,25.3,32.14,6.04,2.19,1.143,1.821,0.321,0.143,1.71,1.571,7.14,0.0,211.0,95.73,5.95,9.2,12.87,0.5,4.27,3.42,2.37,3.79,2.84,1.9,2.06,6.42,1.37,3.47,91.0,17.19,1.04,27.96,22.27,4.36,0.23,0.79,97.94,4.3731,4.2829,2.2227,7.57,21.56,97.63,3.6299,3.5439,2.1303,9.0,27.49,96.92,3.2783,3.1774,1.9639,11.54,39.23,98.17,5.7519,4.105,4.83,3.44,8.94,97.63,4.967,3.8,4.63,4.74,13.74,96.92,4.7004,3.689,4.4775,6.15,17.69,14.6,2.681,1.1644,9.0111,4.6255,8.0,10.7223,33.3215,2.7333,73.0,16.6667
570.0,132.0,17.0,3.41,3.26,3.5,5.17,8.12,10.0,13.5,0.0,4.12,1.65,0.375,1.062,0.125,0.0,2.03,0.125,0.0,0.0,54.0,100.0,5.48,7.34,0.0,0.0,0.0,0.0,0.0,0.0,0.0,0.0,6.92,20.0,3.79,0.0,100.0,9.26,5.56,14.81,12.96,12.31,1.54,2.58,97.69,4.3992,4.2977,2.8947,6.92,13.85,100.0,3.8769,3.8769,3.1339,5.56,5.56,100.0,3.5643,3.5643,3.1339,9.68,9.68,100.0,5.756,4.16,4.75,0.77,6.92,100.0,5.1948,4.52,4.63,0.0,5.56,100.0,4.889,4.33,4.52,0.0,9.68,7.7647,2.0496,0.8901,8.4476,3.1066,3.0769,5.9002,17.6132,0.7647,12.0,9.0909
660.0,381.0,38.0,8.0,5.48,7.62,9.96,9.64,11.0,15.2,2.56,4.95,1.63,0.462,1.308,0.051,0.256,1.91,0.231,12.82,5.13,160.0,100.0,6.12,8.61,7.5,0.0,0.0,0.0,0.0,0.0,0.0,0.0,1.86,14.1,4.2,0.62,100.0,16.25,1.88,41.25,23.12,10.11,0.0,2.55,98.94,4.4116,4.3646,2.6513,2.66,18.09,100.0,3.7736,3.7736,2.8224,0.62,19.38,100.0,3.7015,3.7015,2.8228,0.0,19.44,99.73,5.9325,4.47,5.0375,0.53,3.46,100.0,5.2519,4.52,4.78,0.0,0.62,100.0,5.2446,4.6,4.85,0.0,0.0,10.0263,2.3052,1.0011,8.9827,4.2616,4.7273,9.6821,37.0604,2.7105,57.0,14.9606
770.0,251.0,20.0,8.37,7.17,6.76,8.23,12.35,13.25,16.4,10.0,4.8,1.87,0.6,1.25,0.05,0.2,1.88,0.7,0.0,0.0,78.0,100.0,5.25,7.06,0.0,0.0,0.0,0.0,0.0,0.0,0.0,0.0,7.69,28.74,8.76,0.0,100.0,7.69,3.85,46.15,35.9,18.62,0.0,1.44,99.19,4.5373,4.5006,2.7451,0.81,17.41,100.0,4.1222,4.1222,3.1857,0.0,8.97,100.0,3.8913,3.8913,3.1647,0.0,9.09,100.0,6.0258,4.45,5.16,0.81,0.81,100.0,5.5304,4.866,5.1675,0.0,0.0,100.0,5.4259,4.834,5.13,0.0,0.0,12.55,2.5297,1.0986,8.2222,3.9791,5.7778,10.2414,29.2831,2.1,25.0,9.9602
920.0,418.0,31.0,12.0,9.66,10.14,11.78,13.48,16.0,22.0,19.35,5.58,1.95,1.097,1.806,0.258,0.226,1.59,0.903,6.45,0.0,206.0,94.66,7.21,12.16,26.15,10.77,5.34,4.03,3.4,4.37,2.91,2.43,2.63,5.26,0.96,5.64,81.07,17.96,5.39,42.72,27.67,3.35,0.24,0.84,97.61,4.2314,4.1302,1.8557,10.53,27.03,96.12,3.4326,3.2993,1.574,16.99,39.32,95.49,3.2793,3.1313,1.5682,18.05,42.86,100.0,5.6696,3.97,4.7875,4.07,11.0,100.0,4.9231,3.73,4.315,3.88,17.48,100.0,4.836,3.858,4.31,4.51,18.05,13.4839,2.6015,1.1298,9.9716,5.2503,13.0,11.9554,39.082,3.4516,79.0,18.8995
600.0,285.0,22.0,7.43,5.61,6.69,7.62,12.95,14.75,17.0,4.55,5.32,2.09,0.955,1.591,0.182,0.273,1.71,1.273,9.09,0.0,144.0,98.61,5.34,8.49,8.45,0.0,1.39,2.38,0.0,0.69,0.69,0.0,0.35,4.91,0.35,1.41,95.14,24.09,0.73,25.69,21.53,1.75,0.35,1.22,99.65,4.4324,4.4168,2.2392,4.91,15.09,100.0,3.7606,3.7606,2.7536,4.86,24.31,100.0,3.5014,3.5014,2.7536,4.44,28.89,99.65,5.835,4.196,4.84,0.35,9.12,100.0,5.0831,3.91,4.59,0.0,13.89,100.0,4.9476,3.91,4.46,0.0,13.33,12.9545,2.5614,1.1124,7.7695,4.0537,4.3,8.4381,28.744,2.0455,33.0,11.5789
900.0,552.0,43.0,9.77,7.59,8.7,10.15,13.17,16.75,19.0,7.14,5.69,2.02,0.833,1.548,0.214,0.143,1.61,1.476,9.52,0.0,259.0,96.53,6.28,10.78,16.8,1.6,3.47,5.23,0.77,2.7,2.32,0.77,1.27,6.87,1.63,6.8,88.42,20.52,6.11,30.89,22.01,3.98,0.18,0.47,98.73,4.2668,4.2128,2.1004,9.22,23.33,98.46,3.3775,3.3254,1.8129,15.83,31.66,98.24,3.0392,2.9856,1.5315,22.94,42.94,99.82,5.736,4.132,4.77,3.07,9.95,99.61,4.8847,3.388,4.34,5.02,15.83,100.0,4.6456,3.35,4.21,7.06,21.76,12.8372,2.5523,1.1085,9.4221,4.6432,5.3,10.6738,36.9314,3.093,92.0,16.6667
790.0,437.0,39.0,6.95,5.98,6.68,8.39,11.21,13.5,14.2,2.56,5.18,1.78,1.026,1.462,0.282,0.308,1.62,0.795,7.69,0.0,230.0,98.7,5.74,10.0,12.78,0.0,1.3,2.38,0.0,0.43,0.43,0.0,1.37,7.55,1.6,8.81,90.43,17.31,0.48,20.0,14.35,3.43,0.23,0.6,99.77,4.2725,4.2627,1.9777,11.21,20.14,100.0,3.6063,3.6063,1.9875,10.87,26.09,100.0,3.1991,3.1991,1.1761,17.04,37.04,99.77,5.728,3.942,4.83,0.69,10.3,100.0,5.0346,3.887,4.62,7.83,11.3,100.0,4.7824,2.74,4.43,13.33,17.04,11.2051,2.4164,1.0494,8.2753,3.9933,4.6,8.4631,31.8001,2.3077,49.0,11.2128
830.0,294.0,26.0,6.97,5.6,7.57,9.36,11.35,11.0,17.0,3.85,4.77,1.98,0.731,1.538,0.269,0.154,1.55,1.192,7.69,0.0,135.0,97.04,5.7,8.94,9.92,0.0,2.96,1.03,2.96,2.96,2.96,2.96,3.39,6.78,1.7,2.29,91.11,17.89,3.25,22.22,17.04,5.42,0.34,1.15,95.59,4.3694,4.1768,2.0008,10.17,21.69,97.04,3.6351,3.5274,1.9016,11.11,27.41,94.87,3.3247,3.1542,1.6324,15.38,37.18,99.66,5.6365,3.782,4.825,5.76,12.88,100.0,4.9485,3.806,4.33,4.44,11.85,100.0,4.6754,3.241,4.15,7.69,14.1,11.3077,2.4255,1.0534,8.7088,4.2177,4.1818,8.7309,32.3961,2.3846,42.0,14.2857
830.0,471.0,37.0,7.47,5.91,6.87,8.03,12.73,15.0,18.0,5.41,5.35,1.96,1.0,1.432,0.162,0.162,1.61,1.622,5.41,2.7,256.0,99.61,5.31,8.18,7.84,3.14,0.39,0.85,0.0,0.0,0.0,0.0,0.64,3.4,0.85,1.96,94.53,13.22,0.41,21.09,17.19,1.91,0.21,0.18,99.79,4.3514,4.3421,2.4265,7.43,17.83,100.0,3.68,3.68,2.6069,7.42,20.31,100.0,3.3497,3.3497,2.0152,10.39,27.27,99.79,5.83,4.3,4.86,0.64,5.94,100.0,5.1301,4.27,4.71,0.39,7.42,100.0,4.9338,4.24,4.62,0.65,9.74,12.7297,2.5439,1.1048,8.0226,3.839,5.625,8.9185,27.3794,1.8649,46.0,9.7665
1100.0,497.0,28.0,11.53,8.78,10.06,9.68,17.68,20.5,27.3,32.14,5.89,2.29,1.071,1.821,0.25,0.214,1.88,2.143,25.0,3.57,233.0,97.85,6.58,10.53,21.49,0.44,2.15,3.03,0.0,1.29,0.86,0.0,3.84,12.32,2.82,14.04,79.83,25.81,4.3,28.33,19.74,6.87,0.2,1.2,99.19,4.0601,4.0273,1.7109,12.93,28.08,99.14,3.0557,3.0295,0.4771,18.45,43.35,99.37,2.6547,2.6379,0.4243,24.05,53.8,99.8,5.6315,3.56,4.685,3.43,13.54,99.57,4.6797,3.06,4.03,5.58,24.03,100.0,4.4364,3.06,3.66,6.96,31.65,17.75,2.8764,1.2492,9.7591,5.176,6.5,11.6982,37.0659,3.4286,77.0,15.493
1020.0,561.0,36.0,9.09,7.34,8.93,9.29,15.42,19.25,26.0,25.0,5.81,2.19,0.917,1.722,0.194,0.5,1.82,1.5,16.67,5.56,255.0,93.73,5.9,8.91,9.62,0.84,6.27,3.05,4.71,5.1,5.1,4.71,2.52,11.71,2.85,2.51,87.84,24.11,5.8,28.63,21.96,6.85,0.54,2.1,96.4,4.2723,4.1183,2.0515,9.37,24.5,95.29,3.5468,3.3799,1.835,11.76,29.8,92.36,3.2209,2.9748,1.4033,16.56,38.22,99.82,5.6412,3.8,4.7,4.5,11.89,100.0,4.8855,3.676,4.23,5.49,14.12,100.0,4.5632,3.132,4.14,8.92,18.47,15.5833,2.7462,1.1927,9.6165,4.8912,4.8,9.794,35.5477,3.1111,89.0,15.8645
440.0,195.0,25.0,6.2,3.43,3.44,5.0,8.04,9.25,11.7,4.17,4.33,1.48,0.167,0.917,0.0,0.25,1.75,0.125,4.17,12.5,71.0,100.0,5.34,8.5,7.04,0.0,0.0,0.0,0.0,0.0,0.0,0.0,8.29,17.62,3.59,0.0,85.92,6.56,4.92,12.68,11.27,13.99,0.0,2.53,96.89,4.4222,4.2847,2.1473,9.33,22.8,100.0,3.7099,3.7099,2.5159,7.04,22.54,100.0,3.3223,3.3223,2.2332,10.2,30.61,98.96,5.7635,3.914,4.72,6.22,11.92,100.0,5.0307,4.07,4.63,0.0,9.86,100.0,4.7416,3.602,4.27,0.0,12.24,7.8,2.0541,0.8921,8.315,3.3942,3.9231,7.5542,19.0821,0.88,22.0,11.2821
370.0,153.0,26.0,4.97,2.13,4.39,6.12,5.92,6.75,8.5,0.0,3.46,1.31,0.115,1.0,0.077,0.231,1.61,0.0,3.85,3.85,88.0,100.0,5.81,7.95,2.27,1.14,0.0,0.0,0.0,0.0,0.0,0.0,1.95,7.14,1.31,21.59,72.73,12.5,3.12,18.18,15.91,5.19,0.0,1.61,90.26,4.3289,3.9073,0.699,18.83,28.57,100.0,3.2356,3.2356,0.699,27.27,37.5,100.0,2.3553,2.3553,0.699,44.44,57.41,100.0,5.4162,2.8,4.67,14.29,22.08,100.0,4.7835,2.84,3.295,20.45,32.95,100.0,4.0885,2.84,2.84,33.33,50.0,5.8846,1.7723,0.7697,8.5725,2.6243,2.75,7.1686,27.4532,1.2692,12.0,7.8431
1020.0,638.0,44.0,11.94,9.39,10.47,11.54,13.87,18.0,23.0,20.0,5.69,2.01,0.467,1.156,0.111,0.178,1.89,1.156,4.44,8.89,237.0,96.2,6.87,10.56,21.05,0.0,3.8,4.17,1.69,1.27,0.84,0.0,14.74,24.36,4.7,3.07,93.67,24.32,13.51,31.22,20.68,18.91,0.0,1.91,93.11,4.2355,3.9437,1.5976,13.3,28.85,99.16,3.4482,3.4191,1.9956,16.03,30.8,99.38,3.2661,3.2459,1.8513,19.88,37.89,99.84,5.6714,3.605,4.69,7.37,12.18,100.0,5.0793,3.98,4.53,1.69,15.61,100.0,5.0051,3.98,4.37,1.24,18.63,14.5,2.6741,1.1614,9.949,4.9594,10.1429,12.5634,38.7947,3.5227,104.0,16.3009
1010.0,631.0,41.0,10.09,8.68,9.79,10.26,14.3,16.5,21.4,15.91,5.73,2.15,0.682,1.409,0.182,0.591,1.92,1.159,4.55,2.27,240.0,96.25,5.88,8.2,7.79,0.43,3.75,5.93,0.83,2.5,1.67,0.83,14.94,17.97,4.28,2.6,86.67,15.87,3.85,20.83,12.5,21.94,0.0,3.22,92.21,4.0463,3.7311,1.1139,20.51,36.88,97.92,3.4776,3.4051,1.6303,13.33,35.0,98.04,3.1389,3.0774,1.6021,18.3,48.37,94.75,5.2007,2.72,4.12,13.51,23.85,98.33,4.8431,3.25,4.2375,3.75,17.5,98.69,4.5874,3.25,4.11,4.58,22.22,15.3902,2.7337,1.1872,10.0803,5.4214,8.1429,10.4862,37.7357,3.439,87.0,13.7876
540.0,174.0,17.0,8.0,5.56,5.41,7.31,10.18,11.0,12.8,0.0,4.76,1.61,0.294,1.059,0.0,0.118,1.81,1.0,5.88,5.88,80.0,98.75,5.12,6.85,2.53,0.0,1.25,1.75,0.0,1.25,0.0,0.0,7.51,15.03,4.6,0.0,91.25,19.18,5.48,13.75,11.25,12.72,0.0,0.0,100.0,4.0587,4.0587,2.3365,4.05,26.01,98.75,3.5953,3.5503,2.1761,5.0,22.5,100.0,3.4235,3.4235,2.1761,3.57,26.79,100.0,5.5478,3.876,4.49,2.31,10.98,100.0,4.959,3.532,4.4975,2.5,15.0,100.0,4.8207,3.5,4.4725,1.79,17.86,10.2353,2.3258,1.0101,8.5908,4.1109,5.2,9.1685,25.7525,1.5882,18.0,10.3448
500.0,232.0,25.0,4.75,2.63,3.19,4.76,9.24,11.0,11.6,0.0,4.4,1.6,0.52,1.2,0.12,0.32,1.47,0.2,4.0,0.0,111.0,99.1,5.01,6.55,0.0,0.0,0.9,1.61,0.0,0.0,0.0,0.0,1.3,3.46,0.43,0.0,81.98,8.79,3.3,13.51,11.71,1.73,0.0,1.88,99.57,4.4951,4.4756,2.2788,9.09,15.15,100.0,3.6147,3.6147,1.6021,18.92,30.63,100.0,3.0696,3.0696,1.6021,28.17,46.48,99.57,5.8231,3.74,5.045,5.19,11.26,100.0,4.9915,3.25,4.22,3.6,22.52,100.0,4.5386,3.25,3.25,5.63,33.8,9.28,2.2279,0.9675,6.8192,2.8518,4.3,6.152,17.9007,0.8,15.0,6.4655
1100.0,565.0,39.0,10.68,8.69,10.38,11.35,15.27,20.0,23.4,27.03,5.73,2.22,0.703,1.432,0.108,0.216,1.91,1.432,16.22,2.7,265.0,95.47,6.11,9.06,13.04,0.79,4.53,3.78,2.64,3.4,3.4,2.64,8.14,19.47,4.42,2.37,91.7,20.16,4.53,29.81,19.25,13.63,0.18,1.93,98.76,4.0032,3.9536,2.265,6.9,30.44,100.0,3.3688,3.3688,2.3213,6.04,34.34,100.0,3.1986,3.1986,2.3017,6.04,37.91,100.0,5.5209,4.03,4.46,2.3,9.56,100.0,4.8688,4.028,4.37,1.13,9.06,100.0,4.7363,4.013,4.17,1.65,9.89,14.4872,2.6733,1.161,10.7549,5.2714,6.7778,11.1562,39.6199,3.641,137.0,24.2478
1020.0,506.0,33.0,10.96,8.79,10.77,11.34,13.86,21.0,27.0,29.73,5.54,2.28,0.568,1.162,0.135,0.108,1.84,2.027,16.22,18.92,257.0,97.28,6.25,9.52,14.4,1.2,2.72,3.68,0.0,2.33,1.95,0.0,5.46,9.16,1.78,3.6,87.94,21.24,6.19,25.29,15.95,9.55,0.19,0.64,94.74,4.0531,3.8398,1.5267,14.23,32.94,98.83,3.2595,3.2215,1.985,10.51,42.02,98.37,3.0865,3.0361,1.7945,13.04,46.2,99.81,5.4443,3.352,4.46,6.63,15.79,99.22,4.7681,3.57,4.28,4.67,17.12,98.91,4.622,3.392,4.18,5.98,21.74,15.3333,2.73,1.1856,10.7006,5.3635,5.4,11.3897,41.6179,4.0303,119.0,23.5178
390.0,159.0,22.0,9.18,5.26,2.74,4.47,7.23,8.0,9.0,0.0,4.14,1.36,0.227,1.045,0.091,0.273,1.57,0.227,0.0,0.0,89.0,100.0,5.24,9.29,13.48,0.0,0.0,0.0,0.0,0.0,0.0,0.0,6.29,6.29,0.0,0.0,85.39,7.89,1.32,24.72,22.47,6.92,0.0,1.08,100.0,4.1102,4.1102,1.7993,10.69,18.24,100.0,3.6069,3.6069,1.7993,14.61,25.84,100.0,3.3048,3.3048,1.7993,20.97,37.1,100.0,5.5963,3.45,4.75,5.03,11.95,100.0,5.0533,3.45,4.43,1.12,15.73,100.0,4.8026,3.45,4.265,1.61,22.58,7.2273,1.9779,0.859,8.6625,3.4807,3.4667,9.2189,21.0638,1.0,12.0,7.5472
870.0,637.0,46.0,9.87,7.45,7.54,8.34,13.68,18.0,21.0,17.02,5.34,2.1,1.17,1.766,0.191,0.426,1.67,0.957,17.02,2.13,318.0,95.6,6.3,9.85,14.14,4.93,4.4,5.85,1.89,3.46,3.14,1.89,0.0,0.62,0.16,1.64,88.05,30.0,3.57,31.13,17.92,0.31,0.0,0.14,99.38,4.4507,4.423,2.6875,5.6,18.04,98.74,3.5277,3.4833,2.0519,9.43,28.93,98.02,3.2251,3.1612,1.4345,12.38,37.13,99.69,5.8189,4.152,4.94,1.24,7.78,98.74,4.9064,3.82,4.465,2.52,13.84,98.02,4.6767,3.82,4.29,3.96,17.33,13.8478,2.6281,1.1414,8.2399,4.5331,5.3333,10.6628,35.1979,2.9565,92.0,14.4427
880.0,560.0,38.0,10.25,6.66,7.87,8.36,14.79,17.75,25.0,18.42,5.92,2.11,0.947,1.895,0.211,0.763,1.66,1.237,13.16,2.63,265.0,97.74,5.84,8.36,7.72,1.16,2.26,5.04,0.0,0.38,0.38,0.0,0.0,2.85,0.71,0.77,97.36,10.08,1.16,35.85,28.3,0.18,0.0,1.4,100.0,4.6523,4.6523,3.0542,1.96,8.01,100.0,3.8971,3.8971,2.9534,2.64,10.57,100.0,3.7929,3.7929,2.9499,3.12,11.25,100.0,6.0425,4.684,5.27,0.36,3.56,100.0,5.2892,4.654,4.94,0.75,5.66,100.0,5.2203,4.61,4.8475,0.62,7.5,14.7368,2.6904,1.1684,8.2304,4.3144,7.0,11.2081,32.0583,2.5526,50.0,8.9286
530.0,226.0,20.0,5.23,4.22,6.79,7.86,11.25,12.25,16.1,5.0,5.3,1.94,0.6,1.3,0.1,0.4,1.54,0.55,50.0,0.0,110.0,98.18,5.01,6.55,0.0,0.0,1.82,4.0,0.0,0.91,0.91,0.0,7.11,12.89,4.42,1.85,82.73,5.49,2.2,20.91,20.0,12.0,0.0,1.75,96.44,4.2866,4.1342,1.3791,14.67,21.33,99.09,3.8569,3.8218,1.6021,17.27,25.45,98.57,3.4162,3.3674,1.6021,25.71,37.14,99.56,5.5969,3.18,4.72,8.0,16.89,100.0,5.1597,3.25,4.59,0.91,18.18,100.0,4.8147,3.25,3.445,1.43,25.71,11.3,2.4248,1.0531,8.8082,3.4597,6.125,7.5542,23.2469,1.35,23.0,10.177
530.0,243.0,25.0,5.37,3.59,4.44,6.05,9.72,11.0,13.6,4.0,4.4,1.71,0.56,1.12,0.12,0.48,1.56,0.64,4.0,0.0,124.0,96.77,5.18,6.68,0.83,0.83,3.23,6.78,0.0,2.42,2.42,0.0,1.23,4.94,1.23,3.33,83.87,13.46,6.73,7.26,7.26,3.29,0.0,1.75,99.59,4.387,4.3689,1.9912,11.11,23.05,99.19,3.5452,3.5166,1.6021,15.32,29.84,98.68,2.9983,2.9589,1.6021,25.0,43.42,100.0,5.7573,3.582,4.74,2.06,17.28,100.0,4.906,3.25,4.08,2.42,23.39,100.0,4.4962,3.25,3.59,3.95,32.89,9.72,2.2742,0.9877,7.6925,3.2712,5.0,7.5542,22.0657,1.2,24.0,9.8765
710.0,313.0,32.0,6.85,4.32,4.58,5.97,9.39,11.0,14.8,6.06,4.36,1.78,0.394,1.364,0.061,0.121,1.49,1.03,30.3,9.09,139.0,96.4,5.2,7.32,4.48,0.0,3.6,5.26,1.44,0.72,0.72,0.0,6.77,11.94,0.96,2.24,96.4,9.7,2.24,19.42,13.67,10.65,0.0,2.86,98.39,4.3353,4.2654,2.0828,7.1,22.58,100.0,4.0407,4.0407,2.7938,3.6,12.95,100.0,3.5096,3.5096,2.6305,5.13,16.67,100.0,5.6615,3.38,4.7,2.9,15.16,100.0,5.3527,4.44,4.7,0.72,5.04,100.0,4.894,4.21,4.68,1.28,6.41,9.7812,2.2805,0.9904,9.1664,3.9217,5.1111,8.0765,23.5193,1.3438,47.0,15.016
970.0,332.0,25.0,6.76,6.79,8.32,9.45,13.28,16.0,18.2,4.0,5.56,1.93,0.88,1.48,0.24,0.64,1.73,1.4,20.0,0.0,184.0,94.57,6.07,8.5,4.02,0.0,5.43,5.71,4.35,3.26,3.26,2.17,2.41,6.02,2.11,4.6,85.87,29.11,18.35,20.65,16.3,4.22,0.0,1.29,98.19,4.0963,4.0223,1.9345,11.75,30.12,98.91,3.356,3.3196,1.9138,10.87,41.85,98.31,2.9622,2.912,1.6021,16.1,55.93,99.4,5.5689,3.69,4.46,3.92,13.55,100.0,4.8625,3.53,4.08,2.72,17.39,100.0,4.5483,3.25,4.08,4.24,21.19,13.28,2.5863,1.1232,9.8122,4.9392,7.7143,8.4881,34.0631,2.76,54.0,16.2651
980.0,569.0,36.0,10.47,8.97,10.68,11.29,15.69,21.0,23.5,27.78,5.64,2.2,1.028,1.694,0.167,0.389,1.8,0.944,2.78,0.0,230.0,99.57,6.26,9.58,13.1,0.44,0.43,0.61,0.0,0.0,0.0,0.0,5.49,14.87,2.64,2.18,93.04,20.56,6.07,30.0,19.57,8.67,0.0,1.83,97.52,4.3411,4.2336,2.1933,8.67,22.48,100.0,3.5297,3.5297,2.2455,6.96,29.13,100.0,3.2593,3.2593,2.0881,9.7,35.82,100.0,5.7525,3.96,4.71,3.36,10.8,100.0,4.9965,3.838,4.41,0.87,12.17,100.0,4.9075,3.776,4.29,0.75,15.67,15.8056,2.7604,1.1988,9.1935,5.0022,12.5,11.6982,43.3978,4.3611,94.0,16.5202
1000.0,426.0,31.0,11.69,9.33,9.16,10.31,14.57,17.25,22.9,21.43,6.68,1.99,0.714,1.286,0.214,0.429,1.92,1.25,3.57,3.57,192.0,98.44,7.33,11.16,29.1,8.47,1.56,2.54,0.0,0.0,0.0,0.0,3.43,12.25,2.58,3.7,95.83,28.8,10.87,41.15,23.96,7.6,0.0,2.71,99.75,4.1928,4.1825,2.1033,8.82,25.74,100.0,3.4129,3.4129,1.9031,14.58,33.33,100.0,3.1939,3.1939,1.9031,17.46,42.06,100.0,5.8635,4.37,4.95,1.23,5.64,100.0,5.1049,4.04,4.47,0.0,9.38,100.0,5.0189,4.04,4.345,0.0,9.52,13.7419,2.6205,1.138,9.6556,5.0175,7.5,12.2487,37.4509,3.2581,74.0,17.3709
620.0,133.0,14.0,5.6,4.97,7.29,9.69,9.5,12.75,14.4,0.0,4.21,1.65,0.929,1.643,0.143,0.0,1.31,0.429,7.14,0.0,79.0,100.0,4.98,6.9,3.8,0.0,0.0,0.0,0.0,0.0,0.0,0.0,2.26,5.26,1.5,1.27,96.2,19.74,14.47,29.11,27.85,3.01,0.0,0.65,100.0,4.0192,4.0192,2.4814,3.76,24.81,100.0,3.7634,3.7634,3.0149,2.53,7.59,100.0,3.6078,3.6078,3.0149,2.13,8.51,100.0,5.4621,4.01,4.69,2.26,6.77,100.0,5.1056,4.35,4.63,1.27,3.8,100.0,5.0079,4.35,4.35,0.0,4.26,9.5,2.2513,0.9777,10.0438,3.8597,4.0,7.4475,24.5376,1.4286,18.0,13.5338
780.0,377.0,37.0,8.96,6.6,8.08,10.31,10.42,12.0,13.0,5.56,4.94,1.79,0.722,1.306,0.083,0.111,1.78,0.583,5.56,0.0,174.0,99.43,5.91,8.17,5.2,0.0,0.57,0.86,0.0,0.0,0.0,0.0,6.13,16.53,5.84,0.58,97.13,23.67,4.73,32.76,24.14,11.73,0.0,1.35,97.6,4.0994,4.001,2.0,9.87,28.27,100.0,3.5612,3.5612,2.3962,2.3,24.71,100.0,3.4576,3.4576,2.3685,4.04,28.28,100.0,5.5477,3.808,4.685,2.67,12.0,100.0,5.0626,4.1,4.6925,0.0,8.62,100.0,5.0456,4.1,4.71,0.0,7.07,10.1892,2.3213,1.0081,9.9637,4.3972,5.8889,9.8361,34.0619,2.4324,65.0,17.2414
540.0,225.0,23.0,5.16,4.22,4.33,5.61,9.54,12.25,13.0,0.0,4.38,1.75,0.5,1.167,0.0,0.333,1.74,0.333,8.33,12.5,95.0,91.58,5.29,7.95,2.3,0.0,8.42,4.11,7.37,5.26,5.26,5.26,11.35,17.03,5.78,0.0,93.68,12.36,0.0,17.89,15.79,13.1,0.44,1.08,90.39,4.519,4.0849,1.703,10.48,23.58,94.74,3.8787,3.6746,2.6513,7.37,24.21,90.38,3.5602,3.2179,1.6074,11.54,36.54,95.2,5.4507,3.592,4.62,6.55,17.03,94.74,4.8292,3.89,4.515,7.37,14.74,90.38,4.4267,2.9,4.01,11.54,21.15,9.7826,2.2806,0.9905,8.4727,3.8237,5.1111,7.424,19.5604,0.9565,21.0,9.3333
930.0,508.0,35.0,9.11,6.96,7.29,7.92,14.34,17.0,20.0,17.14,5.51,2.01,0.829,1.429,0.057,0.114,1.86,1.229,8.57,0.0,207.0,98.07,5.55,7.84,4.43,0.49,1.93,2.38,0.97,0.0,0.0,0.0,8.76,17.93,4.92,2.46,98.07,11.82,2.46,17.87,14.98,13.35,0.0,1.59,96.02,4.4685,4.2905,2.5708,7.17,18.92,100.0,3.8201,3.8201,2.6941,2.9,16.91,100.0,3.6203,3.6203,2.5282,4.84,22.58,100.0,5.8101,4.275,4.8825,4.18,7.37,100.0,5.2218,4.248,4.845,1.45,5.31,100.0,5.1103,4.186,4.74,2.42,7.26,14.5143,2.6751,1.1618,8.2417,4.4599,7.125,9.6067,30.656,2.3429,53.0,10.4331
920.0,618.0,46.0,9.0,6.6,8.52,9.86,13.64,17.0,19.0,8.89,5.56,1.94,1.156,1.578,0.333,0.267,1.74,1.133,11.11,0.0,330.0,96.36,5.78,9.18,10.69,0.0,3.64,3.95,1.82,2.42,2.42,1.82,0.81,4.72,0.97,2.2,94.24,14.15,1.93,35.15,26.67,2.12,0.16,0.72,99.67,4.2367,4.2229,2.2672,7.49,21.34,99.7,3.5307,3.52,1.9427,10.61,23.94,99.52,3.2371,3.2215,1.5911,14.01,30.43,99.84,5.7761,4.39,4.69,1.95,6.03,100.0,5.0339,3.98,4.63,3.03,10.61,100.0,4.8366,3.92,4.63,4.83,13.04,13.4348,2.5978,1.1282,9.5151,4.6537,6.0,10.0236,34.6322,2.8478,100.0,16.1812
880.0,499.0,37.0,9.96,7.29,7.19,8.02,13.59,17.0,20.4,16.22,5.73,2.0,1.081,1.486,0.324,0.054,1.75,1.568,18.92,0.0,257.0,93.77,6.12,10.35,18.26,1.66,6.23,2.72,5.45,1.95,1.95,1.17,1.39,4.17,0.8,8.3,88.72,25.0,7.02,30.35,22.96,2.98,2.78,0.68,95.83,4.4207,4.2361,1.9085,11.13,22.27,94.16,3.5062,3.3016,1.1929,19.46,34.24,90.96,3.0675,2.7903,0.699,27.11,46.99,99.8,5.8004,4.3,4.84,3.18,7.16,100.0,4.91,3.6,4.49,7.0,16.34,100.0,4.6142,3.29,4.315,8.43,21.08,13.4865,2.6017,1.1299,8.957,4.7053,8.3333,10.7009,30.9214,2.3514,75.0,15.0301
580.0,154.0,15.0,6.7,5.19,4.07,5.46,10.13,13.0,13.6,0.0,5.27,1.89,0.267,0.533,0.133,0.267,1.84,0.733,6.67,66.67,73.0,93.15,5.08,6.79,1.47,0.0,6.85,9.62,0.0,2.74,2.74,0.0,4.61,12.5,3.25,0.0,94.52,15.94,1.45,9.59,6.85,5.92,0.0,2.23,100.0,4.3726,4.3726,2.3547,5.92,25.0,100.0,3.5699,3.5699,2.1515,5.48,38.36,100.0,3.1552,3.1552,2.3424,4.76,54.76,100.0,5.7701,3.93,4.7025,4.61,15.79,100.0,4.9126,3.848,3.94,2.74,26.03,100.0,4.5781,3.921,3.9325,4.76,35.71,10.2667,2.3289,1.0114,7.4268,3.6827,5.7778,8.8418,21.955,1.2,19.0,12.3377
550.0,273.0,27.0,5.51,3.7,4.62,6.09,10.22,13.0,15.4,0.0,4.74,1.75,0.444,1.37,0.111,0.222,1.92,0.667,3.7,3.7,130.0,97.69,4.76,7.22,6.3,0.0,2.31,4.62,0.0,1.54,0.77,0.0,3.26,6.88,2.56,0.0,96.15,13.6,1.6,13.85,10.0,7.61,0.0,0.61,100.0,4.4268,4.4268,2.4669,5.8,15.94,100.0,3.9953,3.9953,2.7466,0.0,20.0,100.0,3.7121,3.7121,2.5105,0.0,26.67,100.0,5.8122,4.0,5.1,4.71,9.78,100.0,5.2935,4.08,4.8625,2.31,3.08,100.0,5.0487,4.08,4.57,3.33,3.33,10.1111,2.3136,1.0048,7.8397,3.0522,4.9,7.7935,22.5653,1.2593,17.0,6.2271
600.0,360.0,28.0,6.92,6.17,7.17,8.45,13.11,15.25,19.3,10.71,5.46,1.98,0.964,1.321,0.179,0.071,2.01,0.571,7.14,3.57,213.0,96.24,5.7,9.11,11.22,0.0,3.76,5.47,0.94,3.29,2.82,0.94,0.27,1.63,0.0,2.93,81.69,30.46,6.9,11.74,8.45,0.82,0.0,0.48,100.0,3.922,3.922,2.2014,7.9,35.69,100.0,3.1135,3.1135,1.9864,10.33,51.64,100.0,2.8083,2.8083,1.8921,13.48,65.96,100.0,5.3774,3.636,4.11,3.81,20.44,100.0,4.5276,3.37,3.98,4.69,28.17,100.0,4.3052,3.14,3.76,5.67,34.75,12.8571,2.5539,1.1091,8.9674,4.2524,3.75,7.835,29.8016,2.1786,56.0,15.5556
750.0,211.0,21.0,7.62,6.28,8.55,10.89,9.55,11.75,14.8,4.55,4.68,1.68,0.318,1.136,0.045,0.182,1.75,0.5,9.09,9.09,127.0,100.0,6.46,10.58,19.69,4.72,0.0,0.0,0.0,0.0,0.0,0.0,0.0,0.0,0.0,4.72,92.91,27.12,16.95,29.13,21.26,0.0,0.0,0.4,100.0,4.0371,4.0371,1.8325,11.9,29.52,100.0,3.2328,3.2328,2.2127,8.66,42.52,100.0,2.9557,2.9557,1.7482,11.96,48.91,100.0,5.5573,3.797,4.6575,3.81,13.33,100.0,4.7991,3.62,4.34,4.72,18.9,100.0,4.5684,3.521,3.905,6.52,26.09,10.0476,2.3073,1.0021,9.5229,4.2936,4.0833,9.4857,37.5358,2.7619,30.0,14.218
900.0,699.0,50.0,7.25,5.6,6.09,6.03,13.15,18.5,28.7,24.07,4.94,2.28,1.056,1.593,0.111,0.037,1.59,0.87,57.41,11.11,300.0,95.0,5.39,8.11,7.37,0.7,5.0,7.53,0.67,2.33,1.67,0.67,2.54,5.77,1.43,1.05,94.0,11.35,2.13,21.33,14.33,4.51,2.39,0.91,99.15,4.6444,4.6051,2.6522,3.8,13.52,99.33,3.9442,3.9179,2.4469,4.67,19.0,98.61,3.6528,3.6021,2.1191,6.94,23.61,100.0,5.9431,4.377,5.17,0.42,5.35,100.0,5.227,4.147,4.82,0.67,8.33,100.0,5.0402,3.826,4.5925,0.69,11.81,13.98,2.6376,1.1455,7.9894,4.0405,8.1667,8.4881,28.4292,2.02,81.0,11.588
650.0,703.0,59.0,6.93,4.97,6.7,7.32,10.32,15.0,19.0,8.7,4.49,2.12,0.696,1.478,0.116,0.087,1.69,0.638,57.97,14.49,340.0,97.35,5.04,7.56,2.11,0.0,2.65,3.81,0.0,1.47,0.88,0.0,6.88,9.41,0.85,3.02,88.53,14.62,5.32,13.24,11.18,7.3,0.28,0.54,92.7,4.472,4.1454,1.6128,11.66,21.63,99.41,3.7204,3.6985,2.1606,7.94,23.53,99.48,3.3497,3.3322,2.0128,9.95,30.37,99.86,5.5406,3.4,4.62,6.6,15.59,99.71,4.98,3.72,4.5275,3.82,17.06,99.48,4.6951,3.56,4.245,5.76,22.51,11.9153,2.4778,1.0761,8.6972,3.8525,6.5,8.5436,29.8384,2.1356,81.0,11.522
830.0,433.0,39.0,10.54,7.11,7.27,8.81,12.0,14.5,16.0,5.88,5.5,1.97,0.529,1.206,0.029,0.294,1.9,0.971,2.94,0.0,187.0,97.33,6.52,9.78,18.68,0.55,2.67,2.0,2.14,0.0,0.0,0.0,5.88,16.18,4.16,0.55,98.93,23.24,11.89,34.76,20.32,8.82,0.0,4.17,99.75,4.3098,4.2992,2.3478,7.35,17.89,100.0,3.6516,3.6516,1.9031,13.37,27.81,100.0,3.3546,3.3546,1.9031,20.34,38.14,100.0,5.9224,4.435,5.11,0.0,1.47,100.0,5.2616,4.04,4.665,0.0,1.6,100.0,5.1247,4.04,4.39,0.0,1.69,11.1026,2.4072,1.0454,8.5632,4.1721,6.3333,11.1039,30.733,2.1795,60.0,13.8568
840.0,613.0,52.0,9.35,7.29,8.19,10.18,11.62,14.0,18.0,5.77,5.29,1.89,0.731,1.423,0.135,0.346,1.77,0.769,13.46,0.0,263.0,96.2,6.51,9.72,16.6,2.77,3.8,5.19,1.52,1.9,1.52,1.52,10.1,15.23,2.28,1.58,90.49,25.63,5.04,37.26,25.86,11.92,0.0,1.42,95.7,4.1202,3.9429,1.3738,13.25,28.31,98.48,3.529,3.4753,2.2041,7.22,26.24,97.65,3.2885,3.2112,1.7634,10.59,33.53,96.03,5.4568,3.45,4.63,4.97,13.91,98.48,4.9693,4.018,4.6,1.9,9.89,97.65,4.8168,3.826,4.4575,2.35,12.94,11.7885,2.4671,1.0715,9.579,4.4793,7.25,10.8507,35.6058,2.8077,78.0,12.7243
760.0,677.0,54.0,7.02,5.11,6.64,7.41,12.4,18.0,24.0,20.0,5.24,2.11,0.927,1.673,0.109,0.182,1.69,0.836,45.45,9.09,304.0,95.72,5.42,8.17,6.87,0.0,4.28,4.83,1.32,1.97,1.64,1.32,3.81,5.72,0.89,2.06,93.09,18.02,4.95,22.04,15.13,5.72,0.29,0.36,100.0,4.5141,4.5141,2.7058,3.96,13.93,100.0,3.7132,3.7132,2.5468,3.95,22.7,100.0,3.5951,3.5951,2.5821,3.87,22.58,100.0,5.8472,4.201,4.9425,1.03,7.77,100.0,4.9575,3.843,4.43,1.32,12.5,100.0,4.8574,3.85,4.43,1.29,11.61,12.537,2.5287,1.0982,8.2467,3.8643,4.4,8.5151,30.7054,2.2778,80.0,11.8168
1060.0,556.0,43.0,10.86,9.4,9.45,11.03,13.44,17.0,18.0,7.32,5.8,1.98,0.39,1.171,0.073,0.683,1.83,1.756,9.76,2.44,278.0,93.17,6.48,10.0,15.44,2.7,6.83,7.88,3.6,5.76,5.76,3.6,6.35,11.98,1.26,3.09,83.81,22.32,7.73,28.78,19.42,8.35,0.0,0.93,97.1,3.8566,3.7446,1.4771,16.7,37.02,97.12,3.1453,3.0548,1.7414,15.83,48.2,96.19,2.9431,2.831,1.5051,19.05,57.62,99.09,5.4179,3.77,4.25,5.81,15.79,98.56,4.6814,3.701,4.1425,6.12,23.02,98.1,4.4732,3.436,3.94,8.1,27.14,12.9302,2.5596,1.1116,10.4405,5.4618,13.0,11.5305,39.5489,3.4419,118.0,21.223
680.0,335.0,34.0,6.69,5.55,5.2,7.01,9.57,12.0,14.0,2.86,4.69,1.71,0.314,1.143,0.171,0.229,2.0,0.257,8.57,5.71,129.0,100.0,5.91,8.83,9.3,2.33,0.0,0.0,0.0,0.0,0.0,0.0,6.57,20.0,5.07,4.65,92.25,15.13,6.72,29.46,20.93,10.45,0.0,0.26,96.42,4.3514,4.1955,1.7495,11.94,21.79,100.0,3.6723,3.6723,2.29,6.98,28.68,100.0,3.3771,3.3771,1.9567,10.71,36.9,100.0,5.7292,3.57,4.89,5.37,12.24,100.0,5.166,4.02,4.65,0.0,8.53,100.0,5.017,3.859,4.5,0.0,10.71,9.8529,2.2878,0.9936,8.6501,4.1793,4.3,8.2199,25.6738,1.5588,44.0,13.1343
1410.0,199.0,7.0,16.6,14.35,16.88,11.61,28.29,28.5,44.4,71.43,8.57,4.17,1.286,1.143,0.571,0.0,1.73,3.714,14.29,0.0,77.0,93.51,6.13,8.61,6.94,1.39,6.49,8.06,0.0,5.19,3.9,0.0,11.62,18.18,5.53,2.78,90.91,27.14,11.43,15.58,14.29,16.16,0.0,0.83,91.92,4.1705,3.8335,1.2107,14.14,32.83,98.7,3.3139,3.2709,1.9569,11.69,40.26,98.11,3.2927,3.2306,1.9453,13.21,43.4,99.49,5.4576,3.472,4.35,8.59,18.18,100.0,4.6938,3.49,4.06,5.19,23.38,100.0,4.6908,3.49,4.02,5.66,24.53,28.4286,3.3474,1.4538,11.3943,7.0514,22.0,15.5328,56.5693,8.0,44.0,22.1106
700.0,882.0,74.0,7.35,4.93,6.14,6.42,10.76,15.0,20.0,12.2,4.61,2.07,1.146,1.634,0.085,0.073,1.52,0.707,64.63,10.98,412.0,95.87,5.39,7.71,4.81,0.25,4.13,6.27,0.0,2.67,1.46,0.0,4.2,6.01,0.23,2.78,91.99,19.0,6.86,14.08,11.89,5.1,0.23,0.76,97.39,4.5417,4.4233,2.4556,7.14,16.55,99.51,3.7498,3.7316,2.344,7.28,24.51,98.94,3.4771,3.4403,2.3222,6.88,28.04,99.66,5.7423,3.83,4.7325,2.38,13.49,99.76,4.9844,3.791,4.435,3.88,15.05,99.47,4.7844,3.81,4.33,3.17,15.87,11.9189,2.4781,1.0762,8.3811,3.8651,6.25,8.4002,26.0913,1.6892,106.0,12.0181
990.0,589.0,44.0,11.87,9.0,10.35,11.56,13.16,17.0,24.6,20.0,5.36,2.09,0.978,1.2,0.111,0.267,1.79,1.2,22.22,24.44,297.0,90.57,7.49,11.77,24.91,10.04,9.43,10.65,3.03,6.4,5.05,3.03,2.87,7.94,1.87,9.29,81.48,24.79,9.09,31.99,18.86,7.43,0.51,1.37,97.3,4.0425,3.9332,1.656,14.02,31.25,96.97,3.1302,3.0353,0.7077,20.2,46.8,96.26,2.8927,2.7844,0.4771,24.6,51.34,99.66,5.5538,3.781,4.5275,2.36,11.99,99.33,4.7713,3.664,4.26,5.39,14.81,99.47,4.6729,3.592,4.15,4.28,15.51,13.3864,2.5942,1.1267,10.8148,5.3547,6.0,12.0377,42.928,3.9545,146.0,24.7878
980.0,701.0,55.0,12.23,9.85,11.13,13.33,12.89,15.0,18.7,7.41,5.67,1.88,0.722,1.519,0.204,0.37,1.75,1.111,9.26,0.0,382.0,96.34,6.98,10.53,19.29,3.53,3.66,4.87,1.05,1.05,0.79,0.0,2.87,8.48,1.85,3.26,91.36,20.34,6.02,38.74,24.08,4.6,0.0,0.76,98.13,4.0591,3.9833,2.1351,8.62,27.44,99.21,3.4583,3.4311,2.1523,8.64,30.1,99.61,3.3006,3.2877,1.9191,11.33,32.81,100.0,5.5962,3.98,4.83,3.16,10.2,99.74,5.0041,3.84,4.5525,3.66,12.83,100.0,4.9333,3.81,4.4475,4.69,14.45,12.7455,2.5452,1.1054,10.1702,5.2983,8.1429,12.4048,46.1263,4.2545,146.0,20.8274
440.0,307.0,42.0,4.23,2.79,2.75,3.54,6.27,9.0,11.0,0.0,3.62,1.68,0.312,1.167,0.021,0.0,1.63,0.438,56.25,12.5,137.0,98.54,4.67,6.74,2.96,0.0,1.46,2.47,0.0,1.46,0.73,0.0,6.31,9.3,0.98,0.0,91.97,8.73,3.17,10.95,10.22,6.64,0.0,2.83,93.36,4.6595,4.3499,2.2253,8.64,16.61,98.54,4.0272,3.9684,2.4325,4.38,17.52,98.57,3.5824,3.5312,2.2253,7.14,27.14,100.0,5.7332,3.67,5.05,1.99,11.63,100.0,5.1321,4.012,4.64,1.46,10.22,100.0,4.7699,3.57,4.45,1.43,17.14,7.3095,1.9892,0.8639,8.1651,3.1302,2.375,6.0527,19.0359,0.8571,21.0,6.8404
520.0,203.0,22.0,4.48,3.3,3.67,5.22,9.23,12.0,13.9,0.0,4.5,1.59,0.5,1.227,0.091,0.091,1.8,0.182,13.64,0.0,84.0,97.62,5.5,9.05,15.85,0.0,2.38,3.77,0.0,0.0,0.0,0.0,0.0,13.3,0.49,0.0,90.48,10.53,6.58,19.05,16.67,10.84,0.0,0.84,100.0,4.4864,4.4864,2.6803,1.48,13.3,100.0,3.7889,3.7889,2.2843,0.0,20.24,100.0,3.3772,3.3772,2.1614,0.0,33.33,100.0,5.8933,4.442,4.93,0.99,4.93,100.0,5.1725,4.163,4.8225,0.0,9.52,100.0,4.8969,3.81,4.44,0.0,17.78,9.2273,2.2222,0.9651,7.5166,3.411,3.1538,6.3515,23.513,1.3182,18.0,8.867
1140.0,527.0,29.0,11.97,10.71,12.19,11.82,18.28,22.0,35.4,37.93,5.72,2.48,0.966,1.517,0.207,0.345,1.97,1.517,24.14,0.0,229.0,90.39,6.49,9.79,14.98,3.38,9.61,6.96,5.68,6.99,5.68,4.8,8.11,14.72,3.98,3.38,84.28,19.17,4.66,23.58,12.23,11.51,0.0,2.05,93.21,4.1892,3.9046,1.5484,14.72,30.94,94.32,3.4469,3.2512,1.6272,15.72,39.3,92.62,3.326,3.0805,1.4174,18.12,42.95,99.06,5.5018,3.57,4.495,6.42,16.79,100.0,4.8327,3.434,4.31,5.68,17.9,100.0,4.7373,3.15,4.2,7.38,20.13,18.1724,2.8999,1.2594,10.2606,5.9144,16.25,12.4378,44.1686,4.7241,132.0,25.0474
570.0,661.0,65.0,4.55,3.98,5.12,6.24,9.88,14.0,17.0,4.48,4.45,1.93,0.597,1.478,0.104,0.09,1.7,0.463,47.76,5.97,296.0,99.32,4.86,6.72,1.02,0.0,0.68,1.26,0.0,0.0,0.0,0.0,3.32,5.59,0.76,1.36,92.91,11.64,2.91,22.3,19.93,4.38,0.0,1.08,97.43,4.5916,4.4737,2.7875,3.93,13.6,100.0,3.8429,3.8429,2.7875,2.03,17.57,100.0,3.5454,3.5454,2.5711,1.2,24.1,100.0,5.7779,4.131,4.86,2.72,8.76,100.0,5.0861,4.11,4.52,1.35,9.12,100.0,4.8731,3.87,4.29,0.6,12.65,10.1692,2.3194,1.0073,7.2463,3.3658,6.25,7.3211,25.903,1.6,47.0,7.1104
1030.0,737.0,54.0,10.51,8.35,9.32,10.69,13.7,16.0,20.6,11.32,5.7,1.96,0.434,1.245,0.151,0.453,1.91,0.962,15.09,1.89,339.0,94.99,6.83,10.43,19.25,1.55,5.01,6.25,1.77,4.13,3.83,1.18,5.37,15.01,3.53,2.17,84.66,23.34,9.76,32.45,20.94,8.13,0.14,2.03,95.59,4.0791,3.8993,1.7558,13.5,33.75,97.05,3.3011,3.2037,1.9222,10.91,45.43,95.83,3.0847,2.9562,1.7701,14.58,54.17,99.72,5.5101,3.46,4.44,6.06,17.77,99.71,4.7789,3.7,4.08,3.83,21.83,99.58,4.5812,3.568,3.94,5.42,28.75,13.6481,2.6136,1.1351,10.6123,5.0855,6.6667,11.133,36.1719,3.0741,135.0,18.3175
1140.0,604.0,44.0,13.77,11.33,12.18,14.14,13.59,19.0,21.7,18.18,5.61,2.17,0.682,1.159,0.114,0.591,1.84,1.591,6.82,25.0,287.0,95.47,6.93,9.95,19.34,3.28,4.53,4.27,2.09,2.44,2.44,1.05,5.18,14.88,3.97,6.93,86.76,24.9,6.02,31.01,19.16,10.03,0.0,1.38,98.83,3.9684,3.922,2.1605,8.19,28.43,98.95,3.3211,3.2864,1.8683,12.89,34.49,98.51,3.2133,3.1653,1.6021,14.43,37.81,100.0,5.5698,4.114,4.72,3.68,9.36,100.0,4.8502,3.566,4.43,5.57,17.07,100.0,4.776,3.27,4.41,6.97,17.91,13.7273,2.6194,1.1376,11.1144,5.7931,7.0,13.3918,47.6677,4.6591,155.0,25.6623
850.0,96.0,10.0,6.76,4.26,4.71,6.49,9.6,10.5,14.0,0.0,4.6,1.56,0.6,1.1,0.0,0.6,1.55,1.2,0.0,0.0,56.0,91.07,5.49,10.7,13.73,7.84,8.93,5.41,7.14,7.14,7.14,7.14,1.04,2.08,0.0,9.8,85.71,12.5,2.08,21.43,19.64,2.08,0.0,0.0,94.79,4.4302,4.1995,1.8264,10.42,20.83,92.86,3.6664,3.4045,1.0792,16.07,28.57,89.19,3.429,3.0583,0.5419,16.22,35.14,100.0,5.6451,3.495,4.61,6.25,13.54,100.0,4.8168,2.85,4.3625,12.5,25.0,100.0,4.5803,2.59,3.94,10.81,29.73,9.6,2.2618,0.9823,7.8957,3.8947,4.5,7.9087,23.1417,1.3,15.0,15.625
870.0,856.0,68.0,7.23,5.86,8.14,9.01,12.29,16.0,25.1,17.14,4.63,2.24,0.786,1.471,0.086,0.086,1.88,0.771,54.29,12.86,373.0,95.17,5.42,7.71,3.66,0.0,4.83,7.11,0.54,3.22,1.34,0.0,7.67,15.58,2.1,0.85,91.96,11.95,2.33,18.5,13.67,12.67,0.23,2.39,95.23,4.3495,4.1421,2.1571,8.49,22.09,99.2,3.7967,3.7662,2.4099,6.43,19.84,100.0,3.5532,3.5532,2.2966,7.77,21.84,97.44,5.5194,3.61,4.6775,4.19,14.19,100.0,5.0999,3.944,4.65,2.41,10.19,100.0,4.9734,3.955,4.53,2.43,10.19,12.5882,2.5328,1.1,9.1491,4.5228,7.0,8.4504,32.2144,2.4706,111.0,12.9673
1050.0,707.0,48.0,9.17,8.58,9.68,10.49,14.77,18.0,22.3,16.67,5.81,2.02,0.708,1.333,0.083,0.208,2.04,0.667,58.33,10.42,333.0,96.7,6.0,8.5,6.83,0.62,3.3,5.03,1.5,1.2,0.6,0.0,3.1,11.42,1.84,2.8,79.88,15.79,1.13,29.73,21.92,6.77,0.0,1.09,96.9,4.2436,4.1119,1.8751,14.67,25.67,99.1,3.3249,3.2949,1.8751,20.12,34.23,99.54,3.0134,2.9996,1.8751,26.94,42.47,100.0,5.6513,3.25,4.75,4.65,16.22,99.4,4.7834,3.25,4.18,4.5,23.42,100.0,4.5399,3.25,3.49,5.02,31.05,14.7292,2.6898,1.1682,8.7892,4.9715,6.0,11.3747,41.7447,3.9792,95.0,13.4371
890.0,275.0,21.0,11.2,8.31,8.44,9.72,12.9,14.0,19.0,9.52,5.1,2.07,0.524,1.381,0.095,0.476,1.85,0.762,0.0,0.0,107.0,97.2,6.36,9.58,12.5,4.81,2.8,4.11,0.0,0.0,0.0,0.0,10.7,17.34,4.36,7.69,91.59,15.31,4.08,22.43,16.82,14.39,0.0,2.49,95.2,4.2549,4.0508,2.1271,9.23,23.99,100.0,3.4222,3.4222,1.9515,10.28,30.84,100.0,3.2762,3.2762,1.301,13.04,37.68,100.0,5.6747,3.88,4.8,2.21,11.44,100.0,4.8877,3.558,4.455,6.54,12.15,100.0,4.7661,3.11,4.35,8.7,14.49,13.0952,2.5722,1.1171,9.3962,4.9058,5.8889,11.8555,33.4589,2.6667,48.0,17.4545
1010.0,550.0,32.0,11.6,9.63,10.03,9.8,16.27,21.0,24.6,33.33,5.94,2.12,1.212,1.697,0.152,0.242,1.72,1.061,12.12,3.03,240.0,96.25,6.4,9.11,11.69,1.3,3.75,4.76,0.83,0.0,0.0,0.0,5.21,9.68,1.64,1.3,98.75,18.99,6.75,33.33,22.08,8.01,0.0,2.23,97.21,4.4257,4.302,2.2801,7.08,20.3,100.0,3.7363,3.7363,2.4786,4.17,20.42,100.0,3.5078,3.5078,2.2983,4.51,25.56,97.95,5.8031,4.256,5.0,2.23,6.7,100.0,5.2288,4.25,4.83,0.0,3.75,100.0,5.1365,4.24,4.77,0.0,6.02,17.1875,2.8442,1.2352,9.3983,5.4203,7.125,12.3295,39.3693,3.8125,99.0,18.0
960.0,520.0,34.0,9.35,8.1,8.33,8.77,15.26,19.0,22.7,23.53,5.76,2.03,0.912,1.353,0.176,0.118,1.87,1.235,2.94,2.94,224.0,98.66,5.78,9.06,10.41,0.0,1.34,2.33,0.0,0.45,0.45,0.0,6.94,14.26,3.46,1.36,95.09,17.84,4.23,19.2,12.95,10.4,0.77,1.36,100.0,4.3143,4.3143,2.5435,2.89,20.04,100.0,3.6389,3.6389,2.3729,1.79,23.21,100.0,3.4375,3.4375,2.2201,1.6,30.4,100.0,5.7911,4.13,4.83,0.19,8.48,100.0,5.088,4.11,4.555,0.89,8.04,100.0,4.9711,3.98,4.43,0.0,10.4,15.2941,2.7275,1.1845,8.7373,4.7485,10.3333,10.1258,34.5249,2.9412,68.0,13.0769
450.0,125.0,15.0,4.93,4.18,3.84,5.66,8.33,9.5,10.6,0.0,4.53,1.49,0.533,1.133,0.0,0.0,1.49,0.733,6.67,0.0,65.0,100.0,4.66,7.11,0.0,0.0,0.0,0.0,0.0,0.0,0.0,0.0,7.2,10.4,4.0,0.0,100.0,9.23,0.0,16.92,13.85,8.8,0.0,0.0,99.2,4.4592,4.4236,2.9716,3.2,10.4,100.0,4.0144,4.0144,3.257,0.0,6.15,100.0,3.8656,3.8656,3.2958,0.0,2.78,99.2,5.7876,4.39,4.89,0.8,4.0,100.0,5.3106,4.688,4.83,0.0,4.62,100.0,5.2811,4.7,4.825,0.0,2.78,8.3333,2.1203,0.9208,8.3447,3.39,4.0909,7.0316,21.1333,1.0667,11.0,8.8
790.0,293.0,29.0,10.18,7.56,8.65,10.98,10.0,12.0,14.4,0.0,5.07,1.72,0.586,1.172,0.069,0.069,1.75,0.828,0.0,0.0,128.0,97.66,6.16,8.5,8.0,2.4,2.34,2.22,1.56,1.56,1.56,1.56,9.31,19.31,4.78,1.6,94.53,10.74,3.31,28.12,21.09,14.14,1.38,2.31,93.45,4.2522,3.9736,2.0043,9.31,26.21,98.44,3.6024,3.5462,2.3075,3.12,30.47,97.33,3.2593,3.1724,2.1617,5.33,44.0,99.66,5.5474,3.46,4.72,6.9,14.14,100.0,5.0314,3.732,4.515,2.34,12.5,100.0,4.7319,3.6,4.17,4.0,21.33,10.1034,2.3129,1.0045,10.1734,4.6704,5.0909,10.7049,37.0659,2.7241,50.0,17.0648
530.0,317.0,34.0,7.26,5.73,5.0,6.86,8.89,11.0,12.6,0.0,4.31,1.68,0.4,1.029,0.029,0.114,1.84,0.486,2.86,2.86,130.0,99.23,5.3,7.89,4.65,0.0,0.77,1.3,0.0,0.0,0.0,0.0,17.04,22.19,7.26,1.55,98.46,3.91,0.78,17.69,12.31,19.29,0.0,1.92,89.39,4.5494,4.0667,0.0,11.9,21.22,100.0,4.1603,4.1603,3.0601,1.54,5.38,100.0,3.8913,3.8913,3.0039,2.63,9.21,100.0,5.7242,3.97,4.875,5.79,11.58,100.0,5.5426,4.706,5.1025,1.54,1.54,100.0,5.3778,4.655,4.9,2.63,2.63,9.3235,2.2325,0.9696,8.9306,4.1883,3.7692,9.1685,24.4655,1.4118,32.0,10.0946
1130.0,240.0,12.0,13.17,11.73,12.63,11.53,19.42,28.25,29.0,41.67,7.17,2.4,1.75,2.333,0.917,0.5,1.74,1.0,8.33,0.0,78.0,93.59,6.58,9.21,13.7,2.74,6.41,7.69,0.0,2.56,1.28,0.0,5.58,19.74,5.0,4.11,93.59,17.81,1.37,39.74,25.64,16.31,0.0,3.28,97.85,4.2537,4.1624,2.1678,9.87,21.46,100.0,3.4675,3.4675,2.2985,8.97,25.64,100.0,3.3834,3.3834,2.1471,10.26,28.21,100.0,5.7196,4.098,4.86,3.0,9.01,100.0,5.0223,4.155,4.5275,2.56,8.97,100.0,5.0492,4.116,4.64,2.56,10.26,20.0,2.9957,1.301,10.0234,6.0957,13.2,13.5591,46.25,5.25,49.0,20.4167
830.0,329.0,27.0,9.01,6.77,7.55,9.15,11.96,14.0,17.4,7.41,5.22,2.0,0.556,1.444,0.074,0.222,1.79,0.963,7.41,0.0,137.0,97.81,6.63,9.24,12.69,2.24,2.19,3.09,0.0,0.73,0.0,0.0,6.81,13.62,3.04,2.99,93.43,25.0,3.91,31.39,21.17,7.12,0.0,4.27,97.21,4.2997,4.1799,2.1987,8.98,23.53,100.0,3.3503,3.3503,2.3607,7.3,34.31,100.0,3.2103,3.2103,2.3414,6.98,34.88,99.38,5.7461,3.98,4.9,1.24,11.15,100.0,4.9476,4.106,4.39,0.73,9.49,100.0,4.884,4.105,4.39,1.16,9.3,12.1852,2.5002,1.0858,9.8082,4.5699,5.8889,10.1688,34.3736,2.7037,56.0,17.0213
600.0,631.0,62.0,6.1,4.41,5.59,6.65,9.58,12.75,17.0,6.06,4.53,2.0,0.682,1.455,0.091,0.0,1.57,0.621,51.52,13.64,285.0,94.39,5.65,8.93,10.04,0.74,5.61,4.06,3.16,4.56,3.51,3.16,3.16,4.27,0.48,2.6,88.77,16.6,4.74,25.96,20.0,3.96,0.79,0.37,96.99,4.5249,4.3889,1.96,10.28,17.56,100.0,3.6185,3.6185,1.974,10.53,25.61,100.0,3.23,3.23,1.4809,13.79,29.66,99.68,5.7714,3.641,4.9,3.64,12.34,100.0,4.9643,3.502,4.5,5.26,17.19,100.0,4.7243,3.358,4.18,8.28,19.31,10.1774,2.3202,1.0076,8.3453,3.7596,4.8,8.0498,26.8177,1.6935,81.0,12.8368
990.0,540.0,36.0,10.52,8.62,10.15,10.83,15.11,20.25,26.0,27.78,5.92,2.21,1.056,1.722,0.139,0.222,1.89,1.0,50.0,2.78,245.0,97.14,6.24,9.4,13.45,2.1,2.86,3.43,0.82,0.41,0.0,0.0,6.62,10.85,2.41,3.36,89.8,21.82,5.91,27.76,16.73,8.82,0.55,1.23,97.98,4.2277,4.1422,2.0762,8.46,25.18,99.18,3.4164,3.3886,2.0227,8.98,39.18,100.0,3.1582,3.1582,1.9974,10.53,49.34,99.08,5.5897,3.743,4.53,3.31,12.68,99.59,4.7874,3.692,4.21,2.45,15.51,100.0,4.6484,3.662,4.1325,1.97,17.76,15.0,2.7081,1.1761,10.0532,5.3429,5.4,10.8642,40.5556,3.8333,110.0,20.3704
930.0,442.0,30.0,8.88,7.14,8.78,9.67,14.93,18.0,19.3,10.0,6.0,2.13,0.867,1.533,0.2,0.4,2.0,1.133,16.67,0.0,227.0,95.59,6.55,11.39,17.05,5.07,4.41,4.76,2.2,3.08,2.2,1.32,1.34,7.37,2.04,6.91,87.22,21.21,9.6,29.07,19.82,2.9,0.45,1.14,98.21,4.1288,4.0551,1.9542,11.61,27.01,98.24,3.2961,3.238,1.7701,16.3,35.68,98.76,3.0156,2.9781,1.3802,20.5,42.24,99.11,5.5854,3.79,4.6,3.57,13.62,98.68,4.7311,3.44,4.22,4.85,19.82,99.38,4.5661,3.14,4.0,5.59,24.84,14.7333,2.6901,1.1683,9.7259,5.0372,6.375,9.6426,37.1315,3.3,80.0,18.0995
610.0,421.0,41.0,5.06,4.25,6.06,6.97,9.42,14.0,18.0,4.44,4.02,2.06,0.733,1.622,0.067,0.044,1.54,0.689,51.11,4.44,193.0,99.48,4.95,7.1,0.0,0.0,0.52,0.78,0.0,0.52,0.52,0.0,9.2,11.08,0.95,3.65,93.78,9.39,2.76,19.69,18.65,9.91,0.0,0.89,94.34,4.5295,4.2731,2.084,9.67,16.75,100.0,3.9269,3.9269,2.3765,5.18,19.17,100.0,3.5457,3.5457,2.294,8.0,26.0,100.0,5.6077,3.486,4.71,6.84,12.03,100.0,5.1401,3.752,4.65,3.63,12.44,100.0,4.8068,3.548,4.43,5.0,16.0,10.2683,2.3291,1.0115,9.0966,3.6759,3.9167,7.4079,25.4702,1.561,51.0,12.114
830.0,297.0,23.0,10.96,8.2,8.31,9.81,13.27,16.5,19.0,4.55,5.59,1.82,0.818,1.636,0.182,0.273,1.66,0.591,9.09,0.0,120.0,98.33,6.47,9.14,11.02,4.24,1.67,2.3,0.0,0.83,0.83,0.0,6.51,10.27,1.68,4.24,95.0,14.91,0.88,35.83,26.67,9.25,0.0,1.51,97.26,4.4117,4.2908,2.0935,9.25,21.92,100.0,3.5763,3.5763,2.5132,5.0,29.17,100.0,3.3408,3.3408,2.3083,6.94,37.5,99.66,5.7999,4.15,5.04,4.79,7.88,100.0,5.0565,4.15,4.4925,5.0,5.0,100.0,4.9017,4.15,4.4,6.94,6.94,12.913,2.5582,1.111,8.9023,4.8894,8.125,11.4674,36.8188,3.087,55.0,18.5185
930.0,337.0,24.0,10.6,8.16,8.81,9.89,13.79,17.25,20.0,16.67,5.79,1.94,0.708,1.292,0.125,0.25,1.82,0.875,8.33,4.17,149.0,97.99,6.28,9.33,12.33,2.05,2.01,2.52,0.0,0.67,0.67,0.0,6.65,12.99,3.56,3.45,92.62,17.39,2.17,22.82,15.44,9.37,0.0,2.86,96.07,4.3041,4.1351,2.1004,8.76,22.96,99.33,3.4846,3.4612,2.3044,5.37,29.53,100.0,3.2385,3.2385,2.0863,6.52,38.04,99.7,5.7102,4.11,4.705,1.21,8.76,99.33,4.9901,4.14,4.5,1.34,7.38,100.0,4.8497,4.14,4.4025,1.09,8.7,14.0417,2.642,1.1474,9.7212,4.937,8.1429,11.038,39.8577,3.625,67.0,19.8813
1080.0,494.0,35.0,12.2,9.26,10.04,11.04,14.85,18.75,24.0,20.59,5.91,2.13,0.971,1.529,0.176,0.412,1.82,1.618,23.53,2.94,279.0,91.4,6.68,9.98,16.08,3.53,8.6,8.05,5.02,4.66,3.94,2.87,2.18,3.56,0.4,3.53,86.02,21.67,5.83,35.48,21.51,3.37,0.2,1.16,98.02,4.1039,4.0226,2.0153,9.7,30.69,98.92,3.3585,3.3224,2.1132,8.96,39.43,98.34,3.3086,3.2538,2.1173,9.39,41.99,100.0,5.6357,3.934,4.75,2.97,10.89,100.0,4.9472,3.86,4.37,3.23,12.9,100.0,4.9413,3.86,4.36,4.42,14.36,14.1143,2.6472,1.1497,10.6014,5.5971,12.5,11.9792,41.8471,3.9143,119.0,24.0891
1110.0,556.0,34.0,11.29,10.1,11.2,11.39,16.65,21.0,25.4,38.24,6.06,2.24,1.088,1.588,0.147,0.059,1.82,1.676,29.41,2.94,272.0,97.79,6.61,10.05,18.8,3.38,2.21,2.02,1.1,1.1,1.1,1.1,7.42,12.37,2.88,3.38,91.18,22.18,7.26,29.78,18.75,9.54,3.36,1.48,92.76,4.192,3.8884,1.5315,15.55,27.56,98.9,3.4225,3.3847,1.9647,10.66,34.56,98.21,3.215,3.1576,1.9488,10.71,42.86,100.0,5.5439,3.715,4.52,4.95,17.14,100.0,4.9555,3.92,4.4625,2.94,13.97,100.0,4.8325,3.92,4.335,2.98,14.88,16.3529,2.7944,1.2136,10.6386,5.9289,5.5556,11.6702,40.9932,4.0294,127.0,22.8417
810.0,1750.0,134.0,7.81,5.66,5.69,6.4,12.84,16.75,20.0,12.69,5.29,2.03,1.134,1.582,0.082,0.104,1.69,0.843,14.18,2.24,696.0,98.56,5.33,7.32,3.79,0.0,1.44,3.16,0.57,0.29,0.14,0.0,8.48,13.19,2.17,0.15,99.14,7.1,1.16,19.97,13.22,11.39,1.69,2.43,95.41,4.6415,4.4284,2.6064,6.8,15.28,100.0,4.1084,4.1084,3.0382,1.87,8.05,100.0,3.8443,3.8443,2.6998,3.2,13.08,100.0,5.9679,4.45,5.17,0.52,5.98,100.0,5.4705,4.67,5.1,0.14,3.02,100.0,5.3434,4.54,4.99,0.29,4.94,13.0597,2.5695,1.1159,8.2272,4.1744,7.0,8.9054,26.8883,1.806,129.0,7.3714
1080.0,549.0,35.0,11.23,9.05,9.09,9.57,15.51,20.5,22.6,28.57,5.83,2.12,0.8,1.457,0.114,0.343,2.03,0.943,8.57,0.0,227.0,97.8,6.22,9.11,12.61,0.45,2.2,2.08,1.32,0.44,0.44,0.0,10.31,18.05,2.55,0.45,96.04,12.39,4.13,31.28,15.86,12.34,0.18,3.26,95.76,4.2903,4.1085,2.1239,8.66,25.78,100.0,3.7296,3.7296,2.7185,2.64,22.03,100.0,3.5308,3.5308,2.6014,2.31,27.69,100.0,5.6582,4.022,4.69,4.6,9.58,100.0,5.2385,4.35,4.805,0.0,6.17,100.0,5.1322,4.35,4.65,0.0,6.92,15.6857,2.7528,1.1955,9.7641,5.3221,6.4444,11.766,37.1793,3.3714,79.0,14.3898
540.0,195.0,20.0,5.54,3.46,3.25,4.72,9.89,12.0,14.4,0.0,4.68,1.93,0.737,1.632,0.053,0.211,1.78,0.421,5.26,5.26,81.0,96.3,5.15,7.54,7.69,0.0,3.7,6.25,0.0,1.23,0.0,0.0,1.6,9.04,2.05,0.0,98.77,6.25,3.75,27.16,24.69,1.6,1.6,4.95,98.94,4.6517,4.6022,2.7551,1.06,11.7,100.0,3.9977,3.9977,2.8319,0.0,11.11,100.0,3.6802,3.6802,2.7938,0.0,16.67,100.0,5.9987,4.53,5.28,1.06,2.66,100.0,5.344,4.53,4.97,0.0,1.23,100.0,5.1567,4.434,4.7,0.0,2.08,9.75,2.2773,0.989,7.7639,3.3163,3.75,7.1686,21.5449,1.15,15.0,7.6923
320.0,160.0,25.0,3.31,0.4,1.55,2.48,5.71,7.0,8.0,0.0,3.36,1.33,0.179,0.964,0.0,0.0,1.44,0.179,21.43,7.14,61.0,96.72,4.63,6.2,0.0,0.0,3.28,2.63,3.28,3.28,3.28,3.28,14.38,17.5,1.25,0.0,95.08,0.0,0.0,44.26,29.51,15.62,0.0,1.47,93.75,4.614,4.3256,3.0535,7.5,8.75,96.72,4.2865,4.1459,3.4822,4.92,4.92,93.75,3.8895,3.6464,3.1626,9.38,9.38,98.75,5.6583,4.51,4.8325,6.25,7.5,96.72,5.3195,4.75,5.04,3.28,4.92,93.75,4.9078,4.174,5.04,6.25,9.38,6.4,1.8563,0.8062,7.7041,2.2252,2.8571,5.4142,15.775,0.6,6.0,3.75
1150.0,967.0,65.0,12.16,10.16,11.29,12.48,15.42,19.0,24.9,24.19,6.23,1.99,0.952,1.613,0.306,0.323,1.69,1.129,6.45,9.68,468.0,96.15,7.12,10.56,22.44,2.89,3.85,4.62,1.71,2.99,2.78,1.71,4.29,9.83,2.59,6.46,82.91,26.8,6.19,41.24,26.07,7.11,0.0,1.19,98.33,4.0687,4.0006,1.6232,14.12,30.54,99.57,3.2039,3.1902,1.6136,16.24,46.37,99.35,2.9718,2.9525,1.6232,18.51,55.19,99.79,5.5817,3.665,4.64,4.18,15.38,99.79,4.7766,3.294,4.21,8.12,18.16,99.68,4.6345,3.314,4.1375,6.82,19.81,14.8769,2.6998,1.1725,9.9262,5.5158,7.875,12.4759,46.728,4.7385,179.0,18.5109
620.0,568.0,52.0,6.06,4.17,5.6,6.63,10.14,14.0,17.5,8.93,4.73,1.88,0.696,1.446,0.107,0.071,1.63,1.018,42.86,7.14,262.0,97.71,5.21,7.48,3.52,0.39,2.29,3.41,0.0,1.53,1.15,0.0,5.46,8.63,2.29,1.17,95.04,10.44,3.61,16.03,13.74,5.81,0.0,0.42,96.65,4.433,4.2847,2.3793,5.81,19.89,99.24,3.8129,3.7838,2.6216,4.2,16.03,98.59,3.5929,3.5423,2.5868,4.23,17.61,97.71,5.641,3.857,4.85,4.23,11.44,99.62,5.054,4.08,4.66,3.05,9.54,99.3,4.8946,3.992,4.58,2.82,10.56,10.9231,2.3909,1.0383,8.6262,3.651,3.5833,7.4682,23.5991,1.3846,65.0,11.4437
660.0,2325.0,215.0,5.98,4.43,5.36,6.18,9.56,14.0,19.0,9.47,4.26,1.98,0.84,1.366,0.053,0.07,1.52,0.457,57.61,16.87,989.0,96.16,5.46,7.94,6.83,0.84,3.84,6.49,1.01,1.72,0.91,0.0,6.37,8.35,0.9,2.0,93.12,13.36,3.69,18.3,14.05,6.97,0.39,0.9,94.4,4.6409,4.3812,2.0043,9.47,17.43,99.49,3.8996,3.8799,2.3906,6.37,20.42,99.55,3.6449,3.6286,2.4196,6.29,24.94,97.07,5.6773,3.672,5.02,5.77,12.05,99.7,5.1657,3.998,4.66,2.43,10.01,99.78,5.0255,4.06,4.62,1.35,8.76,10.814,2.3808,1.034,8.3156,3.81,6.375,7.6893,25.5236,1.5907,218.0,9.3763
560.0,120.0,11.0,6.03,3.32,2.94,3.96,11.0,14.0,14.0,0.0,4.82,1.6,0.727,1.182,0.182,0.182,1.81,1.455,0.0,0.0,68.0,95.59,4.63,6.53,0.0,0.0,4.41,5.66,0.0,1.47,1.47,0.0,0.0,0.0,0.0,0.0,94.12,7.81,1.56,13.24,13.24,0.0,0.0,0.0,100.0,4.4522,4.4522,2.7649,1.65,12.4,100.0,3.7066,3.7066,2.9546,2.94,10.29,100.0,3.418,3.418,2.5554,4.55,15.91,100.0,5.8545,4.34,4.73,0.0,4.96,100.0,5.049,4.171,4.7,0.0,5.88,100.0,4.8016,4.016,4.6175,0.0,9.09,10.9091,2.3896,1.0378,7.204,3.3088,5.0,7.3482,16.7424,0.6364,13.0,10.8333
900.0,1320.0,95.0,9.35,6.83,7.35,7.97,13.67,17.0,21.0,18.75,5.74,2.04,0.885,1.542,0.208,0.479,1.95,1.031,18.75,2.08,646.0,95.36,5.88,8.53,6.49,0.16,4.64,4.49,2.79,3.25,3.25,2.48,1.52,5.72,1.06,2.11,93.34,14.43,4.15,30.65,21.05,2.29,0.53,2.38,97.87,4.4613,4.3661,2.4201,5.72,18.6,97.37,3.6465,3.5506,2.2833,7.12,25.39,96.09,3.3969,3.2641,2.0258,9.66,30.57,99.7,5.8762,4.353,5.04,2.67,6.78,100.0,5.0792,3.995,4.73,3.1,10.06,100.0,4.8834,3.49,4.665,4.6,13.33,13.8947,2.6315,1.1429,8.4885,4.4856,6.5,10.2595,32.3796,2.5684,178.0,13.4848
950.0,711.0,45.0,10.6,7.33,7.66,7.54,15.5,19.0,20.5,19.57,5.46,2.21,0.913,1.565,0.065,0.304,1.9,0.717,21.74,6.52,370.0,98.38,5.81,9.61,12.36,2.75,1.62,4.29,0.0,0.27,0.27,0.0,0.42,1.26,0.28,4.4,90.54,30.45,14.93,30.81,27.03,0.42,0.0,0.49,99.72,4.3479,4.3357,2.5908,6.45,15.99,100.0,3.5067,3.5067,2.2041,9.46,20.54,100.0,3.2862,3.2862,1.8082,11.02,24.02,100.0,5.8558,4.21,5.04,1.82,7.57,100.0,5.0286,3.988,4.75,1.62,10.0,100.0,4.9164,3.71,4.82,2.36,12.6,15.8,2.76,1.1987,8.8618,4.8449,7.2857,10.8876,30.8492,2.3778,61.0,8.5795
560.0,192.0,18.0,5.52,3.26,3.65,4.78,10.78,13.75,16.3,0.0,5.06,1.69,1.111,1.389,0.111,0.111,1.6,0.722,0.0,5.56,107.0,93.46,4.79,6.81,3.0,0.0,6.54,5.17,4.67,0.0,0.0,0.0,0.0,0.52,0.0,0.0,100.0,6.54,1.87,38.32,28.97,0.0,0.0,0.44,100.0,4.5856,4.5856,3.0354,1.55,9.79,100.0,4.0084,4.0084,2.8182,0.93,13.08,100.0,3.7143,3.7143,2.7193,1.75,15.79,100.0,5.9657,4.733,5.1,0.0,2.58,100.0,5.3062,4.57,4.99,0.0,1.87,100.0,5.0416,4.388,4.86,0.0,1.75,10.6667,2.3671,1.028,7.1262,3.0149,4.1818,6.9376,22.6458,1.2778,15.0,7.8125
970.0,749.0,51.0,10.89,9.07,9.93,10.92,14.63,17.5,21.0,21.57,6.22,2.06,0.941,1.647,0.176,0.235,1.93,0.745,9.8,3.92,285.0,96.49,6.67,9.72,17.45,3.64,3.51,4.4,1.05,2.11,1.4,1.05,8.58,19.71,4.67,4.36,85.61,23.77,8.2,27.72,18.95,14.88,0.0,1.97,99.2,4.2269,4.1929,2.2785,7.64,22.25,100.0,3.4025,3.4025,1.6512,12.98,34.74,100.0,3.3834,3.3834,2.1847,8.7,36.02,100.0,5.7152,3.785,4.8425,2.55,12.06,100.0,4.8649,3.462,4.36,7.37,17.19,100.0,4.9398,3.73,4.35,2.48,13.66,14.6863,2.6869,1.1669,9.6564,5.2062,7.5,11.557,40.988,3.8627,122.0,16.2884
920.0,1024.0,73.0,10.69,8.98,9.29,10.43,13.93,18.0,22.0,13.7,5.82,2.05,0.959,1.562,0.11,0.315,1.88,0.767,17.81,2.74,418.0,96.89,6.41,9.6,16.79,0.99,3.11,3.32,1.44,0.48,0.48,0.0,9.24,15.44,3.22,2.22,94.5,21.27,6.58,36.12,22.97,11.7,0.0,1.87,96.95,4.3949,4.2609,2.2577,7.57,21.04,100.0,3.6195,3.6195,2.3181,6.94,26.79,100.0,3.4946,3.4946,2.3181,6.08,30.04,99.9,5.8042,4.11,4.85,2.46,7.77,100.0,5.0858,4.09,4.6525,2.63,9.33,100.0,5.0483,4.122,4.595,1.14,8.37,14.0274,2.641,1.147,9.2204,4.9585,7.375,11.5602,38.6368,3.4521,164.0,16.0156
870.0,981.0,79.0,10.96,7.93,8.63,10.33,12.16,15.5,18.2,7.59,5.2,1.89,0.709,1.392,0.063,0.304,1.81,0.696,10.13,0.0,410.0,95.85,6.55,9.7,18.32,1.27,4.15,5.06,1.71,1.95,1.46,0.73,7.8,15.82,2.55,1.53,95.37,21.23,5.88,42.2,29.51,10.72,1.56,3.9,98.23,4.2565,4.1812,2.4346,5.72,25.18,99.76,3.5101,3.5016,2.417,6.1,28.78,99.6,3.4559,3.442,2.4384,6.43,29.32,100.0,5.7189,4.03,4.72,1.14,9.99,100.0,5.0201,4.049,4.6,0.98,8.05,100.0,5.0184,4.05,4.6,0.0,7.63,12.4177,2.5191,1.094,9.8055,4.913,7.8571,11.2337,37.698,3.1392,164.0,16.7176
1030.0,1011.0,70.0,11.91,9.78,10.67,11.85,14.87,19.5,23.4,25.37,5.97,2.03,0.597,1.284,0.104,0.358,1.98,1.0,22.39,2.99,414.0,97.1,6.74,10.32,20.4,1.74,2.9,3.39,0.97,0.24,0.24,0.0,8.73,20.78,5.84,3.48,92.03,24.15,7.35,35.75,20.77,16.77,0.8,1.88,98.8,4.1054,4.0559,2.2028,7.53,25.3,100.0,3.4512,3.4512,2.1476,6.76,32.37,100.0,3.3634,3.3634,2.1445,6.11,34.35,99.2,5.6193,3.995,4.71,2.11,10.04,100.0,5.0248,4.006,4.56,1.45,9.66,100.0,4.9911,4.002,4.535,1.15,9.92,14.4429,2.6702,1.1597,10.3659,5.4274,5.1818,12.1359,42.4349,4.0429,211.0,20.8704
990.0,1187.0,87.0,11.66,9.39,10.05,11.4,13.88,17.0,21.0,15.48,6.04,2.09,0.69,1.381,0.083,0.357,1.86,0.655,16.67,4.76,487.0,93.84,6.76,10.38,19.69,4.16,6.16,7.9,1.44,1.44,0.82,0.41,8.92,18.27,3.45,4.6,90.76,26.47,8.82,42.09,20.74,15.01,0.69,2.54,97.77,4.1513,4.0588,2.1335,8.4,25.56,100.0,3.3462,3.3462,1.9454,11.7,35.11,100.0,3.261,3.261,1.7412,13.16,36.51,99.57,5.661,4.17,4.78,2.06,8.15,100.0,4.9549,3.886,4.485,1.44,12.11,100.0,4.9433,3.86,4.5225,0.99,12.5,13.6437,2.6133,1.1349,10.5255,5.4072,6.6667,11.7473,40.6866,3.6897,260.0,21.904
980.0,731.0,50.0,10.66,9.32,9.62,10.68,15.25,18.0,25.3,20.83,6.48,1.97,1.167,1.625,0.229,0.25,1.91,0.604,10.42,4.17,302.0,97.02,6.76,9.72,13.65,5.46,2.98,3.61,0.99,1.66,1.66,0.99,6.56,13.25,2.46,5.12,89.07,21.19,7.43,35.1,17.88,10.93,0.0,1.2,98.22,4.3424,4.2653,2.3181,6.97,22.54,99.67,3.46,3.4485,1.9319,10.26,32.45,99.4,3.3126,3.2929,1.9163,10.71,36.9,99.73,5.785,4.023,4.9175,2.46,9.56,100.0,4.9451,3.651,4.46,5.96,13.58,100.0,4.918,3.769,4.37,3.57,13.1,14.62,2.6824,1.1649,9.2434,5.0887,6.8889,11.5639,42.9374,4.14,125.0,17.0999
980.0,969.0,66.0,9.38,8.0,8.89,9.55,15.11,18.0,23.0,20.63,5.68,2.26,0.889,1.635,0.095,0.254,1.84,1.127,17.46,3.17,427.0,98.36,6.25,9.75,15.24,2.86,1.64,2.28,0.47,0.7,0.7,0.0,4.62,10.92,2.89,3.33,92.51,18.73,8.1,29.74,20.61,10.4,0.0,2.32,99.16,4.2567,4.2209,2.4671,5.88,20.48,100.0,3.5706,3.5706,2.267,7.26,28.1,100.0,3.4618,3.4618,2.1436,8.63,32.37,99.89,5.6982,4.131,4.8275,1.37,8.51,100.0,5.0414,4.072,4.64,1.64,8.9,100.0,4.9762,4.048,4.59,2.16,9.71,14.6818,2.6866,1.1668,9.6443,5.1457,6.875,10.1258,36.3536,3.1818,177.0,18.2663
960.0,881.0,66.0,11.24,9.26,9.81,11.36,13.15,16.0,20.0,12.12,5.7,1.98,0.788,1.364,0.121,0.242,1.83,0.955,15.15,3.03,362.0,96.41,7.12,10.84,25.21,4.3,3.59,4.55,1.1,0.55,0.28,0.0,10.48,18.66,3.97,5.16,90.88,19.15,4.86,46.13,30.94,15.9,0.0,2.06,94.93,4.138,3.9282,1.7434,11.87,30.88,100.0,3.3037,3.3037,1.8401,11.33,38.95,100.0,3.2372,3.2372,1.8325,13.51,41.89,99.88,5.5687,3.677,4.63,5.3,12.56,100.0,4.9272,3.814,4.4625,1.38,12.43,100.0,4.9187,3.683,4.445,0.9,14.41,13.3485,2.5914,1.1254,10.482,5.5227,8.8571,11.7126,41.4983,3.7576,192.0,21.7934
440.0,193.0,22.0,6.83,3.67,3.82,5.53,8.77,11.0,12.0,0.0,4.18,1.64,0.318,1.136,0.045,0.364,1.8,0.273,9.09,0.0,116.0,98.28,5.07,8.41,7.89,2.63,1.72,4.44,0.0,0.0,0.0,0.0,0.0,0.52,0.0,3.51,89.66,13.46,6.73,19.83,11.21,0.0,0.0,0.44,100.0,4.2186,4.2186,2.3283,7.77,20.21,100.0,3.5534,3.5534,2.1699,7.76,22.41,100.0,3.3,3.3,1.9979,10.34,29.89,100.0,5.6941,3.89,4.84,1.55,11.4,100.0,5.0075,3.735,4.675,0.86,15.52,100.0,4.8417,3.71,4.65,1.15,20.69,8.7727,2.1716,0.9431,8.3259,3.2791,4.0,8.576,18.6173,0.8636,15.0,7.772
510.0,152.0,24.0,4.38,3.96,4.48,6.05,6.33,8.0,10.0,0.0,3.71,1.44,0.167,1.0,0.083,0.0,1.86,0.0,29.17,0.0,73.0,100.0,4.74,6.53,0.0,0.0,0.0,0.0,0.0,0.0,0.0,0.0,6.58,15.13,2.63,0.0,91.78,13.43,7.46,9.59,8.22,9.21,0.0,0.0,94.08,4.3733,4.1143,2.263,8.55,21.05,100.0,3.7639,3.7639,2.6498,4.11,19.18,100.0,3.6169,3.6169,2.1732,6.12,26.53,100.0,5.616,3.833,4.66,1.97,12.5,100.0,4.9862,3.782,4.66,4.11,13.7,100.0,4.8584,3.42,4.41,6.12,18.37,6.3333,1.8458,0.8016,8.3137,3.4859,2.625,7.1686,24.0965,1.125,26.0,17.1053
970.0,478.0,33.0,11.48,8.38,10.07,11.58,14.52,15.0,23.0,18.18,5.82,2.01,0.909,1.727,0.303,0.364,1.82,1.424,33.33,3.03,232.0,93.1,6.61,10.78,18.52,6.48,6.9,5.3,4.74,6.03,5.6,4.74,4.18,9.6,1.26,8.8,81.03,14.36,2.13,31.9,20.26,6.05,0.42,1.61,94.78,4.2236,4.0031,1.6936,12.73,26.1,95.26,3.4329,3.2701,1.0486,15.09,32.76,92.76,3.0538,2.8328,0.4771,22.37,40.79,99.79,5.5704,3.57,4.6,6.26,14.2,100.0,4.8244,3.311,4.465,9.48,18.97,100.0,4.517,2.529,3.98,14.47,25.66,14.4848,2.6731,1.1609,10.4331,5.2563,7.75,11.6838,40.2171,3.7273,90.0,18.8285
600.0,232.0,22.0,6.29,5.0,4.97,6.54,11.0,11.0,18.0,4.76,5.24,1.74,1.143,1.476,0.095,0.0,1.62,0.286,19.05,0.0,104.0,97.12,5.07,7.35,1.98,0.0,2.88,2.9,1.92,1.92,1.92,1.92,4.33,12.55,2.59,0.0,96.15,8.0,3.0,22.12,15.38,7.79,0.0,0.37,96.97,4.6154,4.4756,2.5694,4.76,12.99,100.0,4.0764,4.0764,3.3506,2.88,8.65,100.0,3.8718,3.8718,2.611,5.26,14.04,99.13,5.8788,4.18,5.275,0.87,8.66,100.0,5.4161,4.75,5.03,0.0,2.88,100.0,5.3381,4.28,5.07,0.0,5.26,10.5455,2.3557,1.0231,8.1071,3.7345,4.7,8.1509,24.3386,1.4545,25.0,10.7759
1020.0,558.0,32.0,12.14,9.97,11.29,10.95,17.47,19.25,27.8,25.0,6.03,2.32,1.0,1.5,0.094,0.125,1.98,1.406,28.12,0.0,272.0,96.32,6.42,9.79,15.65,1.53,3.68,4.83,0.0,1.84,1.47,0.0,6.08,9.84,1.61,1.15,93.01,24.11,5.14,30.51,21.69,9.66,0.0,1.34,96.24,4.1348,3.9794,2.0267,9.84,28.09,99.26,3.4235,3.3983,2.0374,8.46,33.09,98.93,3.2999,3.2646,2.0358,9.63,35.83,99.64,5.5095,3.798,4.6,5.01,13.42,99.63,4.9273,3.901,4.485,1.47,13.24,99.47,4.8519,3.812,4.435,1.6,15.51,17.4375,2.8586,1.2415,10.7551,5.8715,11.3333,12.1617,41.4518,4.1875,144.0,25.8065
690.0,695.0,57.0,6.2,4.7,5.04,5.52,11.44,16.0,22.0,13.11,4.92,2.09,0.787,1.443,0.131,0.066,1.63,0.934,57.38,11.48,310.0,98.06,4.97,6.92,2.3,0.66,1.94,3.16,0.0,0.65,0.65,0.0,0.57,3.3,1.01,0.66,96.13,8.05,2.68,12.26,8.39,1.58,0.0,0.58,99.71,4.8259,4.8121,3.1744,2.15,8.02,100.0,4.1239,4.1239,2.8121,2.9,11.94,100.0,3.7629,3.7629,2.5279,3.38,18.24,100.0,6.0512,4.59,5.3525,1.29,4.87,100.0,5.3132,4.347,4.84,1.29,7.74,100.0,5.0643,3.977,4.605,1.35,10.81,12.193,2.5009,1.0861,6.854,3.4739,5.6667,7.8545,25.2865,1.5965,66.0,9.4964
580.0,1270.0,131.0,5.01,3.05,4.15,4.78,7.96,12.0,15.1,3.75,3.81,1.84,0.656,1.244,0.044,0.05,1.52,0.525,54.38,14.38,589.0,96.94,5.01,7.28,2.1,0.18,3.06,4.62,1.02,1.87,1.36,0.68,2.99,4.71,0.31,1.75,94.4,16.73,2.52,12.05,10.19,3.22,0.0,0.88,97.96,4.6238,4.5294,2.8058,5.03,12.73,99.15,3.9071,3.8739,2.5866,5.09,18.68,98.37,3.4912,3.4344,2.4697,6.91,26.42,99.76,5.8432,4.16,5.03,1.96,7.86,100.0,5.09,3.978,4.59,2.38,10.53,100.0,4.7907,3.915,4.4275,3.66,12.6,9.6947,2.2716,0.9865,7.1262,3.2894,5.0,6.5143,21.7419,1.1679,104.0,8.189
450.0,140.0,22.0,3.4,1.64,2.48,3.45,5.6,8.0,8.0,0.0,3.16,1.42,0.2,0.96,0.0,0.08,1.58,0.12,24.0,12.0,69.0,98.55,4.74,6.4,1.47,0.0,1.45,1.79,0.0,0.0,0.0,0.0,9.29,9.29,0.0,1.47,94.2,4.62,1.54,8.7,8.7,10.0,0.0,2.23,91.43,4.6128,4.2174,1.6533,10.71,15.71,100.0,4.2127,4.2127,3.4115,1.45,7.25,100.0,3.8347,3.8347,3.4228,3.23,6.45,97.14,5.4548,3.026,4.75,10.0,14.29,100.0,5.3483,4.49,4.75,1.45,7.25,100.0,5.1168,4.49,4.65,3.23,6.45,6.3636,1.8506,0.8037,6.5462,2.842,2.6667,6.1125,17.0779,0.6818,11.0,7.8571
480.0,252.0,39.0,2.58,1.07,1.63,2.29,5.88,7.0,9.9,0.0,3.55,1.39,0.405,1.167,0.0,0.048,1.44,0.143,28.57,2.38,118.0,100.0,4.46,5.98,0.0,0.0,0.0,0.0,0.0,0.0,0.0,0.0,6.88,10.12,0.79,0.85,99.15,4.27,1.71,8.47,7.63,7.29,2.43,0.62,95.14,4.6898,4.462,2.7126,8.5,11.34,100.0,4.3202,4.3202,3.4281,0.85,5.08,100.0,3.967,3.967,3.3475,2.22,6.67,97.57,5.7125,4.004,5.095,5.26,10.12,100.0,5.4133,4.744,5.0725,0.85,3.39,100.0,5.1829,4.738,4.88,2.22,2.22,6.4615,1.8659,0.8103,7.2152,2.7398,2.5714,4.4228,13.6044,0.4615,16.0,6.3492
1130.0,250.0,15.0,11.47,9.37,9.85,9.71,18.38,24.0,26.8,38.46,6.46,2.2,1.308,1.846,0.231,0.615,1.67,1.0,0.0,0.0,94.0,96.81,6.37,9.0,12.09,2.2,3.19,4.41,0.0,1.06,0.0,0.0,8.79,15.06,2.4,4.4,92.55,17.24,3.45,26.6,17.02,15.06,0.0,3.14,97.49,4.2628,4.1558,2.1855,9.62,24.69,100.0,3.7391,3.7391,2.3283,5.32,22.34,100.0,3.6425,3.6425,2.3181,7.41,27.78,100.0,5.7018,3.808,4.82,2.93,12.13,100.0,5.192,4.21,4.79,1.06,8.51,100.0,5.1137,4.035,4.79,1.85,11.11,16.6667,2.8134,1.2218,9.7686,5.1498,13.0,12.1013,40.2667,3.9333,45.0,18.0
510.0,247.0,28.0,6.61,4.52,5.67,7.85,8.75,11.0,11.0,0.0,4.21,1.59,0.393,1.107,0.036,0.286,1.86,0.071,10.71,0.0,126.0,83.33,5.94,7.83,4.76,0.0,16.67,6.06,15.08,15.08,15.08,15.08,6.94,10.2,3.24,2.86,82.54,5.77,1.92,20.63,15.08,7.35,0.0,1.05,92.24,4.0578,3.7431,0.301,17.14,28.98,92.06,3.4655,3.1905,0.301,17.46,32.54,87.95,3.0235,2.6592,0.0,26.51,46.99,99.18,5.3059,2.63,4.66,14.69,19.18,100.0,4.7737,2.63,4.2,15.08,23.81,100.0,4.3769,1.726,3.75,22.89,33.73,8.8214,2.1772,0.9455,9.9553,3.4755,4.1818,8.4181,27.8498,1.6786,26.0,10.5263
930.0,518.0,39.0,9.1,7.36,7.84,8.83,14.08,17.0,25.5,16.67,5.36,2.18,0.806,1.639,0.222,0.5,2.06,0.722,25.0,5.56,198.0,97.47,6.81,10.62,18.65,6.74,2.53,3.23,1.01,0.51,0.51,0.0,9.66,19.72,4.25,4.15,92.42,21.86,8.2,26.77,16.16,14.99,0.0,2.81,96.06,4.2971,4.1276,2.2173,8.09,21.1,100.0,3.5365,3.5365,2.0945,8.08,29.8,100.0,3.4666,3.4666,1.9912,10.92,36.97,100.0,5.7345,4.142,4.87,0.2,9.07,100.0,5.0902,4.157,4.6325,0.51,8.08,100.0,5.0729,4.128,4.54,0.84,9.24,13.2821,2.5864,1.1233,9.7517,4.6708,7.2857,10.0958,35.8689,3.0,79.0,15.251
950.0,553.0,35.0,12.03,9.93,10.84,11.35,16.14,20.5,26.0,28.57,6.17,2.17,1.543,1.8,0.314,0.343,1.58,0.829,25.71,0.0,286.0,94.76,6.55,9.7,14.39,1.85,5.24,5.79,2.45,1.4,1.4,1.05,1.42,2.83,0.18,2.58,95.8,19.34,6.2,48.95,31.47,2.83,0.88,0.76,99.65,4.3482,4.3328,2.4883,4.96,19.47,98.95,3.6533,3.615,2.381,6.29,24.48,98.16,3.3965,3.334,2.2216,7.98,31.29,100.0,5.8536,4.33,4.93,0.0,3.89,100.0,5.1769,4.24,4.8625,1.4,5.94,100.0,5.0382,4.122,4.755,1.84,6.13,15.8,2.76,1.1987,9.417,5.2907,6.1111,12.2899,41.2973,4.0286,107.0,19.349
830.0,440.0,41.0,8.02,6.03,6.95,8.7,11.07,13.25,15.2,5.0,5.17,2.07,0.4,1.125,0.15,0.1,1.98,0.95,17.5,5.0,210.0,97.62,5.99,8.5,5.37,0.49,2.38,2.61,1.43,1.9,1.9,1.43,9.03,18.74,4.77,2.93,92.38,14.95,1.55,14.76,13.33,11.96,0.0,2.27,92.78,4.1015,3.8052,1.488,14.22,30.93,99.52,3.4827,3.4661,2.3388,6.67,34.76,99.29,3.1853,3.1625,2.3243,8.57,45.0,98.19,5.3056,3.33,4.31,8.8,18.28,100.0,4.8995,3.995,4.31,6.19,10.0,100.0,4.6572,3.58,4.17,8.57,12.86,10.7317,2.3732,1.0307,10.4489,4.3654,4.6364,9.4378,30.0499,2.0732,63.0,14.3182
560.0,269.0,27.0,8.15,5.18,6.82,8.89,9.96,12.0,13.4,3.7,4.41,1.9,0.593,1.296,0.222,0.148,1.61,1.037,3.7,0.0,160.0,97.5,5.48,8.16,5.77,0.0,2.5,1.12,2.5,2.5,2.5,2.5,0.37,3.35,0.37,1.28,90.0,21.53,9.72,23.75,20.0,1.86,0.37,0.32,99.63,4.0999,4.0847,2.0374,7.81,24.91,100.0,3.5812,3.5812,2.4579,6.88,28.12,100.0,3.3195,3.3195,2.4579,6.93,39.6,99.63,5.5908,3.7,4.69,2.97,13.75,100.0,5.0296,3.87,4.325,2.5,14.38,100.0,4.8496,3.87,4.17,3.96,18.81,9.963,2.2989,0.9984,9.0027,3.7784,3.6667,9.1509,28.9221,1.8889,36.0,13.3829
1180.0,516.0,30.0,13.0,10.21,12.19,12.57,17.66,23.0,25.2,44.83,6.48,2.28,0.862,1.414,0.207,0.069,2.06,2.034,13.79,3.45,244.0,96.72,6.22,9.08,10.59,0.85,3.28,4.0,1.23,1.64,1.64,0.0,4.88,16.41,4.46,12.29,81.56,12.06,4.02,28.69,19.67,11.91,0.2,0.99,98.63,4.028,3.9729,1.8573,12.5,29.88,99.59,3.2016,3.1885,1.1924,14.75,40.16,99.41,2.8932,2.8762,1.0,20.59,50.0,99.61,5.5688,3.681,4.67,6.25,13.87,100.0,4.7051,2.893,4.05,10.25,22.54,100.0,4.4464,2.195,3.8625,14.71,29.41,17.2,2.8449,1.2355,10.6404,5.7975,8.0,12.8576,47.045,5.1333,101.0,19.5736
510.0,172.0,19.0,5.25,4.47,4.59,6.39,9.11,10.0,11.4,0.0,4.63,1.6,0.895,1.211,0.053,0.105,1.69,0.474,15.79,0.0,80.0,95.0,5.34,7.51,1.32,0.0,5.0,1.96,5.0,0.0,0.0,0.0,6.36,12.14,4.07,0.0,100.0,5.0,1.25,38.75,32.5,9.25,0.0,0.0,94.8,4.6111,4.3712,2.8206,6.36,10.98,100.0,4.0719,4.0719,3.2846,0.0,6.25,100.0,3.8869,3.8869,3.2822,0.0,8.11,100.0,5.9523,4.592,5.15,0.58,2.31,100.0,5.4981,4.995,5.185,0.0,1.25,100.0,5.4078,5.046,5.14,0.0,2.7,9.0526,2.2031,0.9568,7.8494,3.5654,3.5833,7.2736,32.3084,2.1053,21.0,12.2093
530.0,172.0,20.0,5.3,4.37,5.22,7.06,8.6,11.0,13.0,0.0,4.7,1.61,0.7,1.3,0.25,0.0,1.46,0.55,0.0,0.0,104.0,98.08,5.57,7.39,4.9,0.0,1.92,1.59,1.92,0.0,0.0,0.0,0.58,0.0,0.0,0.0,81.73,14.12,2.35,18.27,17.31,0.58,0.0,0.0,100.0,4.1682,4.1682,1.9299,11.05,23.84,100.0,3.5458,3.5458,1.7993,17.31,31.73,100.0,3.2903,3.2903,1.7993,25.0,39.06,100.0,5.6408,3.7,4.61,0.58,17.44,100.0,4.9557,3.31,3.98,0.0,25.96,100.0,4.7442,3.31,3.83,0.0,34.38,8.6,2.1518,0.9345,8.1024,3.7516,3.3077,7.3658,28.3674,1.7,17.0,9.8837
950.0,530.0,40.0,12.32,9.64,10.02,11.64,13.9,18.5,23.2,20.51,5.9,2.02,0.897,1.308,0.179,0.359,1.76,0.692,28.21,2.56,288.0,92.01,6.42,9.9,16.98,1.89,7.99,7.26,4.86,3.82,3.82,3.12,2.21,4.61,1.32,2.64,90.62,21.07,5.36,29.86,19.44,3.69,0.18,0.62,97.97,4.1991,4.1139,2.3592,7.01,24.54,97.57,3.5474,3.4612,2.0645,9.72,28.12,96.55,3.3951,3.278,1.9394,11.33,32.51,100.0,5.6716,4.19,4.7725,2.03,8.67,100.0,5.0036,3.92,4.635,2.43,11.81,100.0,4.8903,3.862,4.545,3.45,14.29,13.25,2.584,1.1222,10.3416,5.3522,6.8889,12.3406,42.1179,3.825,125.0,23.5849
740.0,378.0,36.0,8.43,6.8,7.15,9.44,10.44,12.0,14.0,2.78,5.39,1.65,0.694,1.194,0.083,0.0,1.79,0.389,0.0,0.0,194.0,98.45,5.83,8.56,8.38,1.05,1.55,3.0,0.0,0.52,0.0,0.0,3.72,7.98,2.12,1.05,97.94,14.74,6.32,18.04,12.89,5.05,0.0,1.66,98.94,4.3557,4.3093,2.6112,6.38,16.22,100.0,3.7736,3.7736,2.577,6.19,16.49,100.0,3.5358,3.5358,2.3997,7.32,20.33,100.0,5.8297,4.475,4.9925,1.6,4.26,100.0,5.2935,4.26,4.89,2.06,3.61,100.0,5.1785,4.24,4.835,1.63,4.07,10.5,2.3514,1.0212,8.1675,4.0941,5.5,9.8616,32.9868,2.3611,49.0,12.963
860.0,577.0,49.0,7.97,7.06,7.57,9.22,12.17,15.0,18.4,6.38,5.47,1.89,0.915,1.319,0.085,0.17,1.75,0.553,19.15,0.0,302.0,98.34,5.7,9.02,10.44,0.0,1.66,1.79,1.32,1.66,1.32,1.32,3.15,8.04,1.73,0.34,96.03,15.86,4.83,27.48,17.22,6.12,0.0,1.05,97.55,4.3121,4.2066,2.3483,5.59,18.36,100.0,3.7781,3.7781,2.5601,4.3,17.55,100.0,3.6032,3.6032,2.3474,5.32,20.74,98.78,5.7092,4.154,4.9925,1.57,8.74,100.0,5.2653,4.28,4.9225,0.66,5.3,100.0,5.2047,4.24,4.95,0.53,6.91,11.7755,2.466,1.071,9.1464,4.4966,5.5,9.2363,31.5329,2.3265,93.0,16.1179
450.0,160.0,19.0,5.12,2.44,2.0,3.3,8.05,10.0,11.1,0.0,4.5,1.54,0.45,1.0,0.0,0.0,1.72,0.15,5.0,10.0,84.0,95.24,5.46,7.79,0.0,0.0,4.76,9.76,0.0,2.38,2.38,0.0,4.35,4.35,0.0,0.0,80.95,10.29,0.0,10.71,5.95,4.35,0.0,0.0,100.0,4.3111,4.3111,2.1703,1.86,20.5,100.0,3.5548,3.5548,2.1703,2.38,38.1,100.0,3.0695,3.0695,2.1703,4.26,55.32,100.0,5.7185,3.63,4.64,0.62,14.91,100.0,4.9295,3.63,4.215,1.19,23.81,100.0,4.5428,3.63,3.63,2.13,38.3,8.4211,2.1307,0.9254,8.7912,2.9939,3.6667,7.0609,15.2961,0.5789,9.0,5.625
790.0,296.0,27.0,9.25,7.14,7.24,9.21,10.74,13.5,15.4,0.0,5.26,1.66,0.667,1.37,0.185,0.296,1.58,0.778,3.7,0.0,122.0,95.9,5.84,9.2,12.82,0.0,4.1,5.26,1.64,0.82,0.82,0.0,6.9,12.41,2.7,2.56,94.26,13.91,7.83,39.34,28.69,7.59,0.0,3.24,95.52,4.3193,4.1257,1.7627,10.34,26.21,99.18,3.2897,3.2627,2.2095,9.84,36.89,98.7,3.0982,3.058,1.6172,14.29,48.05,100.0,5.6636,3.915,4.71,6.55,11.72,100.0,4.8466,3.76,4.21,2.46,20.49,100.0,4.7261,3.76,3.92,2.6,29.87,10.963,2.3945,1.0399,9.3013,4.68,5.4,10.2541,36.3008,2.7778,47.0,15.8784
920.0,385.0,30.0,9.19,8.17,8.01,9.43,13.32,16.0,19.0,7.14,6.04,1.78,0.857,1.393,0.107,0.071,1.74,0.786,17.86,0.0,171.0,94.74,6.46,9.82,16.67,1.23,5.26,6.9,1.17,0.58,0.0,0.0,6.17,12.6,3.38,1.23,96.49,12.12,3.64,39.18,26.9,8.85,0.27,2.08,96.51,4.3608,4.2088,2.457,7.51,19.3,99.42,3.6649,3.6435,2.5315,3.51,24.56,100.0,3.5537,3.5537,2.6464,3.54,23.89,100.0,5.8163,4.296,4.98,0.8,6.7,99.42,5.1462,4.35,4.84,1.75,4.09,100.0,5.1206,4.362,4.93,0.88,3.54,12.8333,2.552,1.1083,9.7278,4.9493,6.1111,10.9342,37.5087,3.1667,73.0,18.961
800.0,365.0,33.0,10.12,7.25,6.98,8.84,10.59,12.75,14.7,2.94,4.94,1.87,0.735,1.353,0.147,0.235,1.7,0.5,8.82,2.94,163.0,96.93,6.91,9.88,18.35,7.59,3.07,4.67,0.0,1.23,1.23,0.0,7.78,12.22,3.01,1.9,96.93,28.48,10.76,34.97,23.93,10.83,0.56,1.43,95.0,4.2865,4.0722,2.0414,8.33,27.78,100.0,3.4862,3.4862,2.0414,4.29,34.97,100.0,3.0014,3.0014,2.0414,7.69,51.65,100.0,5.6308,3.528,4.59,2.5,12.5,100.0,4.9953,3.622,4.45,0.61,11.66,100.0,4.6236,3.42,4.295,1.1,19.78,11.0606,2.4034,1.0438,10.2848,4.9196,5.8,10.6371,28.8688,1.9697,66.0,18.0822
480.0,85.0,11.0,7.8,4.78,2.55,4.32,7.73,9.0,11.0,0.0,4.18,1.49,0.636,1.545,0.182,0.182,1.66,0.0,0.0,0.0,34.0,100.0,5.6,7.54,0.0,0.0,0.0,0.0,0.0,0.0,0.0,0.0,9.41,9.41,1.18,0.0,100.0,8.82,0.0,29.41,23.53,11.76,0.0,1.03,92.94,4.6969,4.3654,2.2436,9.41,16.47,100.0,3.9884,3.9884,2.8011,5.88,14.71,100.0,3.6843,3.6843,2.7938,9.52,23.81,100.0,5.9422,4.23,5.12,0.0,4.71,100.0,5.3126,4.273,5.0225,0.0,5.88,100.0,5.0633,4.21,4.54,0.0,9.52,7.7273,2.0448,0.888,7.9208,3.8509,3.9545,9.0959,23.0214,1.1818,11.0,12.9412
770.0,509.0,41.0,6.85,5.41,6.7,6.92,11.52,16.25,18.7,9.09,4.55,2.15,0.932,1.614,0.068,0.136,1.71,0.795,59.09,9.09,223.0,96.41,4.86,7.01,0.93,0.0,3.59,5.97,0.0,1.79,0.45,0.0,8.68,15.38,2.75,0.0,97.76,8.26,2.29,26.91,23.77,9.07,0.39,3.12,93.49,4.6112,4.3111,2.3509,8.68,15.58,100.0,4.1728,4.1728,2.8301,3.14,12.11,100.0,3.9243,3.9243,2.7175,4.04,15.15,100.0,5.7028,3.91,4.955,2.56,10.65,100.0,5.4016,4.38,4.945,0.9,5.38,100.0,5.2662,4.366,4.755,0.0,6.06,12.4146,2.5189,1.0939,8.8435,4.0087,7.2857,8.3314,27.3459,1.8537,51.0,10.0196
860.0,362.0,28.0,9.92,8.33,9.08,10.7,11.97,14.0,21.0,13.33,5.2,1.9,0.733,1.467,0.167,0.333,1.85,0.7,10.0,6.67,158.0,96.2,6.27,8.76,7.24,1.32,3.8,5.66,0.0,1.9,1.27,0.0,6.13,12.81,3.31,3.95,87.34,24.64,3.62,33.54,23.42,8.64,0.0,1.93,95.54,4.2702,4.0799,1.9031,10.58,23.96,98.73,3.454,3.4103,1.9031,12.66,34.81,98.04,3.1207,3.0596,1.9031,17.65,50.98,99.44,5.5637,3.654,4.69,6.41,15.04,99.37,4.8423,3.8,4.3325,5.06,16.46,99.02,4.589,3.291,4.1025,7.84,23.53,12.9286,2.5594,1.1116,9.6429,5.0851,6.375,11.1357,37.5142,3.1786,62.0,17.1271
390.0,125.0,16.0,5.05,2.84,2.07,3.7,7.81,9.5,11.5,0.0,4.56,1.51,0.625,1.375,0.188,0.125,1.66,0.0,6.25,0.0,48.0,100.0,4.63,6.52,0.0,0.0,0.0,0.0,0.0,0.0,0.0,0.0,4.8,10.4,1.6,0.0,97.92,8.51,8.51,20.83,18.75,8.0,0.0,1.4,99.2,4.774,4.7358,2.8982,4.0,12.8,100.0,4.2221,4.2221,2.7868,8.33,10.42,100.0,3.8109,3.8109,1.9912,14.29,17.86,100.0,6.0937,4.37,5.49,0.0,4.8,100.0,5.4744,4.24,5.0075,0.0,10.42,100.0,5.235,3.85,4.6975,0.0,17.86,7.8125,2.0557,0.8928,7.182,3.3854,3.6667,6.9077,19.0125,0.875,13.0,10.4
980.0,459.0,29.0,10.34,8.53,9.66,10.29,15.48,18.0,22.4,17.24,6.52,1.96,1.138,1.655,0.207,0.138,1.73,1.172,6.9,3.45,195.0,98.46,6.03,9.16,11.98,2.08,1.54,2.54,0.0,1.03,0.51,0.0,6.68,14.92,3.7,0.52,97.44,17.37,3.68,32.82,22.56,10.24,1.56,2.72,95.1,4.4267,4.2098,2.2079,8.69,20.27,100.0,3.7223,3.7223,2.5221,2.56,21.54,100.0,3.512,3.512,2.5599,2.52,26.89,99.78,5.7717,4.358,4.96,5.12,8.69,100.0,5.2353,4.458,4.915,1.03,4.1,100.0,5.1607,4.518,4.905,1.68,1.68,15.8276,2.7618,1.1994,9.6161,4.9443,7.0,10.5549,39.357,3.7241,72.0,15.6863
620.0,382.0,30.0,8.76,5.38,7.27,8.22,12.67,14.0,17.1,6.67,5.0,2.05,0.7,1.233,0.2,0.333,1.93,1.1,36.67,6.67,189.0,94.18,5.44,8.79,8.99,0.0,5.82,3.6,4.23,5.82,5.29,4.23,2.11,4.21,0.26,2.25,87.3,17.58,4.24,24.34,19.58,3.95,0.26,1.31,96.84,4.3499,4.2125,2.2222,7.37,20.26,95.24,3.5871,3.4163,1.9715,10.58,26.98,93.02,3.3342,3.1015,1.5563,14.73,35.66,99.47,5.6499,3.778,4.72,3.95,13.68,99.47,4.8097,3.54,4.33,4.76,20.11,99.22,4.5844,3.27,3.86,6.98,27.13,12.7333,2.5442,1.1049,8.1949,3.8501,4.8,9.8885,27.6548,1.9,40.0,10.4712
440.0,245.0,32.0,4.86,3.39,2.97,4.69,7.66,9.0,11.0,0.0,3.91,1.6,0.188,1.094,0.031,0.5,1.71,0.094,12.5,3.12,101.0,100.0,5.21,6.68,4.95,2.97,0.0,0.0,0.0,0.0,0.0,0.0,1.22,8.98,2.45,0.0,85.15,11.63,1.16,8.91,6.93,5.71,0.0,1.4,99.59,4.5969,4.5781,2.7399,5.71,13.06,100.0,3.7853,3.7853,1.6021,10.89,20.79,100.0,3.3382,3.3382,1.6021,17.19,31.25,100.0,5.9904,4.17,5.28,1.22,8.98,100.0,5.1569,3.5,4.81,0.0,15.84,100.0,4.8511,3.25,4.0775,0.0,23.44,7.6562,2.0355,0.884,6.9165,2.8312,2.4667,6.7703,19.0848,0.875,22.0,8.9796
1110.0,560.0,37.0,9.91,8.1,9.76,10.46,15.19,19.0,21.4,13.51,5.73,2.03,0.919,1.514,0.189,0.216,1.87,1.405,29.73,5.41,262.0,96.18,6.65,9.95,16.67,4.76,3.82,4.88,1.53,3.44,3.05,1.53,6.58,11.39,1.96,4.76,84.35,22.17,8.6,29.01,22.14,9.43,0.0,1.08,94.84,4.1607,3.946,1.5327,12.81,30.78,98.85,3.2952,3.2574,1.8865,11.45,41.22,98.34,3.2339,3.1803,1.3617,14.36,43.65,99.47,5.4898,3.345,4.42,8.72,17.26,100.0,4.7181,3.491,4.2175,6.11,20.61,100.0,4.6556,3.32,3.98,8.29,25.41,15.1351,2.717,1.18,9.8009,5.2613,8.4286,10.2197,38.3494,3.5135,101.0,18.0357
540.0,168.0,17.0,7.05,4.56,4.45,5.96,9.82,12.0,14.4,0.0,4.88,1.66,0.412,1.118,0.118,0.118,1.66,0.941,5.88,0.0,86.0,91.86,5.39,7.85,3.8,0.0,8.14,5.36,6.98,5.81,5.81,4.65,0.6,4.79,0.6,1.27,87.21,20.0,2.67,11.63,11.63,1.2,0.0,1.52,97.01,4.3328,4.2031,2.0607,7.19,27.54,94.19,3.4181,3.2194,2.2041,6.98,50.0,92.06,3.1371,2.8881,2.1271,9.52,60.32,100.0,5.6199,3.666,4.3,2.99,17.96,100.0,4.6253,3.67,3.945,5.81,26.74,100.0,4.3203,3.67,3.81,7.94,31.75,9.8824,2.2908,0.9949,8.7321,3.6146,5.3,8.4953,24.1681,1.4118,18.0,10.7143
1020.0,626.0,43.0,13.49,10.45,10.51,11.78,14.07,17.0,19.7,11.36,6.02,1.88,0.545,1.25,0.091,0.591,2.01,1.182,22.73,4.55,279.0,98.57,7.26,10.24,24.73,2.55,1.43,2.12,0.0,0.36,0.36,0.0,5.98,16.16,3.35,2.18,91.4,24.31,5.88,35.84,21.86,10.82,0.0,1.56,96.77,4.0621,3.9308,1.8088,11.63,34.73,100.0,3.1563,3.1563,2.1231,6.81,48.75,100.0,3.0804,3.0804,2.1251,6.5,50.5,99.35,5.5646,3.91,4.49,3.72,12.28,100.0,4.83,3.93,4.4,1.08,12.54,100.0,4.7842,3.929,4.41,0.5,12.5,14.5581,2.6782,1.1631,10.7402,5.708,11.3333,13.0621,44.2706,4.3256,149.0,23.8019
990.0,535.0,38.0,11.91,9.02,9.81,11.08,14.0,17.0,19.0,7.89,5.82,2.02,0.763,1.395,0.158,0.263,2.02,1.158,18.42,0.0,272.0,96.69,6.54,9.88,15.59,0.76,3.31,4.47,0.74,0.74,0.74,0.0,6.02,11.28,4.3,1.14,97.06,26.14,6.44,32.35,21.32,6.95,0.0,1.95,95.86,4.1812,4.0083,1.8715,11.09,27.82,100.0,3.4312,3.4312,2.2695,7.35,34.19,100.0,3.212,3.212,2.1924,8.43,39.89,100.0,5.6455,3.813,4.7275,4.32,12.03,100.0,5.0443,4.012,4.55,0.0,9.56,100.0,4.8852,4.024,4.4925,0.0,9.55,14.0789,2.6447,1.1486,10.2081,5.2675,10.2857,11.7731,40.9948,3.7895,114.0,21.3084
640.0,754.0,71.0,6.95,5.67,6.9,7.76,9.4,13.0,18.1,6.25,4.3,1.98,0.662,1.637,0.05,0.15,1.51,0.575,57.5,10.0,294.0,96.6,5.32,7.99,5.99,0.35,3.4,5.41,0.0,1.36,1.02,0.0,8.78,12.77,1.86,1.41,95.58,13.52,3.91,25.51,17.35,10.24,0.0,0.89,96.81,4.5795,4.4333,2.4047,6.38,15.56,99.32,3.9761,3.9491,2.4558,6.12,19.05,98.43,3.5985,3.5418,2.1139,8.66,22.83,100.0,5.7712,4.16,5.08,3.46,8.64,100.0,5.2105,4.246,4.7725,3.06,8.84,100.0,4.9798,3.86,4.645,3.94,11.02,10.6197,2.3627,1.0261,8.7495,4.013,5.0,9.0783,30.6462,2.1268,99.0,13.13
550.0,662.0,70.0,5.41,4.0,5.09,6.51,9.03,11.75,16.7,4.05,4.27,1.88,0.595,1.405,0.014,0.081,1.64,0.473,32.43,4.05,329.0,98.78,5.37,7.74,4.31,0.0,1.22,2.0,0.0,0.61,0.3,0.0,2.69,3.74,0.3,2.46,90.27,14.81,7.07,13.98,10.03,3.14,0.15,0.24,97.31,4.4318,4.3124,2.5408,6.74,16.62,100.0,3.7012,3.7012,2.4958,5.17,21.88,100.0,3.345,3.345,2.4116,4.68,30.99,100.0,5.691,3.895,4.66,2.25,13.47,100.0,4.9302,3.73,4.42,2.43,17.02,100.0,4.6401,3.73,4.16,1.75,23.98,9.4571,2.2468,0.9758,7.6834,3.5365,4.4,7.1105,23.9587,1.3714,70.0,10.574
740.0,498.0,46.0,6.66,4.7,6.01,7.47,10.8,13.75,16.0,0.0,4.83,1.83,0.696,1.304,0.087,0.174,1.8,0.63,17.39,0.0,242.0,93.39,5.73,8.16,5.31,1.33,6.61,4.52,4.13,6.61,6.61,4.13,5.63,7.24,1.41,2.21,89.26,12.04,2.78,23.55,17.77,6.64,0.2,1.17,94.37,4.3282,4.0844,2.1755,9.46,25.15,95.04,3.6538,3.4726,2.3103,9.09,31.4,91.89,3.3276,3.0578,1.2788,14.86,41.89,99.6,5.5356,3.918,4.74,6.44,10.87,99.59,4.8859,3.972,4.5125,7.02,10.74,99.32,4.5171,2.93,4.23,11.49,16.89,10.8261,2.382,1.0345,9.2466,3.9197,5.6667,8.1122,28.0952,1.8696,69.0,13.8554
880.0,390.0,31.0,7.19,5.78,6.49,7.72,12.58,15.5,18.0,6.45,5.19,1.78,0.903,1.29,0.129,0.387,1.57,1.194,6.45,3.23,208.0,94.71,5.92,8.28,7.11,0.51,5.29,8.18,1.92,1.44,1.44,0.0,1.03,5.38,0.77,4.57,83.65,14.37,6.9,18.27,13.94,1.28,0.0,1.58,97.95,4.3067,4.2183,2.0792,8.97,22.56,99.52,3.4421,3.4256,1.6021,13.46,33.65,99.22,3.0381,3.0146,1.6021,21.71,47.29,100.0,5.6833,3.58,4.83,4.87,13.08,100.0,4.9065,3.25,4.08,4.33,20.19,100.0,4.5762,3.25,3.84,6.98,27.91,12.5806,2.5322,1.0997,8.5521,4.1124,5.7778,8.8418,30.0165,2.1935,50.0,12.8205
800.0,388.0,35.0,8.97,7.38,7.52,9.47,11.03,12.5,15.0,2.86,5.26,1.75,0.229,1.029,0.057,0.171,2.06,0.771,17.14,5.71,158.0,97.47,6.27,8.85,7.79,0.65,2.53,3.96,0.0,0.0,0.0,0.0,6.99,17.62,3.87,5.84,98.1,28.39,4.52,27.22,17.09,12.69,0.0,1.12,99.48,4.1248,4.1034,1.9591,10.1,29.27,100.0,3.3712,3.3712,2.0685,9.49,27.85,100.0,3.1812,3.1812,1.897,10.92,31.09,100.0,5.7253,3.8,4.6,0.78,14.25,100.0,5.0263,4.015,4.665,0.0,10.13,100.0,4.8897,3.98,4.525,0.0,10.92,11.0857,2.4057,1.0448,9.3954,4.7737,6.8889,9.9571,38.663,3.0571,63.0,16.2371
820.0,354.0,34.0,9.14,6.47,6.65,8.64,10.32,12.75,13.7,0.0,5.0,1.65,0.353,1.147,0.088,0.412,1.97,0.118,14.71,0.0,160.0,97.5,7.29,13.0,18.59,12.18,2.5,2.75,1.25,1.25,1.25,0.0,9.4,11.97,2.26,7.69,87.5,25.0,5.71,31.25,20.0,11.11,1.71,1.48,97.72,3.969,3.8786,1.7076,19.09,35.61,99.38,3.0731,3.0539,1.7758,19.38,43.75,99.14,2.7465,2.7228,1.48,26.72,56.03,99.72,5.5722,3.67,4.42,2.28,20.51,99.38,4.6966,3.649,3.9325,5.62,26.88,99.14,4.4516,3.525,3.89,7.76,33.62,10.4118,2.3429,1.0175,10.799,4.7364,5.4,9.8458,31.5982,2.2059,71.0,20.0565
940.0,334.0,22.0,9.91,8.31,8.6,9.08,15.62,18.0,21.0,14.29,6.1,2.05,1.048,1.619,0.095,0.571,1.82,0.905,9.52,4.76,144.0,93.06,6.18,9.28,11.19,2.99,6.94,5.5,4.17,2.78,2.08,0.0,6.71,13.11,2.1,0.75,95.14,18.98,2.19,32.64,16.67,9.15,0.0,2.9,98.78,4.3625,4.3093,2.3755,6.1,23.17,98.61,3.6956,3.6442,2.4128,4.17,25.69,97.78,3.4534,3.3766,2.3319,5.56,34.44,100.0,5.8822,4.311,4.88,1.22,8.54,100.0,5.2166,4.221,4.745,0.69,6.94,100.0,5.065,4.155,4.65,1.11,8.89,15.1818,2.7201,1.1813,8.9752,4.9623,7.1429,10.3347,34.3435,2.9091,53.0,15.8683
500.0,121.0,16.0,4.68,4.33,4.85,6.75,7.44,9.0,11.5,0.0,3.69,1.55,0.312,1.188,0.0,0.125,1.56,0.125,18.75,0.0,58.0,100.0,4.89,6.15,0.0,0.0,0.0,0.0,0.0,0.0,0.0,0.0,5.04,10.92,2.48,0.0,100.0,10.34,1.72,17.24,17.24,6.72,0.0,0.69,96.64,4.4189,4.2704,2.6055,7.56,15.13,100.0,3.9919,3.9919,3.0045,5.17,10.34,100.0,3.6488,3.6488,2.7012,8.33,13.89,100.0,5.6522,4.128,4.88,2.52,7.56,100.0,5.2109,4.22,4.73,0.0,5.17,100.0,4.9481,4.105,4.22,0.0,8.33,7.5625,2.0232,0.8787,7.9265,3.1847,3.0,6.9077,22.4385,1.125,16.0,13.2231
520.0,285.0,22.0,5.88,4.74,5.13,5.91,12.95,16.0,20.8,13.64,4.95,1.86,0.955,1.636,0.136,0.273,1.66,0.864,13.64,0.0,132.0,98.48,4.74,6.79,1.54,0.0,1.52,2.6,0.0,0.0,0.0,0.0,0.7,2.81,0.35,1.54,96.21,17.32,3.94,23.48,20.45,1.05,0.0,0.62,100.0,4.4931,4.4931,2.8349,5.96,11.23,100.0,3.8563,3.8563,2.3838,2.27,15.15,100.0,3.6304,3.6304,2.3838,3.61,20.48,100.0,5.8367,4.142,5.09,0.35,9.47,100.0,5.0915,3.71,4.755,0.0,13.64,100.0,4.8694,3.64,4.62,0.0,19.28,12.9545,2.5614,1.1124,6.9384,3.6312,5.5,5.8525,24.5335,1.5,20.0,7.0175
870.0,1042.0,78.0,8.34,6.56,6.77,7.04,13.57,19.0,25.6,24.68,5.42,2.32,1.208,1.844,0.078,0.052,1.71,0.922,54.55,9.09,481.0,96.26,5.64,8.74,9.5,1.94,3.74,4.82,0.83,1.87,1.25,0.0,1.63,4.4,0.77,2.81,91.68,19.05,6.35,16.84,12.68,2.68,0.0,0.23,99.52,4.4778,4.4564,2.3221,7.08,18.18,99.38,3.6316,3.6089,2.2455,7.9,28.07,99.6,3.4504,3.4366,2.1341,9.6,31.6,100.0,5.7523,3.89,4.83,3.06,11.2,100.0,4.8886,3.72,4.31,3.53,14.97,100.0,4.7653,3.719,4.2525,3.2,16.8,13.359,2.5922,1.1258,8.3603,4.3815,10.3333,9.6619,32.7448,2.5897,167.0,16.0269
1290.0,1655.0,79.0,15.56,12.39,13.84,12.46,21.81,28.5,34.6,62.67,7.61,2.46,1.413,1.72,0.307,0.733,1.92,1.733,14.67,5.33,761.0,96.19,7.39,10.89,27.32,4.37,3.81,5.9,1.58,0.79,0.39,0.0,3.55,13.75,3.2,4.37,87.91,32.88,6.13,42.31,19.84,9.54,1.22,1.84,99.57,4.0885,4.071,2.0864,7.95,29.4,100.0,3.2975,3.2975,1.9912,10.38,37.71,100.0,3.211,3.211,1.989,11.05,41.09,100.0,5.7366,4.24,4.67,0.73,7.15,100.0,4.9678,4.07,4.43,1.45,8.54,100.0,4.9537,4.07,4.38,0.19,7.36,20.9494,3.0421,1.3212,10.8103,6.4274,8.1429,14.6267,47.5355,5.5696,302.0,18.2477
890.0,626.0,53.0,8.88,7.04,6.66,8.06,12.24,14.0,17.5,10.0,5.46,1.95,0.66,1.26,0.08,0.28,2.0,0.8,12.0,0.0,266.0,98.87,6.93,9.55,16.35,1.14,1.13,1.85,0.0,0.0,0.0,0.0,7.68,16.5,4.15,1.9,96.62,28.79,8.56,39.47,24.44,11.76,0.0,1.81,95.92,4.3121,4.1359,2.2407,7.52,23.04,100.0,3.6064,3.6064,2.4046,4.14,23.68,100.0,3.4721,3.4721,2.2945,6.13,28.22,100.0,5.807,4.31,4.85,0.49,5.07,100.0,5.1512,4.32,4.69,0.38,5.26,100.0,5.1015,4.258,4.64,0.61,6.13,11.8113,2.4691,1.0723,9.5698,4.8673,5.2,10.0149,34.0158,2.6226,101.0,16.1342
790.0,267.0,29.0,6.98,5.94,6.56,8.9,9.46,11.0,12.0,3.57,4.79,1.8,0.357,1.143,0.071,0.357,1.92,0.25,0.0,7.14,129.0,85.27,5.37,7.58,1.82,0.0,14.73,12.9,12.4,12.4,11.63,10.08,8.3,16.98,5.24,0.91,86.05,8.11,1.8,19.38,14.73,10.94,0.75,1.3,88.3,4.3315,3.8248,0.0,13.96,27.17,89.15,3.7488,3.342,0.0,13.18,28.68,86.17,3.5645,3.0715,0.0,17.02,36.17,90.94,5.2394,1.85,4.62,12.08,15.47,89.15,4.6795,0.0,4.33,11.63,14.73,86.17,4.4168,0.0,4.08,14.89,19.15,9.2069,2.22,0.9641,9.3565,4.1664,4.0,8.6413,26.8099,1.6207,41.0,15.3558
740.0,178.0,18.0,8.23,6.56,7.28,9.39,9.89,10.0,12.9,5.56,5.0,1.68,0.111,1.056,0.056,0.111,1.72,1.111,5.56,0.0,97.0,97.94,5.49,7.65,1.05,0.0,2.06,3.03,0.0,0.0,0.0,0.0,3.93,7.87,0.0,0.0,96.91,14.89,2.13,25.77,20.62,3.93,0.0,1.42,100.0,4.102,4.102,2.2076,7.87,26.97,100.0,3.592,3.592,2.5047,1.03,28.87,100.0,3.4522,3.4522,2.535,0.0,34.25,100.0,5.6496,3.91,4.705,1.69,12.36,100.0,5.1024,4.022,4.42,0.0,9.28,100.0,4.9889,3.93,4.31,0.0,10.96,9.8889,2.2914,0.9951,8.8285,3.9727,4.4545,9.5867,32.3608,2.2222,26.0,14.6067
630.0,803.0,74.0,5.44,4.16,4.28,5.06,10.32,13.0,17.0,3.85,4.78,1.89,0.667,1.41,0.013,0.103,1.56,0.744,37.18,5.13,330.0,96.97,5.07,7.1,2.81,0.31,3.03,4.69,0.0,1.52,0.61,0.0,2.48,8.32,1.87,2.19,92.73,11.76,4.25,9.7,8.18,7.58,0.0,0.8,98.14,4.608,4.5222,2.5911,6.21,14.78,99.09,3.8556,3.8205,2.5288,6.06,19.7,98.82,3.5241,3.4824,2.5041,7.69,24.85,99.88,5.8312,3.91,4.91,2.11,12.17,99.7,5.0527,3.85,4.5825,3.33,13.03,99.41,4.7996,3.788,4.36,3.55,17.16,10.8514,2.3843,1.0355,7.6159,3.6114,5.4444,6.7665,23.5537,1.3784,85.0,10.5853
670.0,145.0,16.0,8.87,6.5,5.35,7.61,9.0,10.5,12.0,0.0,4.62,1.41,0.562,1.25,0.062,0.125,1.51,0.625,6.25,6.25,66.0,100.0,5.37,7.05,0.0,0.0,0.0,0.0,0.0,0.0,0.0,0.0,12.5,15.28,0.69,0.0,100.0,1.52,0.0,19.7,12.12,12.5,0.0,1.84,100.0,4.2508,4.2508,1.6867,10.42,22.92,100.0,4.1146,4.1146,3.0674,0.0,10.61,100.0,3.8816,3.8816,2.9335,0.0,14.63,100.0,5.8234,3.831,5.025,0.0,11.81,100.0,5.5453,4.95,5.24,0.0,1.52,100.0,5.4415,4.68,5.24,0.0,0.0,9.0625,2.2041,0.9572,8.333,3.9554,4.5833,10.1258,30.4418,1.9375,16.0,11.0345
760.0,147.0,14.0,7.19,5.2,5.06,6.4,10.57,12.75,13.7,0.0,4.71,1.76,0.571,1.286,0.071,0.571,1.58,1.071,7.14,0.0,68.0,95.59,4.92,6.79,1.54,1.54,4.41,5.45,0.0,4.41,4.41,0.0,9.46,10.14,1.36,3.08,89.71,6.56,1.64,19.12,16.18,10.81,0.0,0.0,95.95,4.3447,4.1685,1.8073,10.81,18.24,98.53,3.6014,3.5485,2.1947,8.82,19.12,97.83,3.2655,3.1945,1.6772,13.04,26.09,97.3,5.5787,3.794,4.6625,6.76,12.84,98.53,4.9403,3.851,4.6125,4.41,11.76,97.83,4.6567,3.69,4.41,6.52,17.39,10.5,2.3514,1.0212,7.5946,3.5481,5.1,8.8418,26.8265,1.7143,19.0,12.9252
370.0,106.0,14.0,4.16,3.5,2.53,4.26,7.57,8.0,10.7,0.0,3.64,1.57,0.071,0.929,0.0,0.143,1.81,0.286,7.14,7.14,54.0,100.0,5.23,7.15,0.0,0.0,0.0,0.0,0.0,0.0,0.0,0.0,7.55,12.26,3.77,0.0,100.0,12.96,0.0,5.56,3.7,16.04,0.94,0.0,100.0,4.2543,4.2543,2.7039,0.0,16.98,100.0,3.9585,3.9585,2.7846,0.0,16.67,100.0,3.5221,3.5221,2.7846,0.0,29.03,100.0,5.66,4.18,4.8425,0.0,3.77,100.0,5.3343,4.31,4.54,0.0,0.0,100.0,4.9974,4.31,4.31,0.0,0.0,7.5714,2.0244,0.8792,7.8851,2.799,3.0714,7.4475,18.8922,0.8571,9.0,8.4906
890.0,881.0,72.0,9.53,8.64,9.55,11.43,13.05,17.75,22.0,16.67,5.39,2.0,0.833,1.394,0.091,0.576,1.89,0.773,6.06,7.58,356.0,97.75,6.3,9.35,12.93,1.15,2.25,2.9,0.84,0.84,0.56,0.0,6.16,16.72,4.99,1.15,94.1,16.72,4.48,39.61,27.81,10.45,0.12,1.58,97.56,4.237,4.1337,2.3692,6.16,23.34,99.72,3.6182,3.608,2.5354,4.49,21.91,100.0,3.5102,3.5102,2.519,4.05,25.23,100.0,5.7601,4.12,4.83,0.81,8.36,100.0,5.1377,4.09,4.7825,1.12,9.83,100.0,5.1026,3.96,4.76,1.35,11.71,12.2361,2.5044,1.0876,9.7099,4.8778,6.7778,11.0666,40.3859,3.4444,142.0,16.118
820.0,293.0,24.0,7.75,7.5,8.38,10.24,12.25,13.25,18.0,4.17,5.62,1.76,0.458,1.167,0.125,0.0,1.79,0.958,0.0,4.17,146.0,97.26,5.27,7.09,4.23,0.0,2.74,3.16,1.37,2.05,2.05,1.37,6.46,15.99,5.46,2.82,93.84,14.6,3.65,21.92,17.81,14.97,0.0,0.3,99.32,4.0008,3.9736,2.2995,6.46,26.19,99.32,3.6945,3.6692,2.4293,6.85,26.71,99.05,3.4613,3.4283,2.0086,9.52,35.24,100.0,5.5628,4.072,4.69,2.72,8.84,100.0,5.1238,4.04,4.5625,3.42,8.9,100.0,4.9598,3.898,4.46,4.76,11.43,12.2083,2.5021,1.0867,9.3078,4.6443,8.1429,9.9286,33.71,2.625,43.0,14.6758
950.0,580.0,43.0,9.33,7.9,8.26,9.49,13.58,16.0,17.0,4.65,6.0,1.8,0.535,1.209,0.116,0.279,1.83,1.163,4.65,0.0,291.0,97.25,6.43,9.12,15.19,2.12,2.75,3.52,1.72,0.69,0.69,0.69,3.94,8.39,2.76,8.13,85.22,29.03,7.26,27.49,18.9,5.82,0.34,0.45,99.32,4.0797,4.0518,2.0,9.93,26.88,100.0,3.2643,3.2643,1.7634,12.37,37.8,100.0,3.0225,3.0225,1.6128,14.9,46.15,99.66,5.6316,3.823,4.69,1.03,12.16,100.0,4.8276,3.41,4.16,1.03,14.09,100.0,4.6505,3.26,4.13,1.44,17.79,13.4884,2.6018,1.13,9.3148,4.624,6.5556,11.1136,33.4884,2.6977,75.0,12.931
470.0,160.0,18.0,4.56,3.0,4.42,6.21,8.89,10.75,14.0,0.0,4.67,1.61,0.333,1.222,0.056,0.0,1.94,0.278,11.11,0.0,71.0,100.0,5.71,8.17,0.0,0.0,0.0,0.0,0.0,0.0,0.0,0.0,5.62,17.5,4.38,11.27,88.73,20.63,12.7,18.31,14.08,12.5,0.0,0.0,100.0,4.1411,4.1411,2.0,9.38,25.0,100.0,3.5823,3.5823,1.5185,11.27,25.35,100.0,3.0846,3.0846,1.2553,18.6,41.86,100.0,5.6607,3.55,4.4525,1.25,18.12,100.0,5.0366,3.26,4.13,0.0,14.08,100.0,4.6635,3.26,4.12,0.0,23.26,8.8889,2.1848,0.9488,9.2091,3.3823,3.5833,6.4274,15.1389,0.5556,14.0,8.75
1180.0,1189.0,91.0,11.18,9.51,10.44,12.06,17.57,23.0,28.6,35.38,6.35,2.32,1.231,1.446,0.323,0.492,1.93,1.169,9.23,15.38,450.0,97.33,6.93,10.05,21.46,3.2,2.67,4.33,0.44,0.89,0.89,0.0,7.97,20.93,7.4,1.83,94.89,22.25,3.75,49.78,31.33,16.29,0.18,1.99,98.16,4.0861,4.011,2.1934,8.41,28.9,99.78,3.4844,3.4766,2.0488,9.33,29.78,99.63,3.4028,3.3901,2.0134,10.04,33.09,99.56,5.6844,4.12,4.83,1.49,7.36,100.0,5.1097,4.1,4.67,0.89,7.56,100.0,5.1075,4.1,4.69,1.12,8.18,13.0659,2.57,1.1161,10.2606,5.1911,7.75,12.1717,40.4839,3.5824,203.0,17.0732
1040.0,490.0,31.0,11.87,9.53,10.85,11.67,15.77,20.5,24.0,29.03,6.06,2.28,0.871,1.452,0.226,0.129,1.85,2.258,12.9,0.0,263.0,98.86,6.81,9.72,25.0,0.77,1.14,2.05,0.0,0.76,0.76,0.0,3.68,9.2,2.04,4.62,93.92,37.25,16.6,33.46,23.57,6.95,0.2,1.22,98.36,3.9569,3.8921,1.716,13.91,32.72,100.0,3.2644,3.2644,2.0032,10.27,38.78,100.0,2.9974,2.9974,1.9777,14.12,47.46,99.8,5.5257,3.71,4.44,2.04,17.18,100.0,4.8725,3.83,4.22,0.38,20.91,100.0,4.6951,3.83,3.93,0.56,27.68,15.8065,2.7604,1.1988,10.7365,5.753,7.5714,11.8353,41.7248,4.0968,114.0,23.2653
970.0,657.0,44.0,9.87,8.82,9.28,10.14,14.47,18.0,20.6,13.33,6.11,1.95,0.933,1.489,0.156,0.222,1.87,0.689,6.67,2.22,281.0,98.22,6.49,9.58,13.41,4.35,1.78,2.92,0.71,1.07,1.07,0.71,7.07,11.06,1.22,2.9,93.59,17.49,2.66,38.08,26.69,9.22,0.0,0.95,99.85,4.2034,4.197,1.8921,11.06,23.5,100.0,3.6426,3.6426,2.4683,6.05,23.49,100.0,3.43,3.43,2.2148,9.34,29.67,100.0,5.8374,4.16,4.88,0.46,9.22,100.0,5.2182,4.17,4.72,0.36,5.69,100.0,5.1228,4.17,4.6025,0.55,7.69,14.9318,2.7035,1.1741,9.352,4.8686,10.3333,11.4345,36.8496,3.2727,83.0,12.6332
1100.0,525.0,29.0,10.97,8.46,10.32,9.93,18.03,24.0,24.4,37.93,6.72,2.08,1.172,1.793,0.483,0.345,1.8,2.172,13.79,0.0,270.0,97.04,6.23,10.29,15.65,0.38,2.96,2.82,1.48,0.37,0.37,0.0,2.49,9.56,1.33,3.82,91.48,30.77,8.5,29.26,22.59,5.74,0.19,1.49,98.66,4.0926,4.0378,2.1461,6.69,29.64,100.0,3.3545,3.3545,2.1481,8.15,35.93,100.0,3.1483,3.1483,2.0961,8.15,44.57,99.43,5.5779,3.85,4.505,1.72,15.11,100.0,4.8554,3.828,4.3,1.85,17.41,100.0,4.728,3.714,4.24,2.17,20.65,18.1034,2.8961,1.2578,10.0985,5.3573,8.1667,10.8521,38.2939,3.6552,98.0,18.6667
1060.0,134.0,8.0,12.37,9.7,9.37,9.1,16.0,19.25,20.9,25.0,5.38,2.1,1.0,1.375,0.25,0.0,2.22,0.5,25.0,0.0,48.0,93.75,6.87,10.15,20.0,4.44,6.25,7.14,0.0,0.0,0.0,0.0,7.03,23.44,7.46,6.67,89.58,20.93,9.3,41.67,18.75,16.41,0.0,4.49,100.0,4.1812,4.1812,2.1581,9.38,23.44,100.0,3.4275,3.4275,1.8117,14.58,33.33,100.0,3.1192,3.1192,1.8447,15.62,40.62,100.0,5.8255,4.018,4.75,4.69,10.16,100.0,5.06,3.892,4.395,6.25,16.67,100.0,4.8209,3.864,4.2775,9.38,15.62,16.75,2.8184,1.224,9.8877,5.447,11.3333,12.8155,36.8993,3.375,31.0,23.1343
800.0,1077.0,89.0,7.14,5.29,6.74,7.35,11.41,15.0,22.0,15.62,4.7,2.14,1.062,1.583,0.073,0.083,1.59,0.75,62.5,10.42,519.0,91.71,5.34,8.13,6.93,1.47,8.29,11.94,1.16,4.62,2.5,0.39,4.84,5.57,0.28,4.62,87.86,15.35,6.14,12.52,9.63,5.21,0.0,0.07,95.62,4.5059,4.3084,1.6758,11.69,20.91,98.84,3.6947,3.652,1.8273,12.14,27.55,98.79,3.4145,3.373,1.7057,12.55,31.98,99.91,5.6759,3.664,4.67,4.66,16.89,99.81,4.8789,3.338,4.23,6.55,21.58,99.6,4.6725,3.322,3.98,6.07,25.91,12.1011,2.4933,1.0828,8.4884,4.1503,10.1667,8.2674,30.7641,2.2584,141.0,13.0919
450.0,157.0,22.0,8.97,6.06,4.76,6.95,7.14,8.75,9.0,0.0,3.91,1.39,0.045,1.0,0.0,0.091,1.71,0.455,0.0,0.0,65.0,100.0,5.73,7.87,7.69,0.0,0.0,0.0,0.0,0.0,0.0,0.0,10.83,19.75,4.46,6.15,93.85,18.03,1.64,7.69,7.69,15.29,0.0,1.09,99.36,4.1736,4.1471,1.8451,14.01,28.03,100.0,3.5661,3.5661,2.0169,10.77,24.62,100.0,3.323,3.323,1.8261,12.77,25.53,100.0,5.6899,3.44,4.5,2.55,16.56,100.0,5.0329,3.538,4.44,3.08,18.46,100.0,4.8566,3.39,4.57,4.26,19.15,7.1364,1.9652,0.8535,8.6168,4.1459,3.7857,9.3395,31.3402,1.7273,27.0,17.1975
830.0,235.0,22.0,6.83,5.0,5.52,6.95,11.24,14.0,17.0,4.76,4.76,1.82,0.619,1.286,0.143,0.667,1.8,1.0,4.76,0.0,125.0,92.8,5.26,7.0,0.86,0.86,7.2,5.0,5.6,7.2,7.2,5.6,7.2,9.75,2.98,4.31,84.8,15.09,5.66,10.4,8.8,8.9,0.85,0.0,91.95,4.0561,3.7295,1.0966,15.25,38.14,94.4,3.1905,3.0119,1.6197,12.8,50.4,92.22,2.915,2.6883,1.1105,17.78,63.33,100.0,5.2454,2.99,4.11,10.17,22.46,100.0,4.4937,3.236,3.89,8.8,31.2,100.0,4.1943,2.655,3.8425,12.22,38.89,10.6818,2.3685,1.0286,9.676,3.9188,4.5,8.1509,21.3201,1.1364,34.0,14.4681
460.0,252.0,30.0,5.11,3.0,2.77,3.53,7.2,10.0,13.6,0.0,3.31,1.65,0.571,1.229,0.029,0.0,1.38,0.286,42.86,14.29,107.0,100.0,4.46,6.18,0.0,0.0,0.0,0.0,0.0,0.0,0.0,0.0,5.56,5.95,0.79,0.0,97.2,4.81,0.0,1.87,1.87,5.56,0.0,0.61,98.81,4.707,4.651,3.0073,2.38,9.92,100.0,4.1622,4.1622,3.0667,0.0,7.48,100.0,3.7661,3.7661,3.0667,0.0,8.16,100.0,5.8953,4.213,5.12,1.59,8.73,100.0,5.2746,4.318,4.945,0.0,7.48,100.0,4.9482,4.15,4.76,0.0,8.16,8.4,2.1282,0.9243,7.1234,3.0472,5.4444,7.3011,19.5111,0.9333,16.0,6.3492
1150.0,270.0,16.0,13.27,10.0,10.68,10.84,17.6,20.0,27.0,26.67,6.13,2.09,1.133,1.4,0.0,0.533,1.82,1.667,6.67,0.0,124.0,95.16,6.12,8.5,5.93,0.0,4.84,3.53,3.23,4.03,3.23,3.23,5.3,14.02,2.59,0.85,81.45,17.82,4.95,35.48,20.16,8.33,0.0,2.62,96.59,4.1086,3.9686,1.5051,12.5,29.17,100.0,3.2059,3.2059,1.5051,16.13,38.71,100.0,2.8388,2.8388,1.5051,24.68,46.75,99.24,5.5692,3.44,4.7275,8.71,15.91,100.0,4.7106,2.798,3.88,11.29,27.42,100.0,4.4227,2.78,3.51,18.18,33.77,16.875,2.8258,1.2272,9.6199,5.2569,14.0,13.5265,42.8009,4.375,45.0,16.6667
440.0,156.0,20.0,4.91,3.34,2.09,3.75,7.8,9.25,11.2,0.0,4.1,1.48,0.4,1.1,0.05,0.1,1.74,0.75,0.0,0.0,78.0,98.72,5.47,8.27,1.3,0.0,1.28,2.0,0.0,0.0,0.0,0.0,5.13,10.9,3.85,0.0,98.72,14.29,0.0,10.26,7.69,7.05,0.0,1.12,96.79,4.4647,4.3216,2.6533,3.85,18.59,100.0,3.8032,3.8032,2.7185,1.28,25.64,100.0,3.4897,3.4897,2.7185,1.92,36.54,100.0,5.7957,4.31,4.995,2.56,3.85,100.0,5.2601,4.31,4.8425,0.0,1.28,100.0,5.05,4.31,4.52,0.0,1.92,7.8,2.0541,0.8921,8.477,3.0414,3.9167,6.9613,15.4923,0.6,14.0,8.9744
550.0,1039.0,119.0,4.96,2.62,4.09,4.84,8.09,12.0,15.3,3.12,3.79,1.98,0.617,1.344,0.039,0.125,1.45,0.336,56.25,15.62,437.0,97.25,5.09,7.16,2.59,0.47,2.75,4.49,0.46,1.14,0.23,0.0,2.32,5.6,1.06,0.94,95.65,12.92,4.31,16.25,13.73,4.25,0.1,0.5,97.87,4.6634,4.5642,2.7254,4.64,14.11,99.08,4.0336,3.9967,2.7118,4.58,17.16,100.0,3.5928,3.5928,2.7065,1.76,24.71,99.81,5.8671,4.278,5.12,2.61,7.44,99.54,5.2092,4.09,4.72,2.52,9.38,100.0,4.9218,4.079,4.58,0.59,10.0,8.7311,2.1669,0.9411,7.4282,3.1047,3.5,6.6421,21.7244,1.1345,89.0,8.5659
1180.0,325.0,18.0,14.98,13.05,15.21,15.68,17.89,20.75,25.8,33.33,6.78,2.1,1.278,1.5,0.5,0.444,1.88,2.389,0.0,0.0,180.0,98.33,7.06,9.64,24.29,1.13,1.67,2.61,0.0,1.11,1.11,0.0,2.8,8.07,2.46,3.95,92.78,31.74,6.59,45.56,32.78,5.28,0.62,1.08,98.76,3.907,3.8584,1.8698,11.49,30.12,99.44,3.1019,3.0846,1.9868,12.22,42.22,99.25,2.9702,2.9479,1.9868,14.29,42.86,100.0,5.4969,3.911,4.6325,2.8,11.18,100.0,4.7478,3.91,4.2075,3.33,11.11,100.0,4.6316,3.902,4.2,4.51,12.03,18.0556,2.8935,1.2566,10.6537,6.3485,11.1667,14.5546,57.7479,7.1667,83.0,25.5385
600.0,456.0,47.0,5.2,2.97,4.44,5.65,8.35,12.0,15.0,0.0,4.22,1.81,0.655,1.273,0.073,0.073,1.56,0.327,32.73,9.09,206.0,97.57,5.16,7.2,1.49,0.0,2.43,3.65,0.0,0.49,0.49,0.0,3.05,6.32,0.66,1.0,93.69,18.65,7.77,10.68,8.74,6.32,0.0,1.39,97.82,4.3681,4.273,2.3598,4.79,23.09,100.0,3.5425,3.5425,2.5441,3.4,34.47,100.0,3.1837,3.1837,2.5441,2.7,49.55,100.0,5.6441,3.974,4.42,2.83,10.46,100.0,4.8186,3.86,4.37,0.49,14.08,100.0,4.5598,3.85,4.105,0.0,18.02,9.7021,2.2723,0.9869,8.0652,3.15,4.0909,6.7613,22.2021,1.2128,36.0,7.8947
970.0,473.0,32.0,12.17,8.46,9.89,10.67,14.91,19.0,21.9,21.88,5.53,2.29,0.688,1.375,0.094,0.062,2.24,1.25,9.38,0.0,214.0,93.93,6.12,9.05,10.45,1.0,6.07,4.13,4.21,5.14,5.14,4.21,8.39,16.14,4.23,0.0,94.86,18.72,2.96,29.91,21.96,11.32,0.0,3.53,92.87,4.2711,3.9667,2.1432,9.85,26.0,95.33,3.5274,3.3625,2.2967,7.01,33.64,92.75,3.4154,3.1679,1.9711,10.87,38.41,99.58,5.5843,4.042,4.69,6.92,9.64,99.53,4.9634,4.11,4.4425,4.67,7.01,99.28,4.8296,4.092,4.39,7.25,8.7,14.7812,2.6934,1.1697,10.1449,5.1959,7.5,12.1617,39.7284,3.6875,76.0,16.0677
440.0,157.0,17.0,3.95,2.59,2.03,3.01,9.24,10.0,12.8,0.0,4.41,1.67,0.882,1.118,0.118,0.0,1.49,0.353,29.41,11.76,72.0,95.83,4.53,6.02,0.0,0.0,4.17,7.5,0.0,1.39,0.0,0.0,10.19,5.73,0.64,0.0,97.22,22.86,20.0,15.28,9.72,10.19,0.0,0.53,94.9,4.5254,4.2948,2.4232,5.1,17.2,100.0,4.0445,4.0445,3.1225,0.0,4.17,100.0,3.6769,3.6769,3.1225,0.0,6.45,100.0,5.7448,3.89,4.67,0.0,14.01,100.0,5.3003,4.34,4.815,0.0,4.17,100.0,5.0313,4.34,4.34,0.0,6.45,9.2353,2.223,0.9655,7.6146,3.5106,3.6364,5.0886,13.057,0.3529,11.0,7.0064
700.0,763.0,63.0,6.47,5.36,6.97,7.88,12.48,15.5,18.7,7.81,5.0,2.14,0.688,1.562,0.062,0.062,1.9,1.172,21.88,3.12,349.0,90.54,5.31,7.84,5.38,0.63,9.46,9.39,5.44,8.02,6.59,4.58,4.63,12.14,4.06,3.16,85.96,11.33,2.67,20.06,16.62,8.64,0.13,1.12,97.75,4.3544,4.2563,2.0814,9.51,18.77,97.71,3.6821,3.5977,2.0814,8.6,21.78,96.46,3.3549,3.2363,1.8162,11.62,29.29,99.62,5.6435,3.526,4.85,8.14,13.77,99.14,4.9252,3.5,4.51,6.59,15.47,98.99,4.6665,3.111,4.2925,9.6,21.21,12.1111,2.4941,1.0832,8.1899,4.1021,5.7778,8.1156,28.4938,1.9841,79.0,10.3539
920.0,400.0,33.0,10.55,8.05,8.05,9.8,12.34,14.25,17.9,6.25,5.19,1.86,0.781,1.531,0.125,0.188,1.72,0.562,0.0,0.0,192.0,96.88,6.92,10.36,22.58,3.76,3.12,4.59,1.04,2.6,2.6,1.04,5.32,7.09,1.5,2.15,86.46,24.7,4.82,35.42,27.6,7.34,1.77,1.1,95.19,4.2664,4.0612,1.7193,13.16,26.84,98.44,3.3889,3.336,1.8858,11.98,35.94,97.62,3.0507,2.9781,1.7439,15.87,46.03,99.75,5.5945,3.522,4.655,6.58,13.92,100.0,4.8543,3.51,4.38,3.12,17.19,100.0,4.6116,3.375,4.21,3.97,22.22,12.1212,2.495,1.0835,9.6458,4.7841,6.4444,11.2691,37.1212,3.0303,69.0,17.25
570.0,234.0,25.0,7.5,7.12,8.49,10.86,8.81,9.5,14.5,3.85,4.62,1.82,0.308,1.0,0.038,0.077,2.12,0.577,7.69,23.08,79.0,100.0,5.66,9.12,11.39,0.0,0.0,0.0,0.0,0.0,0.0,0.0,13.54,29.26,9.4,1.27,97.47,6.49,2.6,18.99,7.59,26.2,0.0,3.26,94.76,4.2548,4.0318,2.4808,8.73,21.4,100.0,3.7818,3.7818,2.7697,3.8,12.66,100.0,3.5331,3.5331,2.4604,5.77,17.31,100.0,5.5491,4.152,4.83,5.68,9.17,100.0,5.2295,4.324,5.025,0.0,8.86,100.0,5.0413,3.977,4.7975,0.0,11.54,9.36,2.2364,0.9713,9.0267,4.2169,3.8462,9.4905,32.8643,2.2,33.0,14.1026
720.0,475.0,35.0,6.69,4.91,6.29,6.81,11.88,17.25,20.4,12.5,4.8,2.09,1.125,1.425,0.075,0.15,1.6,0.475,30.0,17.5,206.0,98.54,5.61,8.33,9.85,0.49,1.46,2.13,0.0,0.97,0.49,0.0,3.16,4.84,0.63,2.46,92.72,15.18,4.71,22.82,17.96,5.47,0.0,0.35,100.0,4.5574,4.5574,2.7941,3.79,12.0,100.0,3.7476,3.7476,2.4738,5.83,18.45,100.0,3.5716,3.5716,2.7702,4.21,17.89,100.0,5.9109,4.32,4.92,2.11,6.32,100.0,5.015,3.925,4.55,3.4,10.68,100.0,4.9309,4.192,4.635,3.16,7.37,13.5714,2.608,1.1326,7.7668,3.9113,6.125,7.4475,29.1504,2.1143,53.0,11.1579
570.0,440.0,46.0,5.92,3.99,4.64,5.39,8.58,11.25,15.9,1.92,3.94,1.97,0.577,1.462,0.058,0.154,1.57,0.808,63.46,11.54,172.0,97.67,4.85,7.52,1.79,0.6,2.33,3.31,0.0,0.58,0.0,0.0,7.62,12.33,2.73,2.98,95.35,9.15,2.44,16.86,15.7,11.66,0.22,0.5,99.33,4.5734,4.5426,2.8583,4.26,11.21,100.0,3.9659,3.9659,2.7893,5.23,16.28,100.0,3.729,3.729,2.4793,5.0,18.75,99.78,5.7865,4.16,4.95,2.02,7.85,100.0,5.126,4.151,4.665,3.49,7.56,100.0,4.9373,4.116,4.57,2.5,10.0,9.5652,2.2581,0.9807,8.0225,3.4582,5.875,7.9677,21.1561,1.1087,39.0,8.8636
1170.0,751.0,40.0,11.72,10.49,12.22,11.76,18.73,21.75,26.0,37.5,6.55,2.16,0.85,1.575,0.125,0.95,1.83,2.35,5.0,2.5,392.0,95.66,6.16,9.09,10.4,1.6,4.34,5.63,2.04,1.53,1.02,0.51,4.01,8.41,2.13,5.6,88.52,25.94,11.82,29.08,20.15,6.81,0.0,0.94,97.6,4.0485,3.9512,1.8699,12.28,31.51,99.49,3.2711,3.2544,1.7746,13.78,42.35,99.64,3.117,3.1056,1.8081,14.55,48.0,99.33,5.5338,3.64,4.38,3.6,14.69,99.74,4.7981,3.631,4.08,3.32,17.86,100.0,4.6849,3.634,4.08,4.0,19.27,18.775,2.9325,1.2736,10.2025,5.9941,13.8,11.8399,45.4062,5.0,128.0,17.0439
920.0,392.0,30.0,8.08,6.15,6.9,7.92,12.97,15.75,20.0,13.33,5.33,1.9,0.633,1.333,0.033,0.533,1.91,1.1,13.33,3.33,195.0,90.77,6.03,8.53,7.91,0.0,9.23,4.31,7.69,8.21,8.21,7.69,3.34,5.4,1.02,0.56,87.18,17.06,5.88,23.08,16.92,4.37,0.0,1.55,99.49,4.1666,4.1452,2.0798,9.51,24.68,100.0,3.2474,3.2474,1.7282,12.31,30.26,100.0,3.0263,3.0263,1.0,17.04,34.07,100.0,5.6971,3.89,4.73,6.43,11.57,100.0,4.7848,3.398,4.42,7.69,15.38,100.0,4.6656,2.28,4.35,11.11,18.52,13.0667,2.5701,1.1162,8.9974,4.4804,6.7143,9.2996,32.7095,2.5667,52.0,13.2653
440.0,223.0,29.0,4.87,2.81,2.26,3.84,7.43,9.0,10.2,0.0,3.87,1.53,0.133,1.067,0.067,0.2,1.69,0.367,6.67,0.0,88.0,98.86,5.07,7.32,1.15,0.0,1.14,1.54,0.0,1.14,1.14,0.0,4.04,12.56,4.04,0.0,96.59,11.76,5.88,19.32,15.91,13.45,0.0,0.0,95.96,4.5854,4.4004,2.5119,4.48,18.39,100.0,4.024,4.024,2.8149,0.0,13.64,100.0,3.7491,3.7491,2.7495,0.0,18.52,99.55,5.7481,3.932,4.89,4.04,10.76,100.0,5.2626,4.269,4.75,0.0,4.55,100.0,5.0583,4.129,4.6425,0.0,5.56,7.6897,2.0399,0.8859,6.9918,2.9645,4.6,6.8039,19.3488,0.8966,18.0,8.0717
770.0,481.0,44.0,10.36,7.73,7.45,9.38,10.6,13.0,14.0,0.0,5.2,1.76,0.578,1.289,0.156,0.222,1.75,0.289,8.89,2.22,215.0,97.67,6.23,9.02,10.95,1.9,2.33,2.78,0.93,1.4,1.4,0.93,7.97,12.37,3.12,0.95,95.81,16.02,2.91,34.88,21.4,9.43,0.84,1.94,96.02,4.2816,4.111,2.1136,9.01,26.42,99.53,3.6019,3.5851,2.4242,6.51,28.84,99.24,3.404,3.3782,2.0104,9.85,31.06,99.37,5.6527,3.956,4.78,3.14,13.84,100.0,5.0755,3.98,4.72,1.86,10.7,100.0,4.9417,3.855,4.57,2.27,15.91,10.9318,2.3917,1.0387,9.6281,4.8656,7.625,10.7839,37.1272,2.8636,104.0,21.6216
640.0,653.0,57.0,6.05,4.47,5.66,6.36,10.58,16.75,20.0,12.9,4.55,1.95,1.065,1.629,0.145,0.065,1.62,0.355,56.45,9.68,301.0,95.35,5.15,7.36,1.74,0.0,4.65,6.53,0.66,2.33,1.0,0.0,5.64,4.88,0.61,0.35,92.36,13.67,6.47,14.62,11.96,6.4,0.0,0.12,99.7,4.4205,4.407,2.2317,5.03,15.7,99.67,3.7244,3.7121,2.143,9.63,20.93,100.0,3.4418,3.4418,1.8976,11.64,21.92,100.0,5.6851,3.735,4.72,1.83,12.2,99.67,4.9275,3.43,4.47,2.99,15.28,100.0,4.7012,3.375,4.32,2.74,16.44,11.4561,2.4385,1.059,8.0736,3.6001,11.2,7.5412,27.2295,1.807,76.0,11.6386
540.0,130.0,14.0,5.25,3.1,4.63,6.26,9.29,10.75,11.7,0.0,4.71,1.54,0.357,1.071,0.071,0.571,1.53,1.0,7.14,0.0,73.0,97.26,4.99,6.95,2.82,0.0,2.74,3.92,0.0,0.0,0.0,0.0,3.08,8.46,1.54,7.04,91.78,8.96,5.97,19.18,17.81,3.08,0.0,1.92,100.0,4.0593,4.0593,2.1638,8.46,26.15,100.0,3.4809,3.4809,2.3949,9.59,24.66,100.0,3.1218,3.1218,1.8633,13.73,35.29,100.0,5.5314,3.981,4.4775,3.85,16.15,100.0,4.8682,3.948,4.19,1.37,10.96,100.0,4.5351,3.25,4.14,1.96,15.69,9.2857,2.2285,0.9678,8.8341,3.2067,3.9091,6.869,16.978,0.7143,16.0,12.3077
720.0,1073.0,100.0,5.93,4.62,5.8,6.41,10.44,14.0,20.0,14.71,4.41,2.12,0.912,1.824,0.059,0.069,1.55,0.784,62.75,7.84,459.0,96.51,5.13,7.67,3.84,0.45,3.49,5.75,0.44,0.87,0.44,0.44,6.29,8.45,0.47,0.45,97.17,13.45,4.26,13.94,10.24,7.7,0.38,0.28,96.71,4.6349,4.4826,2.7774,5.63,12.77,99.13,4.0478,4.0125,2.6832,3.05,16.78,98.96,3.8476,3.8078,2.8167,2.59,15.03,99.91,5.7853,4.036,4.98,0.85,9.86,99.78,5.1948,4.18,4.725,1.74,6.97,100.0,5.0554,4.214,4.57,1.04,5.7,10.73,2.373,1.0306,8.4804,3.987,4.0909,7.4421,24.1503,1.44,105.0,9.7856
1040.0,489.0,31.0,11.79,9.75,10.54,11.23,16.23,19.0,21.3,23.33,6.77,2.05,1.4,1.733,0.4,0.067,1.8,1.867,30.0,3.33,242.0,98.76,6.14,9.44,13.81,1.26,1.24,2.0,0.0,0.83,0.83,0.0,4.11,11.09,2.45,3.35,90.91,19.55,2.73,30.17,23.14,9.45,1.03,0.35,97.13,4.1528,4.0334,1.9777,11.91,27.52,100.0,3.3882,3.3882,2.0614,8.68,34.3,100.0,3.0894,3.0894,1.9956,11.76,41.83,99.79,5.6565,3.716,4.7,3.9,12.32,100.0,4.9732,3.733,4.4275,0.83,12.81,100.0,4.7931,3.65,4.37,1.31,16.34,15.7742,2.7584,1.1979,9.9728,5.4022,8.2857,11.8956,40.1096,3.8387,90.0,18.4049
1080.0,572.0,31.0,10.95,8.85,11.34,10.78,18.35,25.0,27.0,38.71,6.87,2.31,1.29,1.903,0.323,0.258,1.81,2.355,22.58,0.0,264.0,99.62,6.13,9.78,15.21,3.04,0.38,0.67,0.0,0.38,0.38,0.0,4.04,15.11,4.02,6.08,88.26,14.16,2.58,20.83,13.64,10.37,0.18,2.51,98.95,4.1712,4.1272,2.2115,8.26,22.85,100.0,3.4027,3.4027,1.9132,11.36,29.92,100.0,3.0072,3.0072,1.6128,17.47,38.55,99.82,5.6736,3.964,4.74,2.11,10.19,100.0,4.9325,3.69,4.6425,3.41,14.39,100.0,4.6579,3.29,4.33,5.42,20.48,18.4516,2.9152,1.266,10.1831,5.4253,8.5,10.7384,40.3048,4.0323,96.0,16.7832
820.0,461.0,36.0,8.68,6.78,6.76,8.02,12.81,15.25,18.0,5.56,5.69,1.84,0.75,1.306,0.139,0.056,1.79,0.75,8.33,2.78,216.0,97.22,5.56,8.01,5.71,0.0,2.78,3.54,1.39,2.31,1.39,1.39,4.56,9.54,2.39,2.38,90.74,18.37,1.53,17.13,11.57,7.81,0.0,0.39,99.57,4.2985,4.2799,2.0792,9.98,20.82,99.54,3.5524,3.536,1.8195,10.65,26.85,100.0,3.2705,3.2705,1.6126,13.38,31.69,100.0,5.7904,3.64,4.9,2.82,11.28,99.54,5.014,3.45,4.57,3.24,13.89,100.0,4.832,3.257,4.3325,3.52,16.9,12.8056,2.5499,1.1074,7.9023,4.0624,6.75,9.5867,26.6884,1.7778,53.0,11.4967
1270.0,440.0,24.0,13.88,11.14,12.31,11.97,18.83,26.0,36.8,34.78,6.09,2.53,1.043,1.652,0.217,0.435,1.57,2.87,0.0,8.7,224.0,92.86,6.33,9.74,17.31,1.44,7.14,4.84,5.36,4.46,4.46,4.02,2.31,4.16,1.36,7.69,83.04,21.51,3.23,34.38,20.09,4.39,2.54,2.29,97.0,4.0407,3.9194,1.7993,14.09,32.56,95.54,3.0494,2.9132,1.6203,17.86,46.43,93.71,2.9279,2.7438,1.4135,22.64,50.31,100.0,5.5495,3.53,4.37,5.31,16.4,99.55,4.5623,3.265,4.09,8.48,23.21,99.37,4.4379,3.132,3.935,10.06,27.67,18.3333,2.9087,1.2632,10.7901,5.8867,11.0,13.5591,44.697,4.8333,90.0,20.4545
630.0,571.0,60.0,6.47,5.01,4.91,5.94,9.18,12.0,17.9,4.84,4.11,1.92,0.677,1.468,0.113,0.0,1.5,0.371,43.55,12.9,247.0,97.98,5.09,6.78,1.24,0.0,2.02,3.16,0.0,0.4,0.4,0.0,7.73,10.19,1.93,0.0,97.98,11.98,3.31,21.05,18.22,8.26,0.35,1.08,95.08,4.6092,4.3823,2.7039,7.03,14.06,100.0,4.0595,4.0595,2.7313,2.02,15.79,100.0,3.7294,3.7294,2.7308,2.88,23.08,99.82,5.7299,4.03,5.08,5.8,9.49,100.0,5.2721,4.03,4.735,0.4,8.91,100.0,5.0092,3.883,4.48,0.96,10.58,9.5167,2.253,0.9785,7.2333,3.3858,5.5556,8.3441,26.6795,1.6333,50.0,8.7566
740.0,1486.0,125.0,7.9,5.79,7.08,7.77,10.12,14.0,20.0,10.96,4.53,2.08,0.726,1.349,0.041,0.151,1.72,0.644,58.22,11.64,676.0,97.04,5.7,8.59,7.77,0.61,2.96,5.38,0.3,1.04,0.89,0.0,3.66,5.75,0.54,1.68,92.75,18.82,4.78,22.49,18.93,8.06,0.34,0.78,96.75,4.4765,4.331,2.3181,7.85,18.62,100.0,3.7412,3.7412,2.4698,5.47,23.37,100.0,3.3934,3.3934,2.4425,5.06,30.34,100.0,5.774,4.02,4.87,1.83,9.88,100.0,5.0511,3.97,4.5675,2.37,10.36,100.0,4.8217,3.92,4.4475,1.69,11.52,11.888,2.4755,1.0751,8.7102,4.2341,5.7778,8.9996,28.779,2.008,179.0,12.0458
880.0,541.0,43.0,11.02,8.47,8.66,10.34,12.79,16.0,18.9,7.14,5.31,1.91,0.452,1.357,0.095,0.429,1.81,1.143,4.76,0.0,249.0,96.39,5.77,8.57,7.08,0.42,3.61,6.06,0.8,0.8,0.0,0.0,7.08,10.99,1.48,1.25,97.59,17.28,3.7,40.16,23.29,8.94,0.0,0.0,100.0,4.3001,4.3001,2.1584,9.5,19.74,99.6,3.9013,3.8857,2.5512,5.62,17.67,100.0,3.7859,3.7859,2.588,6.0,20.0,100.0,5.8609,4.076,5.07,0.37,9.5,99.6,5.3486,4.47,5.09,1.2,5.22,100.0,5.2919,4.506,5.15,1.33,6.67,12.5814,2.5322,1.0997,8.7845,4.6954,7.875,11.7973,37.1655,3.093,74.0,13.6784
980.0,764.0,53.0,10.06,7.33,8.05,8.75,14.73,17.25,21.0,17.31,5.85,2.03,0.731,1.288,0.173,0.25,1.81,1.462,5.77,1.92,373.0,94.64,5.75,8.35,7.37,0.85,5.36,6.53,2.68,3.75,2.95,1.88,4.05,9.4,2.09,1.13,91.15,18.53,4.12,20.91,16.09,5.35,0.0,0.8,98.56,4.1786,4.1186,1.8976,10.57,24.41,99.2,3.4159,3.3884,2.3901,8.04,33.24,99.18,3.1733,3.1473,2.1957,9.02,39.75,100.0,5.618,3.75,4.5325,4.96,11.62,100.0,4.8442,3.94,4.28,3.22,11.26,100.0,4.6677,3.912,4.23,4.1,13.11,14.4151,2.6683,1.1588,8.5883,4.5938,7.2857,10.4903,33.6559,2.7736,107.0,14.0052
890.0,492.0,37.0,8.57,7.25,8.9,10.31,13.32,17.0,18.8,10.81,5.65,1.91,0.73,1.297,0.216,0.324,1.75,1.243,10.81,5.41,268.0,95.9,6.54,10.67,22.18,0.39,4.1,6.62,0.75,2.61,2.61,0.0,1.22,3.45,0.61,7.0,87.31,24.79,7.69,27.61,20.52,3.25,0.2,0.0,98.38,4.1109,4.0442,1.7243,12.78,28.8,98.51,3.244,3.1956,1.7076,17.16,42.54,97.93,2.9253,2.8647,1.5236,22.8,54.4,99.59,5.6605,3.802,4.69,4.26,12.98,99.63,4.8249,3.36,4.345,2.24,19.4,99.48,4.5975,3.31,4.05,3.11,24.87,13.2973,2.5876,1.1238,9.6557,5.0912,5.6667,9.6359,38.2973,3.3243,88.0,17.8862
960.0,528.0,38.0,8.66,7.57,8.65,9.78,13.76,16.75,20.0,13.16,5.45,1.99,0.895,1.316,0.237,0.158,1.73,0.789,0.0,0.0,285.0,96.49,6.3,9.06,10.55,0.36,3.51,4.86,1.75,0.0,0.0,0.0,2.87,6.5,0.57,4.36,89.82,26.56,12.5,36.14,21.4,3.44,0.0,1.0,99.04,4.1419,4.1023,2.2175,8.03,27.72,100.0,3.3843,3.3843,2.0546,8.42,40.35,100.0,2.991,2.991,1.6021,11.43,57.71,100.0,5.6824,4.08,4.655,2.87,8.8,100.0,4.9845,3.93,4.28,2.81,12.63,100.0,4.7001,3.77,4.08,4.0,16.57,13.8947,2.6315,1.1429,9.7086,5.3065,6.8571,9.2061,34.1599,2.8158,86.0,16.2879
990.0,467.0,32.0,10.12,7.76,9.19,10.19,15.13,16.5,25.0,12.9,5.87,2.24,0.903,1.419,0.129,0.258,2.0,1.516,9.68,3.23,246.0,91.06,6.03,8.75,9.38,0.89,8.94,6.9,6.5,6.5,6.5,5.69,1.92,10.45,3.0,5.36,77.24,18.42,3.68,39.02,28.86,4.9,0.21,2.15,97.87,4.0742,3.9873,1.6394,12.37,27.51,95.93,3.3794,3.242,1.7974,11.79,37.4,94.08,3.1877,2.9991,1.0331,15.38,46.15,99.57,5.5439,3.628,4.57,4.26,12.79,100.0,4.7749,3.76,4.29,7.32,14.63,100.0,4.558,2.788,4.07,10.65,18.93,14.5938,2.6806,1.1642,10.2774,5.0145,5.5556,10.6186,36.6494,3.2188,92.0,19.7002
1110.0,574.0,34.0,11.63,9.99,10.54,10.59,16.17,21.0,26.0,34.29,6.09,2.09,1.171,1.514,0.257,0.629,1.86,1.457,8.57,17.14,307.0,97.39,6.73,10.01,17.06,2.34,2.61,3.66,0.65,0.65,0.65,0.0,0.71,6.01,1.39,3.68,89.25,19.71,4.74,42.02,30.62,1.24,0.0,1.49,100.0,4.1146,4.1146,2.1255,7.95,29.33,100.0,3.2626,3.2626,2.0334,6.51,42.67,100.0,3.0896,3.0896,2.0334,7.73,52.06,100.0,5.6672,4.005,4.635,1.06,10.07,100.0,4.865,3.93,4.305,1.3,15.31,100.0,4.7308,3.878,4.25,2.06,18.56,16.8824,2.8263,1.2274,10.8284,5.8563,7.5714,12.0548,43.7116,4.5294,129.0,22.4739
1160.0,531.0,29.0,11.84,9.93,12.06,11.85,19.56,21.5,29.8,33.33,7.52,2.35,1.037,1.778,0.519,0.444,1.93,2.148,18.52,3.7,275.0,95.64,6.66,10.78,20.53,5.32,4.36,4.68,2.18,2.91,2.91,1.45,1.7,10.61,3.01,9.89,81.45,24.55,4.91,24.73,16.36,4.92,0.19,0.96,98.48,3.9579,3.898,1.7404,14.77,32.58,98.91,3.0189,2.986,1.4914,20.0,45.09,98.51,2.8592,2.8168,1.0,24.26,47.03,99.43,5.4644,3.397,4.41,7.58,18.56,100.0,4.561,3.27,3.865,8.36,29.09,100.0,4.4169,2.915,3.69,10.4,34.16,18.3103,2.9075,1.2627,10.8191,5.8663,10.5,11.6818,44.864,4.8621,115.0,21.6573
800.0,361.0,33.0,7.48,4.92,6.18,7.81,10.82,13.0,14.0,3.03,4.7,1.84,0.576,1.242,0.121,0.242,1.89,0.909,9.09,3.03,198.0,97.98,5.84,9.5,11.86,0.0,2.02,1.77,1.52,0.0,0.0,0.0,1.12,7.56,0.83,1.03,94.44,33.16,12.3,15.66,12.63,2.24,0.28,1.19,99.72,4.1235,4.112,2.1461,4.76,28.85,100.0,3.602,3.602,2.5718,4.04,35.86,100.0,3.2307,3.2307,2.2175,5.34,51.91,99.72,5.5927,3.85,4.45,0.28,17.93,100.0,5.0168,3.93,4.3,0.0,15.66,100.0,4.7284,3.86,4.03,0.0,22.14,10.9394,2.3924,1.039,9.2529,3.8108,4.5,8.666,27.5599,1.8182,43.0,11.9114
1080.0,560.0,32.0,12.79,9.97,11.4,11.36,17.5,20.25,24.9,31.25,7.06,2.2,1.188,1.719,0.312,0.25,1.88,1.719,43.75,0.0,283.0,96.82,6.34,9.7,16.79,1.46,3.18,3.3,1.77,2.47,2.47,1.77,4.11,13.39,2.86,6.2,91.87,22.31,3.46,31.1,21.2,8.21,0.18,1.05,97.32,4.189,4.0768,2.0345,9.82,25.71,98.94,3.5469,3.5093,1.8823,11.66,30.74,98.34,3.1359,3.0839,1.5185,17.13,40.88,98.75,5.6374,3.9,4.77,4.11,11.07,100.0,5.0887,3.902,4.67,2.83,12.37,100.0,4.805,3.53,4.33,4.42,17.68,17.5,2.8622,1.243,10.1438,5.6408,12.2,12.7627,42.8571,4.4375,114.0,20.3571
620.0,408.0,39.0,9.18,6.19,7.09,9.28,10.44,12.0,15.0,2.56,4.95,1.78,0.692,1.333,0.128,0.359,1.76,0.872,2.56,0.0,205.0,96.1,6.41,11.64,19.8,2.03,3.9,5.47,0.98,2.44,1.95,0.98,1.23,10.07,2.21,12.69,82.44,17.16,3.55,22.93,17.07,3.93,0.25,1.49,98.53,4.1394,4.0784,1.7573,12.04,23.1,99.02,3.3968,3.3637,1.6128,17.07,31.71,99.16,2.8995,2.8751,1.6128,27.73,47.06,99.75,5.5662,3.614,4.615,7.62,13.02,99.51,4.7851,2.9,4.18,12.2,20.0,100.0,4.4009,2.9,3.845,20.17,30.25,10.4615,2.3477,1.0196,8.7995,4.0214,4.6364,9.9746,29.5792,2.0,53.0,12.9902
630.0,337.0,30.0,6.87,5.28,6.48,8.1,11.23,12.75,14.1,3.33,4.93,1.88,0.633,1.333,0.2,0.133,1.93,1.0,13.33,10.0,173.0,100.0,5.18,7.71,5.2,0.0,0.0,0.0,0.0,0.0,0.0,0.0,2.97,9.2,3.26,4.05,94.8,9.15,1.83,17.92,15.03,6.82,0.3,0.26,99.11,4.3166,4.2782,2.4021,4.75,17.51,100.0,3.7566,3.7566,2.597,5.2,20.81,100.0,3.3203,3.3203,2.4249,7.21,30.63,99.7,5.7333,4.246,4.81,1.78,8.01,100.0,5.137,4.05,4.49,2.89,6.36,100.0,4.806,4.05,4.33,4.5,9.01,11.2333,2.4189,1.0505,8.27,4.0561,4.6,8.3441,29.3342,2.0333,38.0,11.276
1000.0,412.0,34.0,8.44,7.87,8.04,9.52,14.14,16.5,19.0,7.14,5.43,2.11,0.607,1.464,0.036,0.214,2.22,0.929,7.14,0.0,133.0,96.24,7.15,11.63,25.78,0.78,3.76,6.1,0.0,1.5,1.5,0.0,16.41,30.3,10.92,2.34,85.71,20.18,7.02,40.6,24.06,21.46,0.25,2.55,93.18,4.2479,3.9583,2.0585,9.85,26.77,100.0,3.4276,3.4276,2.1903,8.27,32.33,100.0,3.1735,3.1735,2.1903,7.14,48.57,100.0,5.7022,3.97,4.72,3.54,11.62,100.0,5.0881,3.95,4.62,0.0,13.53,100.0,4.9666,3.95,4.345,0.0,18.57,12.1176,2.4947,1.0834,9.4498,4.9481,5.2727,10.3286,30.0788,2.1765,49.0,11.8932
1250.0,223.0,13.0,13.5,11.05,11.56,11.79,17.08,19.0,24.6,23.08,6.08,2.15,1.077,1.538,0.154,0.462,2.01,1.769,0.0,0.0,104.0,95.19,6.5,10.06,19.19,1.01,4.81,4.0,2.88,3.85,3.85,2.88,9.01,15.77,2.69,4.04,90.38,17.02,8.51,33.65,24.04,9.46,0.0,1.19,95.5,3.9692,3.7904,1.6253,15.32,34.68,100.0,3.2473,3.2473,1.7581,13.46,39.42,100.0,3.0556,3.0556,1.7497,16.44,46.58,99.55,5.4637,3.443,4.415,6.76,13.96,100.0,4.8802,3.518,4.445,4.81,15.38,100.0,4.7697,3.39,4.33,5.48,19.18,17.1538,2.8422,1.2344,11.214,5.9187,13.8,12.8962,42.7144,4.3846,52.0,23.3184
700.0,359.0,35.0,5.66,4.19,4.94,6.76,10.53,13.0,17.0,2.94,4.97,1.86,0.235,1.118,0.088,0.118,1.8,0.706,8.82,8.82,184.0,100.0,5.83,10.65,14.67,0.0,0.0,0.0,0.0,0.0,0.0,0.0,0.0,2.23,0.28,0.0,98.91,32.42,8.79,23.91,10.33,0.0,0.0,1.46,100.0,4.4299,4.4299,2.4456,4.19,19.55,100.0,3.6512,3.6512,2.5765,7.07,38.59,100.0,3.2534,3.2534,2.1781,9.42,50.0,100.0,5.8723,4.03,5.1,0.0,8.38,100.0,5.0902,4.0,4.36,0.0,9.24,100.0,4.763,3.752,4.03,0.0,12.32,10.2571,2.328,1.011,7.6199,3.2914,4.1818,8.0529,23.3491,1.3429,22.0,6.1281
760.0,165.0,16.0,8.73,5.52,6.39,8.4,10.19,12.5,17.0,6.25,4.62,1.65,0.625,1.25,0.188,0.0,1.62,0.5,0.0,0.0,98.0,96.94,5.1,7.36,7.37,0.0,3.06,3.64,2.04,1.02,1.02,0.0,1.84,3.07,0.61,3.16,92.86,14.29,5.49,29.59,21.43,4.29,0.0,0.0,100.0,4.1363,4.1363,2.2855,6.13,20.86,100.0,3.5246,3.5246,2.1106,8.16,26.53,100.0,3.1408,3.1408,1.959,11.48,39.34,100.0,5.6093,3.86,4.77,0.0,12.88,100.0,4.9064,3.62,4.5125,2.04,19.39,100.0,4.5879,3.54,3.86,3.28,27.87,10.3125,2.3334,1.0134,10.3683,4.2215,6.625,9.5161,31.5246,2.1875,25.0,15.1515
960.0,331.0,24.0,7.81,7.04,8.29,9.41,14.17,19.0,20.0,17.39,5.65,1.94,1.0,1.478,0.217,0.348,1.64,0.739,8.7,0.0,168.0,95.83,5.9,8.05,6.83,0.0,4.17,7.61,0.0,1.79,1.79,0.0,4.91,8.9,1.51,2.48,88.1,18.24,7.43,26.19,17.26,7.06,0.0,1.07,99.39,4.2017,4.1759,2.2148,9.51,23.62,98.81,3.5225,3.4805,1.6021,13.1,37.5,98.11,3.2004,3.14,1.6021,20.75,51.89,99.69,5.7168,4.02,4.835,3.99,9.82,99.4,4.9933,3.25,4.3325,2.38,14.88,99.06,4.7257,3.25,4.08,3.77,21.7,13.7917,2.6241,1.1396,8.6139,4.4465,6.375,9.4088,33.127,2.6667,48.0,14.5015
1020.0,427.0,30.0,10.94,9.06,9.76,10.74,14.31,17.0,20.2,13.79,5.59,2.02,0.759,1.069,0.103,0.483,1.68,1.172,6.9,0.0,197.0,96.45,6.31,9.11,12.11,1.05,3.55,5.0,1.52,1.52,1.52,1.52,5.06,12.05,3.04,2.11,86.8,17.54,5.26,28.43,16.24,8.67,0.0,1.79,98.55,4.1426,4.0827,1.9169,10.36,24.58,98.48,3.4116,3.3596,1.6021,13.71,35.53,97.58,3.0835,3.0089,1.6021,20.16,48.39,98.8,5.6615,3.648,4.835,5.54,11.33,98.48,4.917,3.25,4.38,3.55,16.75,97.58,4.5958,3.25,4.05,4.84,25.0,14.2333,2.6556,1.1533,9.7414,5.0009,8.0,11.538,38.5893,3.4667,76.0,17.7986
900.0,384.0,30.0,7.83,6.33,7.62,8.91,12.67,15.75,19.1,10.0,5.43,1.95,0.867,1.567,0.333,0.333,1.54,1.067,33.33,0.0,179.0,95.53,6.02,8.32,7.6,0.58,4.47,5.38,2.23,3.35,2.79,2.23,3.68,11.58,2.86,2.34,87.15,14.1,7.05,26.26,20.11,6.32,0.0,1.13,95.79,4.3391,4.1564,1.9789,10.53,22.63,96.65,3.5912,3.4708,1.6021,12.85,36.31,95.54,3.1085,2.9697,1.6021,19.64,53.57,98.95,5.6683,3.961,4.84,6.05,10.53,97.21,4.9779,3.25,4.56,5.59,13.97,96.43,4.5734,3.25,4.08,8.04,20.54,12.8,2.5494,1.1072,9.0413,4.4803,7.7143,8.8418,30.5083,2.2667,55.0,14.3229
970.0,338.0,23.0,7.3,7.07,8.79,9.64,14.57,18.5,19.8,13.04,6.39,1.83,1.13,1.609,0.391,0.522,1.49,1.478,0.0,0.0,159.0,96.23,6.06,8.65,6.54,1.96,3.77,6.82,0.0,2.52,2.52,0.0,5.07,14.63,3.85,7.19,84.28,19.4,9.7,22.01,14.47,8.96,0.0,2.37,99.1,4.1481,4.1109,2.0008,10.15,27.16,99.37,3.4043,3.3829,1.5999,14.47,40.88,98.95,2.9393,2.9083,1.5336,21.05,60.0,100.0,5.6853,3.778,4.65,3.88,11.34,100.0,4.9287,3.41,4.08,1.89,18.87,100.0,4.5509,3.25,3.92,3.16,26.32,14.6957,2.6876,1.1672,9.364,5.0993,7.0,7.8939,34.2223,2.8696,52.0,15.3846
980.0,694.0,49.0,11.66,9.73,9.85,11.15,14.29,17.0,20.3,12.5,5.62,1.99,0.542,1.25,0.104,0.542,2.11,0.875,16.67,4.17,294.0,95.58,6.39,9.65,14.59,1.42,4.42,5.49,2.04,2.72,2.38,2.04,8.75,18.8,4.61,0.71,82.65,24.69,8.64,35.03,27.55,14.58,0.0,1.15,99.27,3.9346,3.9059,1.6021,13.85,31.2,98.98,3.1707,3.1383,1.6021,18.03,43.54,98.56,2.9631,2.9204,1.6021,20.19,50.48,99.56,5.5035,3.5,4.4175,4.08,16.18,98.98,4.715,3.25,4.1925,3.06,18.71,98.56,4.532,3.25,4.1075,3.37,22.12,14.1633,2.6507,1.1512,9.8678,5.1533,12.8333,12.3623,41.2526,3.8367,122.0,17.5793
850.0,363.0,31.0,6.45,5.98,7.62,9.43,11.71,15.0,16.0,0.0,4.97,1.8,0.774,1.419,0.29,0.323,1.91,0.871,9.68,0.0,193.0,98.45,6.25,10.0,11.58,1.05,1.55,3.3,0.0,0.52,0.0,0.0,4.41,12.12,3.86,6.84,83.42,14.91,3.73,29.53,22.8,6.61,0.0,0.97,93.39,4.2731,3.9906,1.5911,14.05,27.27,99.48,3.4703,3.4524,1.6021,16.58,35.75,100.0,2.8744,2.8744,0.301,26.09,53.91,99.45,5.5433,3.25,4.835,7.71,15.98,99.48,4.9678,3.25,4.56,7.25,19.17,100.0,4.5535,2.1,3.525,11.3,27.83,11.7097,2.4604,1.0685,9.0456,4.4565,5.5556,8.5584,32.6463,2.4516,48.0,13.2231
590.0,389.0,34.0,6.22,4.83,6.16,7.66,11.44,15.0,16.7,2.94,5.44,1.77,0.441,1.206,0.118,0.353,1.58,0.882,2.94,2.94,195.0,97.95,5.42,7.39,4.71,0.52,2.05,4.12,0.0,1.54,1.03,0.0,3.08,8.74,1.29,1.57,79.49,16.77,5.16,8.21,6.15,4.11,0.0,1.55,99.49,4.1873,4.1658,1.6435,11.57,22.37,100.0,3.4188,3.4188,1.6021,20.0,36.92,100.0,3.1028,3.1028,1.6021,21.95,45.53,99.74,5.5991,3.446,4.61,7.97,15.42,100.0,4.7988,3.25,3.78,4.62,27.69,100.0,4.5493,3.25,3.64,7.32,31.71,11.4412,2.4372,1.0585,8.4661,3.8892,5.375,7.5106,26.8653,1.7647,38.0,9.7686
970.0,486.0,32.0,11.01,7.79,9.11,9.6,15.45,17.5,20.0,16.13,6.13,1.98,1.097,1.484,0.29,0.323,1.63,1.032,25.81,0.0,226.0,97.35,6.64,9.58,18.18,1.82,2.65,3.17,1.33,2.65,2.65,1.33,3.13,10.65,2.88,3.18,78.76,20.22,4.49,31.86,19.03,7.72,0.0,1.43,98.54,4.2006,4.1392,1.6021,13.57,25.68,98.23,3.3094,3.2508,1.6021,21.24,39.82,97.35,2.9985,2.919,1.6021,29.8,49.67,99.16,5.7046,3.48,4.68,4.59,13.57,98.23,4.8052,3.25,4.21,3.1,21.24,97.35,4.5305,3.25,3.59,3.97,29.14,15.1875,2.7205,1.1815,9.4582,4.9092,8.6667,11.4568,36.3809,3.2188,91.0,18.7243
890.0,334.0,26.0,6.93,6.24,7.2,8.33,12.69,14.0,20.0,11.54,5.73,1.91,0.731,1.462,0.231,0.923,1.51,1.5,11.54,0.0,161.0,98.76,5.97,8.41,5.66,3.14,1.24,2.35,0.0,0.62,0.62,0.0,6.06,12.42,3.59,8.18,85.71,13.04,5.8,19.88,15.53,9.39,0.0,1.04,96.36,4.2605,4.1055,1.7181,11.52,24.24,99.38,3.5013,3.4795,1.6021,15.53,31.68,99.0,3.1321,3.1007,1.4785,23.0,44.0,99.7,5.6893,3.545,4.7625,5.45,13.03,100.0,4.9848,3.25,4.35,3.73,18.63,100.0,4.6868,3.1,3.91,6.0,26.0,12.8462,2.553,1.1088,9.2376,4.6072,6.0,8.1395,28.1156,1.9615,41.0,12.2754
1200.0,822.0,42.0,12.99,10.82,11.86,10.78,19.74,24.5,29.9,40.48,6.48,2.38,1.071,1.571,0.167,1.333,2.03,1.619,11.9,0.0,392.0,93.62,6.56,9.75,15.8,2.18,6.38,8.53,2.81,2.3,2.04,1.28,5.91,12.67,2.43,6.54,88.27,32.66,15.32,24.49,16.58,9.17,0.24,1.36,97.83,3.9447,3.859,1.5185,17.25,35.83,98.47,3.135,3.087,1.8286,13.52,51.28,97.72,2.9143,2.8478,1.415,18.25,60.84,99.88,5.4609,3.43,4.23,5.43,18.82,100.0,4.6599,3.53,4.06,4.08,20.92,100.0,4.4872,3.328,4.03,5.7,22.05,19.5714,2.9741,1.2916,10.5813,6.1304,10.1429,12.6231,41.2259,4.2381,167.0,20.3163
1040.0,470.0,31.0,10.66,8.1,9.2,9.99,15.16,18.5,20.0,19.35,6.03,1.91,1.097,1.581,0.323,0.194,1.6,1.548,9.68,0.0,258.0,91.86,6.52,9.95,16.46,3.38,8.14,4.55,6.59,6.2,6.2,5.04,1.28,2.77,0.64,3.38,87.21,15.11,5.33,32.95,26.36,2.13,0.0,0.38,95.32,4.3661,4.1617,2.189,9.15,24.47,94.96,3.5967,3.4155,1.6021,11.24,31.4,91.33,3.175,2.8998,0.301,18.67,45.33,97.23,5.6673,4.08,4.92,5.53,8.94,94.96,4.9167,3.25,4.7225,8.53,14.34,91.33,4.4643,2.1,4.08,14.0,23.33,15.1613,2.7187,1.1807,9.3943,5.2457,8.0,10.8755,35.7996,3.129,77.0,16.383
970.0,553.0,38.0,9.94,7.9,9.47,10.32,14.05,18.0,20.0,12.82,6.23,1.93,1.051,1.231,0.179,0.462,1.68,1.103,30.77,2.56,269.0,97.77,6.6,9.49,16.35,3.8,2.23,3.92,0.0,1.12,1.12,0.0,4.01,12.23,3.07,4.56,85.13,18.34,5.24,35.32,20.82,8.39,0.36,0.93,97.81,4.1911,4.0993,1.9703,10.95,25.0,99.26,3.52,3.4938,1.6021,14.87,33.46,98.84,3.3146,3.276,1.6021,21.51,40.7,99.27,5.6768,3.735,4.9,5.11,11.68,99.63,5.0362,3.25,4.56,4.09,14.87,99.42,4.843,3.25,4.2425,5.23,20.35,14.5526,2.6778,1.1629,9.6692,5.0059,10.1667,10.6579,36.9758,3.2632,103.0,18.6257
990.0,613.0,40.0,9.33,7.85,8.71,9.22,14.9,20.0,23.0,26.83,5.8,2.03,0.756,1.317,0.146,0.39,1.99,1.122,17.07,4.88,293.0,95.22,5.8,8.41,6.09,0.0,4.78,6.67,2.39,2.05,1.71,1.37,3.6,9.33,3.26,2.51,87.03,12.55,3.92,23.89,18.09,7.04,0.0,1.16,98.2,4.247,4.1705,1.9912,10.31,24.39,99.32,3.4292,3.4058,1.6021,15.36,34.13,99.5,3.1308,3.1153,1.6021,19.31,41.09,98.69,5.6506,3.58,4.74,3.76,13.26,99.32,4.8909,3.25,4.4,3.75,18.09,99.5,4.6575,3.25,4.0325,4.95,21.29,15.325,2.7295,1.1854,8.8786,4.7816,7.75,10.7936,34.9009,3.0,73.0,11.9086
980.0,337.0,22.0,8.26,7.58,8.41,8.82,15.23,18.0,20.0,18.18,6.41,1.87,0.591,1.318,0.136,0.727,1.94,1.318,31.82,0.0,166.0,96.99,5.94,8.65,6.21,2.48,3.01,4.95,0.0,1.81,1.81,0.0,1.49,5.67,2.08,7.45,86.14,11.89,6.29,25.9,16.87,2.69,0.0,1.84,99.1,4.3642,4.3251,2.1892,7.76,19.7,98.8,3.4451,3.4036,1.7108,10.84,29.52,98.36,3.2294,3.1764,0.9021,14.75,36.89,99.4,5.8156,3.876,4.83,3.28,11.04,98.8,4.812,3.36,4.2925,3.61,16.87,98.36,4.6339,3.115,4.08,4.92,19.67,15.3182,2.729,1.1852,9.2223,4.9128,7.8571,9.9104,36.9799,3.3182,47.0,13.9466
1060.0,506.0,35.0,9.34,7.42,8.48,9.14,15.22,18.0,20.9,15.62,6.59,2.03,0.875,1.406,0.25,0.562,1.87,1.031,6.25,3.12,199.0,98.49,6.33,8.88,10.2,1.02,1.51,2.73,0.0,1.01,0.5,0.0,6.98,19.3,5.34,2.55,84.92,17.75,9.47,19.6,12.56,12.94,1.23,4.49,97.33,4.2472,4.1338,1.8762,11.09,25.46,99.5,3.41,3.3928,1.6021,14.07,33.67,99.21,3.0299,3.0059,1.6021,20.63,45.24,99.38,5.6948,3.856,4.675,5.13,10.88,99.5,4.8651,3.25,4.41,2.51,16.08,99.21,4.5813,3.25,4.0825,3.97,23.81,14.4571,2.6712,1.1601,9.877,4.815,8.0,10.4831,36.5915,3.2,94.0,18.5771
790.0,357.0,32.0,7.15,5.55,6.35,7.93,11.22,14.0,15.9,0.0,4.94,1.75,0.406,1.125,0.062,0.812,1.66,0.562,15.62,3.12,179.0,97.21,5.63,7.23,2.87,1.15,2.79,3.57,2.23,1.68,1.68,1.12,3.34,8.08,2.24,4.02,79.89,15.38,1.4,18.44,16.2,4.46,0.0,1.67,98.89,4.2477,4.2003,1.8193,13.37,21.45,98.88,3.5097,3.4705,1.6021,18.44,29.05,98.29,3.1713,3.1171,1.6021,27.35,39.32,99.44,5.64,3.18,4.76,6.96,15.32,98.88,4.8413,3.25,4.08,3.91,21.79,98.29,4.5163,3.25,3.25,5.98,29.91,11.1562,2.412,1.0475,8.834,3.9056,5.4444,8.8418,30.484,2.1562,40.0,11.2045
630.0,360.0,26.0,7.21,5.71,6.45,7.0,13.54,15.75,18.0,7.69,5.96,1.88,0.654,1.308,0.192,0.692,1.66,1.038,30.77,0.0,175.0,92.0,5.86,8.29,6.21,3.11,8.0,8.16,5.71,4.0,4.0,2.29,2.27,6.82,1.67,4.97,82.29,13.19,6.25,16.57,10.86,3.41,0.0,2.44,96.88,4.3449,4.2091,1.8633,11.65,23.58,97.14,3.5373,3.4362,1.6021,16.57,35.43,95.5,3.1466,3.0048,0.7782,25.23,49.55,99.15,5.6846,3.57,4.8725,6.53,13.35,98.29,4.8402,3.156,4.08,9.14,21.71,97.3,4.449,2.43,3.445,14.41,29.73,13.8462,2.628,1.1413,8.8848,4.2963,6.7143,7.8824,26.0684,1.6923,41.0,11.3889
900.0,377.0,31.0,6.99,5.33,7.14,8.5,12.4,14.0,17.0,3.33,5.4,1.84,0.633,1.367,0.2,0.333,1.76,1.4,20.0,0.0,180.0,98.33,6.05,7.98,5.65,0.0,1.67,3.57,0.0,1.11,0.56,0.0,4.03,13.98,3.71,1.13,83.89,13.91,2.65,26.67,21.11,9.41,0.0,1.37,97.31,4.1301,4.0191,1.6021,14.78,28.76,99.44,3.4339,3.4148,1.6021,17.22,26.67,100.0,3.0967,3.0967,1.6021,22.58,33.87,100.0,5.5848,3.25,4.67,8.06,15.59,99.44,4.9617,3.25,4.5925,2.78,18.33,100.0,4.7352,3.25,4.125,3.23,23.39,12.1613,2.4983,1.085,9.2238,4.1962,5.875,8.0498,27.0154,1.8065,55.0,14.5889
970.0,356.0,22.0,8.72,7.29,7.95,7.92,16.0,18.0,21.7,13.64,5.95,2.13,1.545,1.636,0.227,0.455,1.67,0.864,0.0,0.0,170.0,94.71,5.62,7.39,1.86,0.0,5.29,6.38,3.53,2.94,1.76,1.18,2.27,11.65,2.81,1.86,87.65,13.42,6.71,22.35,17.06,3.98,0.0,1.26,98.3,4.4815,4.4051,2.5364,5.97,15.34,97.65,3.7932,3.7039,1.6021,12.35,25.29,97.83,3.2003,3.1307,1.6021,20.65,39.13,100.0,5.8672,4.17,5.24,5.11,7.95,98.82,5.1082,3.25,4.56,4.71,16.47,100.0,4.6736,3.25,4.055,6.52,25.0,16.1818,2.7839,1.209,7.8544,4.256,7.7143,10.3347,29.665,2.1818,31.0,8.7079
790.0,258.0,22.0,7.17,5.27,6.19,7.62,11.59,13.75,16.8,9.09,5.45,1.7,0.455,1.273,0.091,0.727,1.59,0.636,9.09,0.0,113.0,97.35,5.77,8.06,3.64,0.0,2.65,4.23,0.0,1.77,1.77,0.0,4.71,12.16,1.55,2.73,78.76,11.24,6.74,17.7,13.27,5.49,0.0,1.69,99.22,4.354,4.3198,1.8875,11.37,21.96,99.12,3.5218,3.4906,1.6021,19.47,35.4,98.7,3.0897,3.0495,1.6021,27.27,48.05,99.61,5.8038,3.412,4.98,6.27,12.94,99.12,4.9252,3.25,4.11,4.42,22.12,98.7,4.5903,3.25,3.25,6.49,29.87,11.7273,2.4619,1.0692,8.5023,4.0259,4.4,8.4381,27.2311,1.8182,40.0,15.5039
750.0,421.0,29.0,7.23,6.58,7.61,8.17,14.86,18.0,20.9,17.86,5.93,2.09,0.714,1.464,0.25,1.0,1.71,1.75,25.0,0.0,217.0,98.16,5.83,8.65,6.1,1.41,1.84,3.45,0.0,0.46,0.46,0.0,2.88,6.73,2.85,8.92,79.26,12.21,5.23,16.59,12.44,5.05,0.0,0.42,99.04,4.1678,4.1278,1.7558,12.74,24.76,100.0,3.3989,3.3989,1.6021,17.97,35.48,100.0,3.1826,3.1826,0.8685,21.64,45.52,99.76,5.6336,3.265,4.6825,5.53,14.66,100.0,4.8497,3.19,4.05,4.61,23.96,100.0,4.6723,3.1,3.67,5.22,29.85,14.5172,2.6753,1.1619,8.7823,4.5406,7.7143,8.8418,31.3818,2.4483,37.0,8.7886
1010.0,575.0,40.0,8.95,7.46,9.13,9.99,15.24,19.0,21.0,21.62,6.22,2.09,1.081,1.324,0.297,0.378,1.57,1.378,10.81,5.41,269.0,98.51,6.11,8.6,8.3,0.0,1.49,3.03,0.0,1.12,0.74,0.0,4.08,14.36,3.65,0.38,86.25,18.1,7.76,23.79,15.61,9.93,0.35,1.22,98.23,4.1684,4.0945,1.8573,12.06,23.58,99.26,3.5018,3.4758,1.6021,14.5,31.97,99.42,3.197,3.1785,1.6021,20.93,41.86,99.65,5.6711,3.793,4.81,5.85,10.82,100.0,4.9989,3.25,4.46,0.74,15.61,100.0,4.7531,3.25,4.2075,0.58,22.09,14.375,2.6655,1.1576,9.2375,4.7654,8.3333,9.8279,35.9402,3.1,87.0,15.1304
990.0,603.0,40.0,10.94,8.78,9.29,9.9,14.71,16.0,21.0,14.63,6.15,2.02,1.122,1.488,0.195,0.488,1.85,1.293,26.83,4.88,263.0,98.1,5.91,8.28,8.53,0.39,1.9,2.74,0.76,1.14,1.14,0.76,6.3,15.42,4.31,3.1,84.41,15.77,4.05,26.24,22.05,10.78,0.5,1.14,97.35,4.2503,4.1375,1.6281,11.44,25.54,99.62,3.5321,3.5186,1.6021,15.21,30.8,99.4,3.1498,3.131,1.6021,20.83,41.07,99.83,5.6681,3.556,4.82,4.81,12.94,99.62,4.9971,3.282,4.475,1.52,17.49,99.4,4.7345,3.25,4.08,2.38,23.81,15.075,2.713,1.1783,9.569,4.8757,7.5,11.6505,35.8047,3.125,95.0,15.7546
770.0,1373.0,105.0,6.42,4.79,6.62,6.52,11.59,16.0,22.3,16.1,4.63,2.22,1.017,1.669,0.076,0.119,1.7,0.805,67.8,12.71,626.0,96.01,5.29,7.72,5.16,0.67,3.99,5.99,0.8,1.44,0.8,0.0,4.39,8.19,1.75,1.66,93.61,14.33,3.75,12.78,9.27,6.29,0.15,1.53,97.66,4.5343,4.4282,2.5683,6.51,15.79,99.68,3.8397,3.8274,2.419,5.59,21.88,99.33,3.5207,3.4973,2.3854,7.0,28.33,99.93,5.7928,4.127,4.85,1.68,8.33,100.0,5.0612,3.765,4.5325,2.56,12.62,100.0,4.8198,3.747,4.43,2.33,15.33,13.0762,2.5708,1.1165,8.0227,3.9355,5.1111,7.3382,26.4047,1.7429,133.0,9.6868
820.0,868.0,61.0,7.3,5.58,7.15,7.3,13.64,17.25,25.1,20.31,5.34,2.24,1.078,1.844,0.078,0.031,1.58,1.125,50.0,4.69,382.0,98.17,5.09,7.49,2.93,0.0,1.83,2.93,0.52,0.26,0.26,0.0,4.7,4.7,0.46,0.27,93.72,9.78,1.96,19.63,14.92,5.27,0.0,1.04,95.07,4.5959,4.3695,2.3232,7.79,15.58,99.74,3.8963,3.8861,2.3973,5.5,19.37,99.5,3.5878,3.57,2.2405,7.46,26.37,100.0,5.7489,3.84,5.0,2.98,11.0,100.0,5.1305,3.912,4.59,0.52,11.78,100.0,4.8974,3.58,4.34,0.0,15.92,14.2295,2.6553,1.1532,8.2898,4.0244,5.75,8.3012,31.165,2.4098,86.0,9.9078
920.0,611.0,47.0,10.96,8.7,8.91,10.42,12.94,16.0,18.4,6.38,5.64,1.84,0.809,1.383,0.213,0.596,1.84,1.085,19.15,4.26,287.0,97.56,6.88,10.05,22.5,2.5,2.44,2.66,1.39,0.7,0.7,0.7,7.4,11.84,2.62,2.5,94.43,21.03,4.8,43.55,26.83,9.54,0.33,0.86,98.68,4.0645,4.011,1.7167,13.32,29.77,100.0,3.3675,3.3675,2.2788,6.62,34.49,100.0,3.1324,3.1324,2.2122,8.79,41.76,99.67,5.6553,3.904,4.675,2.47,10.86,100.0,5.0523,4.136,4.645,0.7,5.57,100.0,4.9273,4.091,4.4925,0.55,7.69,13.0,2.5649,1.1139,10.251,5.1915,13.2,11.3782,35.2586,2.8936,124.0,20.2946
1080.0,861.0,53.0,13.28,10.67,11.11,11.72,16.69,20.0,23.9,32.69,6.42,2.23,1.096,1.75,0.212,0.731,1.87,1.0,13.46,5.77,460.0,95.22,6.87,10.47,21.92,3.88,4.78,5.31,3.26,3.91,2.83,2.39,0.35,4.03,0.35,7.31,81.96,29.97,5.31,36.96,26.74,2.07,0.0,1.43,99.19,4.0419,4.0093,1.7634,12.9,28.57,98.7,3.1301,3.0893,1.6258,18.04,43.04,98.12,2.9517,2.8963,1.3802,22.5,47.81,99.88,5.5631,3.687,4.47,2.76,14.52,100.0,4.7135,3.3,4.21,3.7,20.65,100.0,4.5781,3.25,4.195,5.0,23.75,16.2453,2.7878,1.2107,9.9073,5.7266,10.1429,12.9614,41.5647,4.1132,139.0,16.144
480.0,214.0,28.0,3.24,1.89,1.32,2.06,7.38,9.0,12.0,0.0,3.93,1.55,0.586,1.345,0.034,0.0,1.3,0.483,37.93,0.0,97.0,100.0,4.68,6.42,0.0,0.0,0.0,0.0,0.0,0.0,0.0,0.0,6.07,12.15,1.4,0.0,97.94,7.37,2.11,17.53,17.53,10.75,0.0,0.0,100.0,4.6177,4.6177,3.0128,1.4,9.35,100.0,4.1842,4.1842,2.8089,2.06,16.49,100.0,3.7051,3.7051,2.4384,5.41,24.32,100.0,5.7885,4.016,4.99,0.0,10.28,100.0,5.3146,4.16,4.69,2.06,6.19,100.0,4.8938,3.758,4.29,5.41,13.51,7.6429,2.0338,0.8833,7.5573,2.7606,2.4,5.9855,13.7176,0.4643,10.0,4.6729
1030.0,517.0,30.0,9.91,7.82,9.39,9.13,17.17,22.25,25.2,33.33,6.0,2.19,0.933,1.567,0.167,0.067,1.94,1.733,16.67,0.0,217.0,95.39,5.68,8.63,7.73,0.48,4.61,5.59,1.84,1.84,1.84,0.0,2.14,15.15,4.45,2.42,94.01,21.57,8.33,24.88,17.97,6.99,0.39,1.49,99.22,4.3465,4.3127,2.3342,6.8,17.67,99.54,3.6049,3.5883,2.2765,5.99,26.73,99.24,3.2569,3.2322,2.1258,8.33,34.85,99.81,5.7992,4.042,4.84,1.55,8.93,100.0,5.0063,3.788,4.5,1.84,13.82,100.0,4.7779,3.72,4.33,2.27,18.18,17.2333,2.8468,1.2364,8.4311,4.6662,8.5,10.2795,33.2875,2.7667,69.0,13.3462
880.0,729.0,50.0,7.86,6.36,8.23,7.61,13.54,17.75,28.4,18.52,5.33,2.47,1.074,1.87,0.13,0.13,1.63,1.241,77.78,12.96,310.0,94.19,5.17,7.73,2.05,0.0,5.81,7.95,2.26,3.23,2.26,1.29,9.03,12.45,2.74,0.34,92.26,15.03,6.64,19.68,15.81,9.71,1.23,0.5,92.34,4.5117,4.1661,2.0414,9.99,21.75,98.71,3.786,3.7372,2.3464,5.81,21.94,97.45,3.4502,3.3623,2.1271,7.64,29.3,98.22,5.5541,3.6,4.585,6.43,14.91,100.0,5.0165,3.83,4.43,3.23,14.52,100.0,4.7355,3.74,4.07,3.82,19.11,14.58,2.6797,1.1638,8.7999,4.452,7.8333,8.7844,32.687,2.64,80.0,10.9739
1160.0,778.0,42.0,13.32,10.74,11.18,10.6,18.33,22.75,31.0,47.62,6.74,2.32,1.024,1.571,0.143,0.619,2.0,1.119,11.9,4.76,330.0,97.58,6.73,10.56,18.63,1.55,2.42,3.3,0.61,1.21,0.61,0.0,5.58,13.51,3.47,4.35,86.67,29.72,8.39,32.73,21.82,11.69,0.65,1.7,99.09,4.1356,4.098,1.8859,10.65,27.92,99.39,3.2234,3.2039,1.6021,14.24,41.82,100.0,3.0062,3.0062,1.6021,15.64,47.39,100.0,5.6891,3.745,4.7,1.56,12.47,100.0,4.8081,3.446,4.185,3.33,16.97,100.0,4.7271,3.36,4.14,1.9,17.06,18.5238,2.9191,1.2677,9.6901,5.6617,11.3333,12.945,40.5032,4.0714,143.0,18.3805
400.0,151.0,21.0,7.38,3.47,3.38,5.2,6.91,8.0,10.0,0.0,3.77,1.52,0.045,0.909,0.0,0.455,1.86,0.273,9.09,9.09,73.0,100.0,5.02,6.55,1.37,0.0,0.0,0.0,0.0,0.0,0.0,0.0,1.32,7.24,1.32,19.18,71.23,5.77,0.0,8.22,6.85,3.95,0.0,2.25,100.0,4.2124,4.2124,1.2304,15.79,24.34,100.0,3.2302,3.2302,1.0792,31.51,35.62,100.0,2.6059,2.6059,1.0792,46.94,48.98,100.0,5.6722,3.24,4.8325,7.89,17.76,100.0,4.7507,3.24,3.25,1.37,32.88,100.0,4.2922,3.24,3.24,2.04,46.94,7.1905,1.9728,0.8568,7.6531,2.9919,3.5714,8.2691,23.0845,1.1429,10.0,6.6225
890.0,630.0,56.0,9.96,8.61,9.34,11.62,11.62,14.0,16.0,1.89,5.06,1.79,0.358,1.075,0.019,0.34,1.81,0.868,3.77,3.77,284.0,95.77,7.15,10.56,24.63,1.84,4.23,5.71,2.46,1.41,0.7,0.0,7.47,12.99,1.9,1.47,94.72,29.0,14.87,36.62,22.54,9.25,0.0,1.26,95.62,4.1911,4.0074,1.8388,13.47,26.46,98.94,3.445,3.4086,1.9956,16.55,28.87,98.99,3.3197,3.2861,1.9638,20.71,32.32,99.51,5.7505,4.015,4.7175,1.46,9.9,99.65,5.0956,3.98,4.5175,1.76,11.62,99.49,5.0756,3.98,4.4875,1.01,13.13,11.25,2.4204,1.0512,9.7586,4.9506,6.1111,11.0257,42.3611,3.5,115.0,18.254
960.0,469.0,32.0,9.87,8.29,8.57,9.12,14.53,17.25,22.7,15.62,5.72,2.18,0.875,1.656,0.25,0.25,1.94,1.094,21.88,0.0,203.0,98.03,6.48,9.83,14.07,1.01,1.97,2.86,0.0,0.49,0.49,0.0,6.24,16.34,5.54,1.01,97.04,19.8,3.55,33.99,18.23,9.46,0.65,2.35,97.85,4.3722,4.2781,2.5391,4.95,17.42,99.51,3.7804,3.7617,2.574,4.43,19.21,99.24,3.7021,3.6738,2.6075,3.82,19.85,100.0,5.8211,4.384,4.95,0.43,5.38,100.0,5.2578,4.33,4.88,0.49,4.43,100.0,5.2292,4.41,4.79,0.76,3.82,14.6562,2.6849,1.166,9.3799,4.9226,6.3333,11.0809,37.4707,3.3438,83.0,17.6972
540.0,642.0,78.0,5.1,4.18,5.33,6.5,7.55,10.0,14.7,3.57,3.8,1.79,0.512,1.262,0.012,0.0,1.47,0.345,46.43,13.1,292.0,94.86,4.84,6.78,1.44,0.0,5.14,4.02,4.11,3.77,2.74,2.05,7.41,5.99,0.47,0.72,92.12,14.13,3.72,10.62,8.22,8.04,0.0,0.47,93.38,4.4977,4.1998,2.0124,9.94,19.87,96.23,3.8737,3.7278,2.3697,7.53,22.26,93.98,3.5423,3.3293,1.8976,12.78,28.57,94.16,5.4244,3.463,4.72,7.41,16.09,96.92,4.9044,3.76,4.515,4.11,14.73,94.74,4.5695,3.34,4.31,6.77,20.3,8.2308,2.1079,0.9154,8.6686,3.8347,5.7778,7.6105,31.4395,1.9103,66.0,10.2804
780.0,493.0,43.0,7.18,5.4,6.14,7.57,11.47,13.0,16.6,2.33,5.14,1.95,0.907,1.349,0.279,0.419,1.6,1.116,16.28,0.0,266.0,99.25,5.54,8.5,7.2,0.76,0.75,0.86,0.75,0.0,0.0,0.0,0.61,3.25,0.61,0.76,95.86,12.16,0.78,26.32,21.8,1.83,0.2,0.35,99.8,4.2678,4.2591,2.1478,8.52,18.86,100.0,3.648,3.648,2.4683,6.39,25.19,100.0,3.3806,3.3806,2.4654,8.44,35.71,99.8,5.7919,4.244,4.84,0.2,7.51,100.0,5.1427,4.17,4.67,0.0,4.89,100.0,4.9845,4.17,4.4225,0.0,5.84,11.4651,2.4393,1.0594,8.7532,3.9035,4.0909,8.5697,27.4895,1.8372,59.0,11.9675
1120.0,414.0,27.0,10.77,8.6,10.66,11.69,15.3,17.5,23.4,22.22,6.19,2.08,0.815,1.481,0.222,0.074,1.66,2.333,7.41,0.0,214.0,99.07,6.49,10.22,15.09,1.89,0.93,1.34,0.0,0.47,0.47,0.0,2.18,12.83,3.38,6.6,82.71,28.81,5.65,25.7,18.22,6.54,0.24,1.64,99.52,3.8395,3.8209,1.7782,13.56,33.66,100.0,3.0501,3.0501,1.6293,15.42,44.86,100.0,2.8207,2.8207,1.5693,18.84,52.9,99.76,5.4297,3.61,4.34,1.94,17.19,100.0,4.6593,3.561,4.1275,3.27,23.36,100.0,4.4836,3.49,3.9275,4.35,28.99,15.3333,2.73,1.1856,9.7748,5.0367,6.25,11.4295,39.7295,3.7407,81.0,19.5652
1020.0,536.0,30.0,10.88,9.69,10.84,10.18,18.07,21.0,28.2,33.33,5.93,2.35,1.567,2.067,0.267,0.4,1.95,1.067,50.0,0.0,267.0,95.88,6.03,8.83,8.59,1.95,4.12,3.33,2.25,3.37,2.62,2.25,5.17,8.49,2.43,1.17,89.14,18.07,7.56,27.34,16.85,7.56,0.37,1.39,97.23,4.2903,4.1715,2.0542,9.78,24.35,100.0,3.5764,3.5764,2.0755,7.49,32.96,100.0,3.2087,3.2087,1.9701,10.97,43.87,97.6,5.6119,4.011,4.72,3.69,9.59,100.0,5.0185,3.986,4.445,1.12,12.36,100.0,4.7534,3.836,4.13,1.94,16.13,17.8667,2.8829,1.252,9.5602,5.4922,12.0,11.6664,41.1876,4.1667,98.0,18.2836
850.0,923.0,89.0,9.52,7.76,8.95,11.4,10.56,13.5,15.0,0.0,4.66,1.74,0.678,1.138,0.023,0.207,1.56,0.989,4.6,1.15,550.0,98.0,6.51,9.08,11.32,0.37,2.0,3.5,0.73,1.09,1.09,0.36,0.98,3.16,0.76,7.98,94.0,28.63,12.57,32.0,22.36,1.96,0.0,0.93,99.56,3.9448,3.9277,1.8388,12.3,29.38,100.0,3.3041,3.3041,1.7634,12.18,35.64,100.0,3.0782,3.0782,1.6335,16.38,44.92,100.0,5.5294,3.73,4.59,3.16,13.82,100.0,4.9043,3.709,4.24,1.27,16.36,100.0,4.7463,3.52,4.15,0.85,21.19,10.3708,2.339,1.0158,9.916,4.8822,5.0909,10.191,37.6731,2.8315,161.0,17.4431
890.0,730.0,66.0,10.89,8.1,9.04,11.33,11.28,14.0,16.0,1.54,4.98,1.75,0.708,1.154,0.092,0.092,1.75,0.877,7.69,7.69,461.0,97.4,6.23,8.9,9.58,0.22,2.6,3.4,1.3,1.3,1.08,0.43,0.27,2.59,0.82,1.78,91.32,23.04,2.85,26.25,16.92,0.41,0.0,0.24,99.73,3.9452,3.9345,2.0043,9.96,30.7,99.35,3.3957,3.3736,2.1173,6.94,33.19,99.38,3.246,3.2259,2.1173,8.05,37.46,100.0,5.5069,3.826,4.59,1.09,12.55,100.0,4.9303,3.82,4.46,1.95,13.88,100.0,4.8117,3.82,4.32,2.17,17.34,11.0606,2.4034,1.0438,10.1118,4.8725,4.7273,11.1467,38.8688,3.0758,133.0,18.2192
780.0,454.0,40.0,10.18,7.99,7.41,9.2,11.18,13.25,16.1,2.5,5.25,1.84,0.5,1.175,0.05,0.2,1.82,0.825,12.5,5.0,187.0,99.47,6.14,8.95,9.68,0.0,0.53,0.8,0.0,0.0,0.0,0.0,5.82,14.32,3.52,1.08,97.86,15.3,4.92,36.36,24.06,8.5,0.0,2.29,96.64,4.3251,4.18,2.3129,7.38,24.16,100.0,3.5106,3.5106,2.5509,2.14,34.22,100.0,3.3798,3.3798,2.7212,3.36,39.5,99.33,5.7055,4.14,4.88,2.91,7.38,100.0,5.0375,4.216,4.5,0.0,4.28,100.0,4.9826,4.25,4.475,0.0,5.04,11.35,2.4292,1.055,8.9643,4.6746,6.1111,10.9516,35.1385,2.7,81.0,17.8414
590.0,598.0,61.0,4.79,3.57,5.01,6.21,8.97,11.0,14.0,4.48,4.21,1.87,0.493,1.239,0.06,0.119,1.72,0.463,40.3,5.97,287.0,98.26,5.01,7.61,3.19,0.0,1.74,2.63,0.0,0.7,0.35,0.0,3.16,5.99,0.33,2.84,87.46,13.55,4.78,10.45,8.01,6.49,0.0,1.72,97.34,4.3088,4.1941,2.0374,9.15,23.13,99.65,3.5068,3.4946,2.2686,8.36,31.01,100.0,3.1623,3.1623,2.0153,9.26,38.27,100.0,5.5878,3.6,4.45,4.83,15.64,100.0,4.7874,3.6,4.05,3.83,23.0,100.0,4.5398,3.509,3.98,3.7,28.4,9.8033,2.2827,0.9914,7.8194,3.1704,3.7273,6.2323,21.6762,1.1639,49.0,8.194
1150.0,326.0,18.0,12.89,10.91,11.61,11.48,17.83,21.0,26.6,44.44,7.17,1.98,1.556,1.611,0.222,0.444,1.81,0.944,22.22,0.0,134.0,98.51,6.46,10.3,14.39,3.03,1.49,2.3,0.0,0.0,0.0,0.0,10.59,16.51,2.76,0.0,91.04,17.21,2.46,36.57,23.13,13.08,0.0,1.66,96.26,4.2562,4.0971,1.8751,11.84,25.23,100.0,3.6549,3.6549,2.239,6.72,29.85,100.0,3.6076,3.6076,2.233,9.88,33.33,100.0,5.675,3.87,4.75,4.05,11.53,100.0,5.1823,4.16,4.8025,0.75,7.46,100.0,5.1846,4.16,4.86,0.0,6.17,18.1111,2.8965,1.2579,10.008,5.6086,7.75,13.0239,41.424,4.2222,53.0,16.2577
1070.0,522.0,37.0,12.77,10.26,11.26,12.4,14.22,16.0,19.4,10.81,5.7,2.25,0.676,1.189,0.027,0.27,2.34,0.865,40.54,2.7,253.0,96.05,6.85,10.21,17.7,2.06,3.95,4.69,0.79,1.98,1.58,0.79,9.32,16.35,4.21,7.0,87.75,25.23,7.66,31.62,20.55,11.79,0.76,3.69,92.21,3.9848,3.6742,1.0966,17.11,36.69,98.42,3.1983,3.1477,1.6435,14.23,43.08,97.74,3.0796,3.01,1.6435,14.69,48.59,100.0,5.3944,3.46,4.39,5.7,18.82,100.0,4.8014,3.716,4.39,5.14,16.21,100.0,4.7111,3.71,4.28,6.21,17.51,14.1081,2.6467,1.1495,11.2935,5.8267,8.7143,12.4264,43.9932,4.2162,141.0,27.0115
830.0,295.0,24.0,8.17,6.16,6.24,7.71,12.12,16.0,17.0,0.0,5.5,1.8,0.708,1.5,0.125,0.25,1.94,0.417,12.5,0.0,121.0,97.52,5.51,8.26,5.93,0.0,2.48,2.53,1.65,0.0,0.0,0.0,9.62,15.81,4.75,2.54,96.69,13.68,0.0,14.88,9.92,13.4,0.0,1.8,94.85,4.4267,4.1985,2.3243,7.56,19.59,100.0,3.7629,3.7629,2.9768,2.48,12.4,100.0,3.5695,3.5695,2.5426,4.11,16.44,100.0,5.7789,4.04,4.7,2.41,9.28,100.0,5.2056,4.54,4.72,0.0,4.13,100.0,5.0685,4.214,4.64,0.0,6.85,12.2917,2.5089,1.0896,8.6888,4.467,5.0,9.1884,32.9696,2.5417,47.0,15.9322
980.0,563.0,37.0,9.99,7.74,9.24,9.57,15.51,22.0,27.0,29.73,5.41,2.42,0.865,1.514,0.189,0.216,2.01,1.568,35.14,8.11,266.0,95.49,6.19,9.25,12.2,0.79,4.51,6.98,0.0,3.01,2.26,0.0,4.88,9.76,2.84,2.76,86.47,15.22,3.91,28.2,18.8,8.19,0.17,2.76,97.74,4.259,4.1625,1.9063,11.67,22.13,99.25,3.461,3.435,1.919,11.28,28.2,98.81,3.2738,3.2349,1.7782,13.1,29.76,100.0,5.6639,3.509,4.555,2.26,15.16,100.0,4.8893,3.44,4.4475,1.88,16.17,100.0,4.7729,3.37,4.385,1.79,17.86,15.2162,2.7224,1.1823,10.1407,5.0619,7.7143,10.4039,35.4649,3.0811,104.0,18.4725
760.0,280.0,23.0,10.58,9.81,8.26,10.25,12.17,14.5,16.8,0.0,4.61,2.32,0.0,0.348,0.0,0.0,4.93,0.0,0.0,65.22,41.0,14.63,8.29,9.78,66.67,0.0,85.37,90.62,26.83,85.37,65.85,21.95,74.64,32.86,8.21,66.67,4.88,50.0,50.0,0.0,0.0,76.79,0.0,0.0,45.0,2.8812,1.2966,0.0,61.07,84.64,29.27,2.0609,0.6032,0.0,85.37,97.56,33.33,2.1102,0.7034,0.0,81.82,96.97,76.79,2.5681,0.0,1.19,56.79,65.36,65.85,1.7898,0.0,0.0,73.17,92.68,69.7,1.953,0.0,0.0,69.7,90.91,12.1739,2.4993,1.0854,19.692,7.2241,6.0,10.6628,35.0311,2.7826,81.0,28.9286
740.0,1301.0,103.0,6.8,4.92,6.94,7.28,11.14,15.75,22.0,16.1,4.49,2.16,0.856,1.746,0.076,0.169,1.57,0.839,52.54,10.17,593.0,96.12,5.19,8.0,4.56,0.53,3.88,6.57,0.0,2.36,1.52,0.0,7.08,10.58,1.46,1.93,92.24,10.24,3.11,16.69,14.0,8.9,0.3,0.82,93.68,4.483,4.1999,1.9489,10.12,19.25,99.66,3.7969,3.7841,2.4505,5.06,21.08,99.66,3.5491,3.5372,2.4915,5.37,25.84,99.92,5.6056,3.716,4.79,6.62,13.09,99.66,5.0618,3.98,4.54,2.7,10.46,99.66,4.9041,3.96,4.41,1.68,11.41,12.6311,2.5362,1.1014,8.6808,3.9553,5.2222,8.1004,28.2344,1.9709,153.0,11.7602
680.0,192.0,21.0,5.53,3.46,3.97,5.55,9.14,11.0,13.0,0.0,4.19,1.65,0.429,1.286,0.048,0.0,1.79,0.429,4.76,0.0,94.0,100.0,5.65,8.42,4.26,1.06,0.0,0.0,0.0,0.0,0.0,0.0,5.73,5.73,0.0,1.06,92.55,18.39,10.34,22.34,21.28,6.25,0.0,0.44,96.88,4.3739,4.2372,2.4901,5.21,22.4,100.0,3.5913,3.5913,2.3435,6.38,32.98,100.0,3.2146,3.2146,2.1271,9.84,45.9,100.0,5.6382,3.921,4.62,3.65,11.46,100.0,4.9126,3.48,4.21,5.32,17.02,100.0,4.5702,3.48,4.13,8.2,22.95,9.1429,2.213,0.9611,8.202,3.5615,3.4167,7.4475,23.7262,1.3333,24.0,12.5
940.0,536.0,40.0,10.21,7.29,7.49,8.5,13.72,17.0,22.0,17.95,5.49,1.99,1.051,1.59,0.154,0.256,1.88,0.897,15.38,0.0,230.0,96.52,5.72,8.32,8.11,0.9,3.48,5.63,0.0,0.87,0.87,0.0,7.1,16.07,4.1,1.35,95.22,14.61,2.74,22.61,15.65,8.79,0.0,1.78,93.83,4.3998,4.1284,2.0038,10.09,22.06,100.0,3.633,3.633,2.292,4.35,23.48,100.0,3.3981,3.3981,2.1702,5.71,28.57,99.25,5.6963,3.934,4.68,1.87,10.28,100.0,5.057,4.037,4.64,1.3,8.7,100.0,4.8996,3.799,4.4575,2.14,11.43,13.4,2.5953,1.1271,9.6038,4.6056,6.1111,11.1065,34.4821,2.825,84.0,15.6716
980.0,511.0,41.0,12.34,9.45,10.15,12.11,12.66,15.0,18.0,4.88,5.61,1.86,0.415,1.244,0.122,0.439,1.92,1.195,19.51,4.88,239.0,92.89,6.83,9.83,18.92,0.9,7.11,5.88,4.18,5.02,5.02,4.18,7.51,17.53,4.31,1.35,88.7,20.28,2.83,34.31,23.01,10.98,0.0,1.31,94.8,3.9904,3.7828,1.3222,15.41,34.49,99.16,3.2798,3.2524,1.9263,11.3,33.47,98.83,3.1541,3.1172,1.7243,14.04,36.26,99.81,5.4726,3.56,4.51,6.74,13.49,100.0,4.9292,3.958,4.52,3.35,10.46,100.0,4.8699,3.75,4.56,4.68,12.87,12.4634,2.5228,1.0956,10.8982,5.5415,7.875,12.3147,43.9703,3.9268,124.0,24.2661
850.0,528.0,43.0,9.68,7.95,8.46,10.16,12.19,14.0,16.8,6.98,5.09,1.94,0.442,1.209,0.093,0.326,1.89,0.814,11.63,2.33,258.0,94.57,5.9,8.05,4.92,0.41,5.43,6.99,2.71,2.71,2.33,1.55,4.96,7.06,0.57,1.64,93.8,31.4,7.44,27.52,20.16,6.11,0.0,1.48,95.04,4.3422,4.1267,2.0294,8.78,22.33,98.06,3.5329,3.4644,2.4048,6.98,27.13,97.11,3.3363,3.2398,2.1399,8.67,31.21,98.09,5.639,3.98,4.7275,5.15,10.5,98.06,4.9326,4.115,4.42,2.71,8.14,97.11,4.7549,3.84,4.4,4.05,10.98,12.2791,2.5079,1.0892,9.0304,4.5738,8.625,10.6233,37.8473,3.1395,76.0,14.3939
1000.0,667.0,44.0,12.6,9.59,9.06,9.84,15.09,17.25,23.7,20.45,5.93,2.18,0.909,1.523,0.182,0.432,1.84,1.318,6.82,4.55,375.0,95.47,7.4,10.7,21.79,8.66,4.53,5.66,3.47,1.87,1.87,1.87,0.0,0.45,0.0,5.03,87.2,42.2,11.62,25.33,15.2,0.3,0.0,0.26,100.0,4.0663,4.0663,2.0012,10.09,32.83,100.0,3.0998,3.0998,1.775,14.93,53.6,100.0,2.8971,2.8971,1.6128,18.12,63.77,100.0,5.6478,3.75,4.65,3.31,13.4,100.0,4.7633,3.67,4.25,3.47,20.53,100.0,4.6244,3.66,4.1725,3.99,23.91,15.1591,2.7186,1.1807,9.4544,5.452,8.2857,12.524,39.5969,3.7045,102.0,15.2924
520.0,124.0,14.0,6.12,4.52,4.92,6.86,8.71,9.75,11.4,0.0,4.43,1.66,0.286,1.071,0.0,0.143,1.73,0.286,7.14,0.0,51.0,98.04,5.66,9.07,12.0,0.0,1.96,2.5,0.0,1.96,1.96,0.0,4.1,13.93,4.84,0.0,98.04,26.0,18.0,23.53,11.76,10.66,0.0,2.07,100.0,4.3707,4.3707,2.4843,0.0,21.31,98.04,3.7323,3.6591,2.5866,1.96,37.25,96.77,3.3897,3.2804,2.5132,3.23,48.39,100.0,5.7812,4.171,4.9125,0.0,8.2,98.04,5.0912,4.18,4.465,1.96,1.96,96.77,4.6984,4.18,4.18,3.23,3.23,8.8571,2.1812,0.9473,9.2967,4.2379,4.1818,7.7095,29.8249,1.8571,20.0,16.129
610.0,520.0,49.0,5.48,4.3,4.89,5.39,9.51,12.0,17.0,3.64,4.36,2.09,0.6,1.455,0.055,0.036,1.53,0.727,58.18,9.09,229.0,97.82,4.99,7.05,2.68,0.0,2.18,3.47,0.0,0.87,0.44,0.0,8.99,11.85,0.58,3.57,95.2,8.26,2.29,12.66,10.48,9.75,0.0,1.3,91.4,4.6406,4.2413,0.9133,12.81,17.97,99.56,4.0294,4.0118,2.8457,5.68,11.79,99.05,3.6612,3.6263,2.1641,10.48,15.24,99.43,5.6411,3.22,4.93,6.5,13.96,100.0,5.3003,4.228,4.95,0.44,6.99,100.0,5.0626,3.54,4.78,0.0,11.43,10.6122,2.362,1.0258,8.7784,3.8072,5.2222,7.2904,23.4969,1.3673,48.0,9.2308
930.0,519.0,36.0,9.16,6.93,8.28,9.15,14.31,17.0,20.5,16.67,5.92,2.08,1.25,1.722,0.417,0.222,1.67,0.944,22.22,2.78,255.0,98.43,5.9,9.44,12.35,2.39,1.57,2.45,0.0,0.39,0.39,0.0,0.97,7.96,1.93,6.37,92.94,21.52,5.91,30.59,20.78,2.33,0.19,1.15,99.42,4.309,4.2839,2.3825,7.18,21.55,99.61,3.5878,3.5737,2.0666,9.8,27.45,99.39,3.292,3.2719,1.5315,14.02,36.59,99.81,5.773,4.12,4.865,2.33,8.74,100.0,5.0502,3.44,4.615,4.71,13.33,100.0,4.8284,3.44,4.21,6.71,18.29,14.4167,2.6684,1.1589,8.5805,4.5454,6.125,9.995,32.9138,2.6667,78.0,15.0289
800.0,472.0,41.0,8.42,6.8,7.23,8.9,11.68,14.0,17.1,5.0,5.05,2.02,0.975,1.775,0.05,0.3,1.54,0.825,7.5,0.0,215.0,97.21,5.76,8.66,8.13,1.44,2.79,4.29,0.0,0.47,0.47,0.0,4.5,7.28,1.69,1.44,97.67,12.38,2.86,30.23,21.86,6.85,0.0,2.01,97.43,4.3544,4.2425,2.4065,6.64,17.77,99.53,3.7631,3.7456,2.5413,3.26,20.0,99.17,3.5038,3.4746,2.3916,5.0,25.83,100.0,5.7258,4.162,4.94,1.07,8.99,100.0,5.187,4.306,4.785,0.93,6.05,100.0,5.0152,4.179,4.64,1.67,8.33,11.5122,2.4434,1.0612,8.7572,4.3207,6.4444,9.6853,35.6647,2.7805,75.0,15.8898
920.0,451.0,39.0,9.59,7.63,7.31,9.05,12.76,16.0,17.7,8.82,5.91,1.82,0.676,1.441,0.176,0.235,1.87,1.088,8.82,0.0,188.0,97.34,6.82,9.83,16.94,1.64,2.66,2.88,1.06,0.53,0.53,0.0,6.68,13.36,3.77,2.73,95.21,27.37,8.94,37.23,22.34,11.06,0.23,2.73,99.77,4.19,4.1804,2.3017,6.68,26.04,100.0,3.3836,3.3836,2.0752,9.04,35.11,100.0,3.1895,3.1895,1.9294,14.04,41.23,100.0,5.7104,3.996,4.68,0.46,10.14,100.0,4.949,3.821,4.4475,0.53,12.77,100.0,4.8211,3.65,4.27,0.0,18.42,11.5641,2.4479,1.0631,9.9519,5.0247,5.4,10.1556,35.0674,2.7179,91.0,20.1774
830.0,297.0,25.0,9.33,7.76,7.46,9.26,11.38,14.0,17.5,11.54,5.35,1.73,1.0,1.577,0.231,0.154,1.63,0.577,7.69,3.85,132.0,93.94,6.38,9.0,10.48,1.61,6.06,3.66,4.55,4.55,4.55,4.55,5.07,8.11,1.68,1.61,93.18,13.82,5.69,34.09,22.73,7.43,0.68,1.2,93.58,4.4567,4.1706,2.179,8.78,21.96,95.45,3.7252,3.5559,2.3747,8.33,23.48,92.5,3.5234,3.2592,1.8835,11.25,30.0,100.0,5.7018,3.995,4.86,6.08,10.14,100.0,5.0778,4.192,4.68,6.06,9.09,100.0,4.8836,3.637,4.575,10.0,11.25,11.88,2.4749,1.0748,9.3296,4.8595,6.375,10.2643,34.4389,2.68,51.0,17.1717
950.0,1295.0,81.0,8.68,6.76,8.68,8.09,13.79,21.0,28.6,28.42,5.29,2.29,1.179,1.811,0.147,0.021,1.71,0.895,63.16,15.79,574.0,93.9,5.4,8.13,6.86,0.93,6.1,7.69,2.26,3.48,2.96,1.57,5.73,9.77,0.85,2.78,92.51,12.62,3.39,16.9,12.37,6.34,0.46,0.79,98.02,4.4825,4.3935,2.478,6.18,16.49,98.78,3.7743,3.7283,2.242,7.49,22.13,98.34,3.5464,3.4877,2.0306,9.6,25.5,99.62,5.7751,4.17,4.92,2.14,8.63,99.65,5.0374,3.733,4.565,2.96,13.41,99.34,4.8775,3.63,4.4925,3.31,15.23,15.9877,2.7718,1.2038,9.0019,4.5875,6.0,9.3807,33.3622,2.7778,160.0,12.3552
970.0,451.0,31.0,10.17,8.4,10.35,11.65,14.9,17.75,23.1,23.33,6.33,2.19,1.1,1.467,0.367,0.267,1.76,1.533,16.67,6.67,225.0,96.0,5.97,10.12,16.67,0.46,4.0,3.97,2.22,3.11,3.11,2.22,1.57,10.07,2.44,11.11,86.22,18.04,3.61,25.33,16.44,4.7,0.22,1.51,99.33,4.0661,4.0389,1.9956,10.51,24.16,98.67,3.2298,3.1868,1.5237,17.33,37.78,97.81,2.9067,2.8431,1.3092,21.9,49.64,99.78,5.6111,3.69,4.71,4.25,13.87,99.56,4.7719,3.38,4.14,6.67,24.0,99.27,4.5408,3.206,3.93,7.3,31.39,14.5484,2.6775,1.1628,9.6448,5.1023,8.2857,11.1427,42.0428,4.0,76.0,16.8514
990.0,450.0,29.0,10.21,8.29,10.31,11.27,16.11,21.25,24.3,35.71,6.14,2.07,1.143,1.929,0.464,0.714,1.56,2.107,7.14,3.57,220.0,97.73,6.58,9.42,14.88,0.93,2.27,2.9,0.91,1.36,1.36,0.91,3.33,7.54,1.78,6.98,82.73,31.32,6.59,26.82,17.73,6.65,0.22,0.57,98.89,4.0282,3.9835,1.6628,15.3,31.04,100.0,3.2105,3.2105,1.9123,12.73,43.18,100.0,3.032,3.032,1.5682,16.22,49.32,99.78,5.5539,3.39,4.53,2.44,16.41,100.0,4.7682,3.778,3.935,1.36,27.27,100.0,4.6474,3.754,3.84,2.03,34.46,15.5172,2.742,1.1908,10.0204,5.0718,7.7143,10.8521,38.1839,3.5172,87.0,19.3333
870.0,275.0,27.0,8.15,6.28,8.56,10.67,10.48,11.5,14.4,3.7,4.93,1.86,0.778,1.222,0.148,0.222,1.95,0.741,11.11,3.7,169.0,92.9,5.96,8.47,7.01,0.0,7.1,4.04,5.33,5.92,5.92,5.33,0.71,7.42,1.45,1.27,78.7,20.3,5.26,16.57,10.65,2.47,0.35,2.6,99.65,3.9925,3.9784,1.7497,13.07,25.8,100.0,3.3573,3.3573,1.9243,20.12,36.09,100.0,2.939,2.939,1.6162,29.91,50.47,99.65,5.4891,3.338,4.59,5.3,16.61,100.0,4.8011,3.27,4.0,0.0,24.85,100.0,4.4872,3.01,3.31,0.0,37.38,10.1852,2.3209,1.008,9.4816,4.5893,3.7692,9.2504,38.1852,2.8519,46.0,16.7273
600.0,269.0,23.0,6.76,5.42,7.71,9.25,11.58,14.0,14.7,4.17,4.92,2.06,0.833,1.292,0.167,0.333,2.01,0.958,4.17,8.33,154.0,100.0,6.53,11.39,20.13,5.84,0.0,0.0,0.0,0.0,0.0,0.0,1.08,4.68,1.49,8.44,87.66,22.96,11.11,21.43,16.88,3.24,0.36,0.0,99.64,4.1393,4.1244,1.9542,12.95,24.82,100.0,3.3415,3.3415,1.9474,17.53,33.12,100.0,2.9367,2.9367,1.3802,25.49,46.08,99.64,5.6377,3.83,4.6625,1.08,15.47,100.0,4.8309,3.56,4.24,0.0,22.73,100.0,4.5469,3.14,3.83,0.0,33.33,11.6957,2.4592,1.068,8.5603,3.9907,4.5,8.7163,31.0265,2.2609,37.0,13.7546
840.0,477.0,42.0,10.66,8.04,10.0,12.37,11.29,13.0,16.0,7.14,4.9,1.82,0.667,1.381,0.167,0.429,1.89,0.619,4.76,0.0,221.0,99.55,5.82,8.3,8.64,0.0,0.45,0.9,0.0,0.0,0.0,0.0,8.23,17.3,5.03,0.0,99.55,10.91,1.82,46.15,26.24,12.45,0.42,5.19,97.47,4.1523,4.0471,2.2365,6.96,26.37,100.0,3.7866,3.7866,2.7551,5.43,18.55,100.0,3.6325,3.6325,2.6482,6.02,21.05,98.95,5.6462,4.272,4.8,2.11,6.96,100.0,5.3478,4.56,5.03,0.0,5.88,100.0,5.3458,4.562,5.1,0.0,6.77,11.3571,2.4298,1.0553,9.6618,4.9825,5.6,11.0134,42.3844,3.5238,66.0,13.8365
980.0,572.0,38.0,10.78,8.58,8.66,9.4,15.97,18.25,23.5,22.22,6.03,2.24,1.333,1.722,0.333,0.333,1.85,1.5,13.89,0.0,283.0,95.76,5.87,8.72,9.59,1.85,4.24,2.53,3.53,2.83,2.83,2.83,2.78,7.48,1.4,5.54,90.81,20.23,5.06,24.03,15.55,5.74,0.87,0.75,97.39,4.3217,4.2089,2.2206,7.65,23.13,96.47,3.5346,3.4097,1.7903,12.01,32.86,94.32,3.0919,2.9163,0.9031,17.61,47.73,99.83,5.7593,4.14,4.81,1.57,7.48,100.0,4.9545,3.724,4.56,2.83,17.31,100.0,4.632,3.5,4.1,4.55,25.0,15.0526,2.7116,1.1776,8.7999,4.9009,5.1111,11.6227,33.4093,2.7632,80.0,13.986
950.0,612.0,48.0,11.24,9.05,9.6,11.37,12.67,14.0,18.9,10.42,5.48,1.96,0.667,1.292,0.125,0.375,1.85,0.938,10.42,2.08,353.0,95.18,7.04,9.92,31.55,2.98,4.82,4.28,3.4,3.12,3.12,2.83,1.64,3.45,0.65,4.76,90.65,36.56,12.5,37.11,20.96,1.97,0.0,1.42,99.34,3.9113,3.8856,1.6102,12.5,32.57,100.0,3.1123,3.1123,1.8517,11.9,44.19,100.0,2.9434,2.9434,1.8688,12.2,49.21,100.0,5.5336,3.751,4.47,1.48,16.45,100.0,4.7551,3.74,4.05,1.42,24.65,100.0,4.6466,3.54,3.86,0.79,30.31,12.75,2.5455,1.1055,10.8223,5.4613,6.2222,11.4159,36.6062,3.0417,132.0,21.5686
760.0,304.0,32.0,6.3,5.31,5.6,7.62,9.77,10.0,15.0,6.45,5.03,1.63,0.645,1.29,0.129,0.194,1.57,0.774,6.45,0.0,137.0,97.08,5.68,8.13,6.77,0.0,2.92,2.08,2.19,2.19,2.19,2.19,2.64,12.87,1.64,1.5,93.43,17.97,1.56,25.55,19.71,6.27,0.33,0.86,99.67,4.2178,4.2039,1.9813,10.89,21.45,100.0,3.7491,3.7491,2.5137,6.57,23.36,100.0,3.3418,3.3418,2.0477,10.13,36.71,99.67,5.6901,3.712,4.835,7.26,12.87,100.0,5.1581,3.98,4.79,2.19,11.68,100.0,4.889,3.71,4.33,3.8,18.99,9.5,2.2513,0.9777,8.6785,4.1588,3.0,8.2785,25.6184,1.5312,48.0,15.7895
830.0,303.0,29.0,9.46,6.87,8.1,10.18,10.48,12.0,15.6,3.45,4.59,1.83,0.655,1.138,0.069,0.207,1.57,1.793,13.79,6.9,177.0,92.09,5.4,8.22,6.13,0.0,7.91,4.9,6.21,5.65,5.65,5.08,0.66,3.62,0.99,6.75,86.44,18.3,2.61,21.47,16.38,2.3,0.33,0.27,96.71,4.1223,3.9867,1.7696,13.82,25.0,94.92,3.5042,3.326,1.3222,12.99,32.77,92.44,3.1891,2.9479,0.9542,17.65,43.7,99.67,5.507,3.605,4.6625,6.58,12.5,100.0,4.7937,3.072,4.46,10.17,17.51,100.0,4.5171,2.76,4.07,14.29,24.37,10.4483,2.3464,1.019,9.366,4.2422,4.25,10.1659,33.2206,2.3793,47.0,15.5116
720.0,322.0,30.0,6.9,5.56,5.97,7.67,10.73,13.75,15.0,3.33,4.93,1.83,0.9,1.333,0.267,0.4,1.53,1.2,6.67,3.33,175.0,98.29,5.53,8.14,6.98,0.0,1.71,2.08,1.14,0.57,0.0,0.0,0.31,3.11,0.62,1.16,98.86,21.97,1.16,21.14,15.43,2.48,0.31,0.0,99.69,4.3416,4.3281,2.4346,4.97,19.57,100.0,3.6318,3.6318,2.525,4.57,22.86,100.0,3.3845,3.3845,2.525,4.59,30.28,99.69,5.8011,4.143,4.7875,0.31,4.35,100.0,5.0873,4.01,4.66,0.0,4.0,100.0,4.9555,4.01,4.59,0.0,3.67,10.7333,2.3734,1.0307,8.0428,3.9549,4.2,8.4474,23.7768,1.4,41.0,12.7329
860.0,524.0,42.0,7.89,5.87,7.28,8.6,12.19,14.5,17.8,4.65,5.21,1.94,1.0,1.628,0.279,0.186,1.61,0.907,13.95,2.33,267.0,97.38,5.67,8.44,6.92,0.0,2.62,3.61,0.75,1.87,1.87,0.75,1.34,6.49,1.72,3.46,91.01,14.4,2.47,28.46,21.72,3.05,0.19,1.15,99.43,4.3092,4.2845,2.4914,4.96,21.56,99.25,3.5624,3.5357,2.0577,8.24,24.34,98.83,3.1655,3.1285,1.9956,11.11,32.75,99.81,5.7472,3.82,4.7975,1.72,12.02,100.0,4.9693,3.92,4.3,3.0,11.61,100.0,4.6739,3.64,4.3,3.51,15.2,12.4762,2.5238,1.0961,9.0164,4.026,6.0,9.5465,29.4609,2.119,73.0,13.9313
850.0,310.0,27.0,9.88,7.39,8.12,10.23,11.77,15.0,16.0,7.69,4.96,1.92,0.615,1.308,0.038,0.154,2.11,0.654,0.0,0.0,143.0,97.9,6.0,8.9,10.0,0.0,2.1,2.22,1.4,1.4,1.4,1.4,3.27,17.32,3.55,2.14,88.81,29.92,13.39,25.17,17.48,13.4,0.0,0.29,98.69,4.0783,4.025,2.4014,5.56,27.45,100.0,3.3969,3.3969,2.0899,7.69,22.38,100.0,3.0777,3.0777,1.9039,10.87,32.61,100.0,5.538,3.82,4.4525,2.29,12.75,100.0,4.843,3.772,4.35,2.1,14.69,100.0,4.5952,3.67,4.195,3.26,20.65,11.4815,2.4407,1.06,9.9108,4.6218,5.3,10.9032,36.6428,2.8889,50.0,16.129
1070.0,560.0,35.0,10.69,7.87,9.22,9.19,15.19,20.0,24.4,27.03,5.68,2.31,0.919,1.324,0.108,0.216,1.86,1.108,27.03,13.51,267.0,96.25,6.05,8.79,9.34,0.78,3.75,4.08,1.5,3.0,1.5,0.0,3.56,12.46,2.14,1.95,90.26,16.18,3.73,23.6,12.36,10.5,0.53,1.79,98.93,4.0982,4.0545,1.8208,11.57,29.54,98.88,3.5183,3.4788,2.1119,8.24,34.08,100.0,3.306,3.306,2.0394,8.52,39.2,99.82,5.5897,3.782,4.515,2.67,12.28,99.63,4.9396,3.79,4.32,3.37,14.61,100.0,4.8334,3.63,4.1825,3.41,14.77,16.0,2.7726,1.2041,9.9566,4.8457,12.6,11.2081,36.3571,3.2571,96.0,17.1429
870.0,549.0,43.0,8.46,6.63,7.02,8.24,12.74,14.0,17.8,9.3,5.49,1.99,1.163,1.512,0.256,0.14,1.73,1.047,13.95,2.33,266.0,94.36,6.15,10.0,13.94,0.0,5.64,2.63,4.51,4.89,4.89,4.51,1.82,6.57,1.09,1.99,89.47,21.85,6.72,36.47,30.45,4.2,0.18,1.11,99.82,4.2572,4.2495,2.0086,9.85,23.18,100.0,3.4417,3.4417,1.8195,12.41,35.71,100.0,3.0718,3.0718,1.5315,19.14,48.77,99.82,5.7299,3.72,4.7625,6.2,11.86,100.0,4.8534,3.315,4.3225,9.02,18.8,100.0,4.5857,2.93,4.08,14.81,23.46,12.7674,2.5469,1.1061,9.3605,4.754,6.2857,9.4113,30.4359,2.2558,88.0,16.0291
880.0,433.0,33.0,8.57,6.26,6.1,6.81,12.91,17.0,18.8,9.09,5.79,1.97,0.697,1.182,0.121,0.121,1.91,0.606,33.33,0.0,186.0,97.31,5.9,8.5,7.18,0.0,2.69,3.31,1.08,0.0,0.0,0.0,5.63,15.96,3.7,1.1,98.39,14.75,2.73,24.19,16.13,8.45,0.7,3.7,96.71,4.4577,4.3112,2.6254,6.34,17.37,100.0,3.6656,3.6656,2.4606,6.45,18.82,100.0,3.5255,3.5255,2.6291,7.56,19.33,100.0,5.8435,4.295,5.0325,0.23,6.57,100.0,5.1251,4.285,4.66,1.08,6.45,100.0,5.0515,4.328,4.65,0.0,7.56,13.1212,2.5742,1.118,8.8456,4.2383,5.5556,9.5739,27.9018,1.9394,56.0,12.933
1020.0,744.0,47.0,9.18,7.89,9.47,9.92,15.81,19.0,25.0,23.4,5.98,2.08,1.17,1.596,0.149,0.383,1.75,1.894,8.51,2.13,380.0,93.42,5.53,8.43,8.73,0.85,6.58,7.32,4.47,5.0,4.47,3.42,1.75,8.21,1.75,2.25,90.79,28.12,3.48,22.63,16.05,4.17,0.13,1.16,98.38,4.2298,4.1615,2.1875,7.0,24.09,97.11,3.4995,3.3982,2.1056,9.74,35.53,95.92,3.2745,3.1409,1.9786,11.84,44.9,99.73,5.6362,3.72,4.67,1.88,14.94,100.0,4.7976,3.76,4.1075,4.21,23.68,100.0,4.6013,3.46,3.91,6.12,29.8,15.8298,2.7619,1.1995,9.1756,5.1054,5.625,10.1998,38.0072,3.5106,122.0,16.3978
920.0,706.0,50.0,9.78,7.77,8.35,9.26,13.84,17.0,21.0,17.65,5.35,2.03,0.804,1.588,0.118,0.157,1.8,1.216,3.92,3.92,373.0,98.12,6.23,10.11,16.39,3.83,1.88,3.21,1.07,0.27,0.27,0.0,0.85,2.83,0.42,6.28,89.81,19.1,4.48,28.95,17.96,2.27,0.42,0.72,99.29,4.2137,4.1838,2.0453,9.49,24.79,100.0,3.3695,3.3695,2.0453,8.58,32.17,100.0,3.2437,3.2437,2.016,10.15,31.58,100.0,5.6873,4.025,4.7225,2.27,9.07,100.0,4.9196,3.88,4.39,2.41,11.8,100.0,4.8207,3.82,4.47,3.01,13.91,14.12,2.6476,1.1498,8.6534,4.6449,6.375,10.8782,35.3665,3.0,86.0,12.1813
550.0,578.0,71.0,4.57,2.92,4.57,5.67,7.42,9.75,12.9,2.56,3.71,1.77,0.474,1.179,0.026,0.0,1.63,0.385,52.56,11.54,266.0,95.49,5.02,6.94,2.36,0.0,4.51,5.56,1.88,2.63,2.26,1.5,3.11,9.33,1.21,1.18,92.86,11.74,4.45,16.54,11.65,6.74,0.17,2.17,97.75,4.3772,4.2789,2.3598,7.08,20.21,98.87,3.6604,3.6191,2.3706,7.52,27.07,98.58,3.3416,3.2942,2.4654,6.38,36.17,99.83,5.6534,4.11,4.72,4.32,8.98,100.0,4.954,3.96,4.405,3.76,10.9,100.0,4.7187,4.07,4.37,3.55,9.93,8.1408,2.0969,0.9107,8.1654,3.0433,3.6667,6.7166,23.8848,1.2817,52.0,8.9965
550.0,578.0,71.0,4.57,2.92,4.56,5.67,7.42,9.75,12.9,2.56,3.71,1.77,0.474,1.179,0.026,0.0,1.63,0.385,52.56,11.54,266.0,95.49,5.02,6.94,2.36,0.0,4.51,5.56,1.88,2.63,2.26,1.5,3.11,9.33,1.21,1.18,92.86,11.74,4.45,16.54,11.65,6.74,0.17,2.17,97.75,4.3772,4.2789,2.3598,7.08,20.21,98.87,3.6604,3.6191,2.3706,7.52,27.07,98.58,3.3416,3.2942,2.4654,6.38,36.17,99.83,5.6534,4.11,4.72,4.32,8.98,100.0,4.954,3.96,4.405,3.76,10.9,100.0,4.7187,4.07,4.37,3.55,9.93,8.1408,2.0969,0.9107,8.1654,3.0433,3.6667,6.7166,23.8848,1.2817,52.0,8.9965
1100.0,369.0,21.0,12.99,10.96,11.43,11.44,17.43,20.0,25.0,33.33,5.9,2.22,1.095,1.524,0.143,0.952,1.91,1.238,0.0,0.0,141.0,93.62,6.37,8.93,9.85,0.0,6.38,6.0,4.26,2.13,2.13,1.42,9.84,20.77,6.5,1.52,88.65,19.2,4.0,26.24,19.15,13.11,0.0,1.2,97.81,4.2444,4.1516,2.0995,8.74,24.86,98.58,3.3774,3.3295,2.143,9.93,38.3,97.75,3.1967,3.1249,1.8195,12.36,46.07,99.45,5.7023,4.06,4.715,4.1,9.56,98.58,4.8476,3.82,4.29,2.84,14.18,97.75,4.6974,3.57,4.09,4.49,19.1,17.5714,2.8663,1.2448,9.643,5.5773,10.5714,13.5591,43.8587,4.619,63.0,17.0732
400.0,137.0,19.0,9.31,4.36,3.52,5.5,7.21,9.0,9.0,0.0,4.11,1.32,0.158,0.947,0.0,0.105,1.5,0.368,0.0,5.26,58.0,77.59,4.84,6.42,0.0,0.0,22.41,16.22,15.52,17.24,15.52,12.07,7.3,9.49,1.46,0.0,82.76,6.25,2.08,8.62,6.9,8.03,0.0,0.0,97.08,4.3101,4.1842,1.0501,11.68,21.17,100.0,3.2412,3.2412,0.8451,17.24,32.76,100.0,2.8422,2.8422,0.8451,23.68,47.37,97.08,5.566,2.842,4.76,10.95,13.87,100.0,4.5421,1.11,4.22,15.52,18.97,100.0,4.105,1.11,3.835,21.05,26.32,7.2105,1.9755,0.858,8.6044,3.5506,3.6667,9.4145,25.4587,1.3158,15.0,10.9489
930.0,348.0,29.0,11.01,8.49,9.73,11.97,12.07,14.0,17.0,0.0,5.17,1.86,0.655,1.207,0.103,0.207,1.78,1.103,6.9,6.9,186.0,97.31,6.4,8.63,7.18,0.0,2.69,2.96,1.08,2.15,2.15,1.08,4.29,8.0,1.44,0.0,86.02,24.38,6.25,34.41,19.89,4.86,0.0,0.25,97.71,4.0359,3.9437,1.9619,10.86,33.14,97.85,3.3476,3.2756,2.2225,6.99,42.47,96.99,3.1417,3.0472,2.0287,9.02,51.13,99.14,5.5362,3.539,4.4925,5.14,13.14,98.92,4.8351,3.635,4.32,3.23,11.83,98.5,4.6583,3.52,4.18,4.51,15.04,12.0,2.4849,1.0792,10.0849,5.2494,5.6,11.2081,43.0345,3.7241,81.0,23.2759
460.0,212.0,27.0,4.84,2.39,2.14,3.6,8.15,8.0,11.5,3.85,4.12,1.69,0.385,1.192,0.077,0.615,1.58,0.538,7.69,3.85,82.0,100.0,5.15,6.78,3.66,0.0,0.0,0.0,0.0,0.0,0.0,0.0,10.38,13.68,1.89,3.66,86.59,11.27,1.41,19.51,10.98,15.09,0.0,0.0,94.81,4.4525,4.2215,1.6505,10.38,26.42,100.0,3.7197,3.7197,1.6021,12.2,30.49,100.0,2.9658,2.9658,1.6021,22.22,55.56,100.0,5.7192,3.55,4.605,1.89,18.87,100.0,5.0141,3.25,4.24,3.66,17.07,100.0,4.4989,3.25,3.98,6.67,31.11,7.8519,2.0607,0.895,7.75,2.9603,4.0909,6.6058,18.2292,0.8148,15.0,7.0755
560.0,728.0,75.0,4.76,3.61,5.17,6.34,8.78,11.5,15.0,2.41,4.23,1.79,0.566,1.265,0.072,0.0,1.63,0.458,44.58,10.84,332.0,96.99,5.13,7.47,1.55,0.0,3.01,3.55,1.51,0.9,0.6,0.0,2.47,6.58,1.1,1.24,93.98,12.82,4.17,21.69,16.87,6.58,0.14,1.27,97.94,4.4395,4.3482,2.4654,5.08,18.79,99.4,3.6732,3.651,2.3502,5.72,25.0,99.4,3.2878,3.2683,2.017,8.93,35.12,100.0,5.703,3.978,4.71,2.61,10.56,100.0,4.9708,3.86,4.37,1.81,12.35,100.0,4.6827,3.6,4.1775,1.19,17.86,9.7067,2.2728,0.9871,7.7401,3.259,2.9286,7.0316,23.9924,1.3867,61.0,8.3791
1140.0,579.0,32.0,11.59,8.95,10.33,9.68,17.67,23.0,27.6,36.36,6.67,2.17,0.758,1.515,0.121,0.485,1.71,2.212,15.15,6.06,298.0,97.99,6.25,9.22,12.67,2.05,2.01,2.78,0.0,1.01,0.67,0.0,1.03,3.95,1.21,6.51,79.53,26.16,13.5,18.12,14.09,1.89,0.0,0.9,99.49,4.1648,4.1433,1.8819,10.81,27.1,99.66,3.2401,3.2292,1.8266,11.74,42.28,99.52,3.102,3.087,1.8019,12.56,43.96,100.0,5.5667,3.452,4.31,4.29,18.18,100.0,4.5859,3.304,3.81,5.03,27.85,100.0,4.4477,3.26,3.655,4.35,29.47,18.0938,2.8956,1.2575,9.9336,5.44,10.3333,11.4568,38.9919,3.7812,117.0,20.2073
940.0,450.0,32.0,7.85,7.07,8.74,9.73,13.75,16.0,22.8,18.75,5.25,2.01,1.188,1.312,0.156,0.375,1.81,1.094,12.5,0.0,225.0,97.78,5.75,8.05,4.55,0.91,2.22,3.7,0.89,0.89,0.89,0.0,2.5,9.77,2.89,2.27,86.67,14.36,8.72,26.67,15.11,3.86,0.0,2.9,98.64,4.2918,4.2333,2.2989,6.82,21.59,99.56,3.5933,3.5773,2.2868,7.11,31.56,99.29,3.3467,3.323,2.0719,9.93,41.84,99.55,5.7187,3.69,4.9,2.95,12.27,99.56,5.0214,3.64,4.44,1.78,19.11,99.29,4.8196,3.64,3.98,2.13,25.53,14.0625,2.6435,1.1481,8.7903,4.6183,8.5,9.0177,33.8403,2.7812,64.0,14.2222
1000.0,678.0,41.0,9.98,8.54,9.79,9.87,16.54,20.0,25.0,31.71,6.07,2.2,0.854,1.61,0.415,0.829,2.06,1.049,34.15,0.0,319.0,94.04,6.3,10.0,14.67,0.0,5.96,7.86,3.76,2.82,2.51,2.51,2.06,6.93,1.18,1.33,87.15,20.14,9.35,26.02,17.87,4.28,0.0,0.78,98.67,4.4284,4.3696,2.3602,6.34,19.17,97.49,3.6067,3.5163,2.2455,6.27,30.41,96.36,3.3908,3.2675,2.2455,8.18,37.73,98.67,5.8432,3.95,5.06,3.69,12.24,97.49,4.9328,3.898,4.46,3.45,16.3,96.36,4.7537,3.69,4.105,5.0,21.36,16.5366,2.8056,1.2184,8.9282,5.0733,7.5714,10.907,39.2504,3.7561,72.0,10.6195
1040.0,546.0,31.0,10.63,8.76,9.89,9.72,17.48,23.0,26.0,38.71,6.16,2.14,1.645,1.516,0.323,0.194,1.82,1.645,16.13,3.23,263.0,96.96,5.91,9.16,10.98,0.39,3.04,5.1,0.0,1.52,1.14,0.0,1.66,11.07,3.11,4.71,93.92,22.27,1.21,25.48,16.73,4.61,0.18,1.62,99.82,4.3114,4.3035,2.2721,7.56,20.48,100.0,3.6321,3.6321,2.4048,7.22,26.24,100.0,3.3256,3.3256,2.0549,9.49,36.08,99.82,5.8408,4.14,4.8725,0.74,6.09,100.0,5.1117,4.01,4.655,1.52,7.98,100.0,4.9192,4.001,4.5925,1.9,10.13,17.6129,2.8686,1.2458,9.0215,5.118,7.0,10.528,37.5763,3.5161,84.0,15.3846
840.0,521.0,46.0,7.91,6.54,6.79,8.47,11.47,14.0,16.6,2.22,5.33,1.76,0.556,1.222,0.178,0.267,1.71,1.089,15.56,6.67,238.0,97.9,6.02,8.76,6.87,0.0,2.1,2.74,0.84,0.0,0.0,0.0,5.43,10.27,2.11,0.43,98.74,11.91,2.13,31.09,24.79,8.53,0.0,2.0,97.29,4.3396,4.2218,2.3874,5.23,22.09,100.0,3.6237,3.6237,2.5072,2.52,27.31,100.0,3.4649,3.4649,2.536,4.08,30.61,100.0,5.7242,4.14,4.88,2.91,6.78,100.0,5.1078,4.217,4.68,0.84,4.2,100.0,4.9971,4.21,4.525,1.36,6.12,11.3261,2.4271,1.0541,9.1686,4.3012,5.2,9.4323,31.0958,2.2391,81.0,15.547
670.0,294.0,30.0,7.73,5.21,6.09,8.15,9.73,11.75,16.0,0.0,4.57,1.76,0.467,1.133,0.067,0.0,1.97,0.467,3.33,0.0,125.0,98.4,5.62,7.85,2.44,0.81,1.6,2.6,0.0,0.0,0.0,0.0,6.85,16.78,3.4,0.81,97.6,10.66,0.0,28.0,23.2,13.36,0.0,2.94,99.66,4.1985,4.1842,2.3385,6.16,22.6,100.0,3.6891,3.6891,2.617,2.4,21.6,100.0,3.6273,3.6273,2.5599,3.95,21.05,100.0,5.744,4.066,4.815,0.68,9.59,100.0,5.2012,4.13,4.81,0.0,4.0,100.0,5.1638,4.13,4.79,0.0,5.26,9.8,2.2824,0.9912,9.2785,4.0929,4.8,8.7458,28.5075,1.8333,37.0,12.585
660.0,312.0,32.0,6.21,4.97,5.83,7.71,9.59,12.0,13.0,3.12,4.44,1.91,0.844,1.594,0.062,0.25,1.59,0.469,15.62,0.0,152.0,98.03,5.69,8.13,6.04,0.0,1.97,2.61,0.0,1.32,1.32,0.0,4.89,7.49,0.96,0.0,96.71,14.29,7.48,34.21,25.0,6.19,0.0,1.36,99.02,4.3906,4.3476,2.5818,2.61,15.64,100.0,3.8096,3.8096,2.592,1.97,19.08,100.0,3.5915,3.5915,2.4156,3.49,27.91,99.35,5.7424,4.228,4.87,1.3,6.19,100.0,5.1932,4.21,4.68,0.66,5.26,100.0,5.0386,4.075,4.44,1.16,8.14,9.75,2.2773,0.989,8.8267,3.8676,3.8333,8.0765,26.7372,1.6562,51.0,16.3462
1130.0,566.0,34.0,12.52,9.98,11.18,11.15,17.81,24.0,27.9,31.25,6.28,2.42,1.062,1.531,0.281,0.0,1.99,1.594,15.62,0.0,233.0,96.57,6.63,10.43,15.11,4.44,3.43,4.62,0.0,2.58,1.72,0.0,6.32,19.12,4.24,7.11,89.27,25.96,8.17,33.48,22.32,13.33,1.23,4.6,95.79,4.2457,4.0669,1.8609,11.75,25.09,99.57,3.4032,3.3886,1.9458,12.02,31.76,99.29,3.1276,3.1054,1.5051,15.6,35.46,99.47,5.6173,3.75,4.7,4.21,15.26,100.0,4.8632,3.6,4.43,7.73,16.31,100.0,4.6736,3.33,4.29,9.22,19.86,16.6471,2.8122,1.2213,10.2091,5.6325,6.2222,12.4236,42.2654,4.2647,125.0,22.0848
1000.0,898.0,57.0,9.24,7.2,8.53,8.59,14.48,19.75,22.0,25.81,5.6,2.08,1.258,1.323,0.081,0.194,1.85,0.597,32.26,16.13,412.0,98.06,5.76,9.0,10.15,0.25,1.94,3.12,0.73,1.21,0.0,0.0,4.57,9.35,1.89,3.22,89.81,19.19,4.32,22.57,15.29,8.35,3.67,1.53,98.11,4.2448,4.1644,2.137,8.8,23.05,100.0,3.4863,3.4863,2.1043,9.22,28.16,100.0,3.304,3.304,2.1043,9.48,30.6,99.44,5.6598,3.76,4.66,3.34,13.03,100.0,4.9402,3.84,4.56,2.18,12.38,100.0,4.8099,3.777,4.545,3.02,13.79,15.7544,2.7571,1.1974,9.4468,4.9087,8.1429,9.4599,33.4604,2.7895,139.0,15.4788
710.0,904.0,74.0,7.5,5.44,6.51,7.68,11.26,15.0,19.1,10.0,4.97,1.87,0.838,1.2,0.05,0.15,1.8,0.438,25.0,12.5,412.0,97.82,5.67,8.84,8.93,0.25,2.18,3.7,0.73,1.21,0.0,0.0,4.55,9.1,1.88,2.98,90.05,19.68,3.77,22.09,14.81,8.44,3.66,1.52,98.11,4.2638,4.1834,2.1461,8.32,22.31,100.0,3.5147,3.5147,2.1414,8.5,26.7,100.0,3.3198,3.3198,2.1359,9.13,29.13,99.45,5.6677,3.76,4.69,3.33,12.43,100.0,4.9602,3.841,4.5675,2.18,11.17,100.0,4.8232,3.833,4.56,3.04,13.48,12.2162,2.5028,1.0869,9.203,4.3214,4.6364,8.4002,28.3667,1.973,131.0,14.4912
970.0,616.0,43.0,11.9,9.29,9.92,10.99,13.98,17.0,20.0,20.93,6.07,1.94,0.814,1.349,0.047,0.093,1.81,1.07,25.58,4.65,235.0,97.02,7.1,10.91,27.19,6.58,2.98,3.01,1.7,0.85,0.0,0.0,8.32,16.97,3.08,4.82,93.19,31.51,15.07,31.91,17.87,14.81,0.17,1.97,97.67,4.2492,4.1502,2.0899,8.15,26.79,100.0,3.3348,3.3348,1.8828,11.91,38.3,100.0,3.1646,3.1646,1.8606,12.95,41.73,100.0,5.7337,4.01,4.74,2.66,9.82,100.0,4.969,3.99,4.49,2.98,10.64,100.0,4.8991,3.99,4.43,3.6,10.07,14.3256,2.662,1.1561,9.9863,5.4138,7.7143,11.841,40.7866,3.7907,125.0,20.2922
820.0,309.0,27.0,8.33,6.02,6.7,8.36,11.44,14.0,16.4,0.0,5.15,1.84,0.741,1.296,0.111,0.444,1.89,0.741,7.41,0.0,167.0,88.62,5.59,7.78,3.38,1.35,11.38,10.71,7.78,5.99,5.99,5.39,3.88,7.44,1.29,2.03,91.62,12.42,2.61,25.15,17.96,5.18,0.97,1.69,97.09,4.2401,4.1166,2.1149,9.71,19.74,100.0,3.6459,3.6459,2.4928,2.4,20.96,100.0,3.5212,3.5212,2.3134,2.68,23.21,100.0,5.6775,3.66,5.02,0.97,11.33,100.0,5.176,4.178,4.855,0.0,8.38,100.0,5.0602,3.995,4.61,0.0,10.71,11.4444,2.4375,1.0586,8.3944,3.9556,5.2222,9.7256,27.9493,1.8889,39.0,12.6214
630.0,162.0,18.0,6.07,4.16,3.97,5.61,8.89,10.75,14.3,5.56,4.33,1.65,0.222,1.222,0.0,0.333,1.75,0.278,11.11,0.0,64.0,95.31,5.63,7.67,3.28,0.0,4.69,4.0,3.12,1.56,0.0,0.0,4.38,12.5,3.09,11.48,90.62,12.07,6.9,21.88,18.75,8.75,0.0,3.14,95.0,4.4666,4.2432,1.9779,10.62,20.62,98.44,3.7063,3.6484,1.5278,14.06,25.0,100.0,3.2217,3.2217,1.4914,22.22,38.89,100.0,5.744,3.979,4.86,3.75,10.62,98.44,5.0605,3.112,4.7125,4.69,12.5,100.0,4.7681,3.07,4.2,5.56,19.44,9.0,2.1972,0.9542,8.9564,3.5944,4.0833,7.7935,23.1975,1.2778,19.0,11.7284
1060.0,555.0,35.0,10.02,7.71,9.14,9.22,15.71,19.0,24.6,22.86,5.49,2.16,0.943,1.657,0.057,0.229,1.92,1.229,22.86,2.86,236.0,93.64,5.82,8.67,8.6,1.36,6.36,6.15,3.39,2.97,1.69,0.85,8.91,15.82,3.96,3.62,93.64,15.84,7.69,20.76,14.83,12.0,0.18,2.6,94.36,4.3203,4.0768,1.8388,11.82,24.91,98.73,3.5808,3.5353,1.9345,11.44,29.66,99.28,3.1992,3.1762,1.8231,16.55,39.57,99.09,5.5699,3.419,4.73,6.73,14.36,99.58,4.9339,3.575,4.42,3.81,16.1,100.0,4.6837,3.21,4.275,4.32,22.3,15.8571,2.7636,1.2002,9.9993,5.1513,12.4,10.4831,35.4968,3.1143,94.0,16.9369
800.0,779.0,60.0,6.68,4.8,6.19,6.36,13.13,17.0,21.1,13.33,4.92,2.18,1.1,2.033,0.117,0.033,1.6,1.683,43.33,8.33,382.0,95.29,5.13,7.34,3.57,0.0,4.71,5.56,1.57,3.93,3.14,1.57,1.9,2.79,0.0,2.47,90.84,16.71,8.36,13.87,12.3,2.41,0.0,0.7,97.72,4.5411,4.4374,2.4108,7.11,16.62,98.69,3.7645,3.7152,2.241,7.85,25.65,97.33,3.5194,3.4253,2.0704,9.63,29.41,100.0,5.7222,3.87,4.84,4.57,11.42,100.0,4.9338,3.603,4.38,4.71,15.97,100.0,4.7083,3.48,4.325,5.88,18.18,12.9833,2.5637,1.1134,8.0506,3.884,5.875,7.6754,29.2863,2.1167,87.0,11.1682
1250.0,537.0,35.0,10.01,7.95,9.13,9.19,16.59,25.25,27.9,37.5,5.53,2.46,0.969,1.656,0.156,0.25,2.2,1.25,53.12,9.38,262.0,97.33,6.47,9.94,15.29,2.75,2.67,4.0,0.0,1.53,0.38,0.0,3.39,12.43,3.35,3.53,91.22,19.25,7.95,21.37,13.74,9.98,1.13,1.85,98.31,4.2116,4.1402,2.1461,9.04,23.92,99.62,3.5022,3.4888,1.995,10.31,30.53,100.0,3.3953,3.3953,2.1399,7.74,31.55,100.0,5.7359,4.04,4.92,3.01,9.98,100.0,5.0138,3.896,4.56,2.67,11.45,100.0,4.9736,4.157,4.56,1.79,7.74,15.3429,2.7307,1.1859,9.602,4.9562,6.125,10.6709,32.6613,2.6571,97.0,18.0633
1050.0,532.0,29.0,11.7,9.0,10.45,9.81,18.1,20.0,28.2,37.93,6.76,2.08,1.345,1.552,0.345,0.414,1.72,1.379,31.03,0.0,214.0,97.2,6.08,8.98,10.1,0.48,2.8,3.42,0.93,1.4,0.93,0.0,6.86,15.62,3.95,1.92,88.32,20.63,5.29,30.84,23.83,13.9,0.57,1.64,97.9,4.2142,4.1259,1.8331,11.43,24.19,98.6,3.4895,3.4406,1.6021,13.55,30.84,98.48,3.2514,3.2021,1.6021,19.7,35.61,99.43,5.6391,3.588,4.71,3.62,12.76,99.07,4.9452,3.25,4.45,1.87,15.89,99.24,4.7802,3.25,4.1775,1.52,21.21,18.3448,2.9093,1.2635,9.7405,5.317,10.5,11.6157,38.0817,3.6207,96.0,18.0451
440.0,70.0,9.0,4.83,2.61,3.12,4.17,7.78,9.0,9.2,0.0,3.67,1.53,0.333,1.222,0.0,0.444,1.56,0.667,44.44,0.0,37.0,97.3,4.43,5.44,2.78,0.0,2.7,3.45,0.0,0.0,0.0,0.0,2.86,4.29,0.0,0.0,100.0,5.41,0.0,16.22,13.51,7.14,0.0,0.0,100.0,4.4694,4.4694,2.8344,1.43,12.86,100.0,4.1813,4.1813,3.4131,2.7,2.7,100.0,3.9978,3.9978,3.3774,4.35,4.35,100.0,5.7716,4.19,4.95,0.0,8.57,100.0,5.3878,4.57,5.04,0.0,2.7,100.0,5.2665,4.57,4.64,0.0,4.35,7.7778,2.0513,0.8909,7.857,3.0414,3.3333,6.9376,19.2063,0.8889,6.0,8.5714
840.0,506.0,41.0,8.41,6.99,7.02,8.27,12.53,15.0,17.1,2.5,5.35,1.91,0.7,1.5,0.05,0.15,1.81,0.725,15.0,0.0,205.0,98.05,6.18,9.32,12.94,2.99,1.95,2.88,0.0,0.49,0.49,0.0,6.59,9.98,1.58,1.0,93.66,17.19,6.25,33.17,22.93,8.58,1.8,2.87,96.01,4.484,4.305,2.3424,6.79,17.96,100.0,3.7191,3.7191,2.3424,5.37,23.9,100.0,3.4923,3.4923,2.28,5.88,28.57,100.0,5.8291,4.16,5.03,2.2,7.39,100.0,5.2261,4.2,4.88,0.49,6.83,100.0,5.1229,4.086,4.8,0.0,8.4,12.3415,2.513,1.0914,8.8046,4.5167,5.4444,9.6243,31.9067,2.4146,80.0,15.8103
900.0,571.0,48.0,12.74,9.57,8.55,10.48,12.13,14.0,16.0,4.35,5.17,1.88,0.348,1.283,0.087,0.348,1.9,0.804,0.0,0.0,229.0,95.2,6.88,10.56,22.02,0.0,4.8,6.25,2.18,2.18,0.44,0.0,7.53,17.2,2.63,2.29,96.51,34.39,19.0,31.44,17.03,9.86,0.0,2.17,98.75,4.0847,4.0335,1.8195,12.9,27.42,99.56,3.4133,3.3984,1.9956,15.72,31.88,100.0,3.3112,3.3112,1.9956,16.99,33.33,100.0,5.7692,3.98,4.7425,1.08,10.57,100.0,5.0849,3.98,4.62,2.18,17.47,100.0,5.0878,3.98,4.66,0.65,16.99,11.8958,2.4762,1.0754,9.6742,5.0767,7.375,12.458,39.5666,3.2917,90.0,15.7618
430.0,207.0,33.0,2.51,1.79,1.16,1.36,6.0,8.0,9.8,0.0,3.58,1.39,0.545,1.182,0.091,0.0,1.42,0.121,39.39,0.0,97.0,100.0,4.52,6.03,1.03,1.03,0.0,0.0,0.0,0.0,0.0,0.0,11.62,12.12,0.0,1.03,98.97,8.33,1.04,7.22,6.19,11.62,0.0,0.74,88.38,4.7119,4.1646,0.0,14.14,18.69,100.0,4.1105,4.1105,2.6755,1.03,12.37,100.0,3.7125,3.7125,2.6365,2.63,18.42,100.0,5.6932,3.99,4.655,0.51,16.67,100.0,5.2439,4.11,4.65,1.03,7.22,100.0,4.9495,4.11,4.55,2.63,2.63,6.2727,1.8362,0.7975,7.8379,3.2191,2.0,4.5355,12.5529,0.3939,8.0,3.8647
950.0,1338.0,84.0,10.2,7.31,8.93,8.36,14.15,19.0,25.6,24.21,5.24,2.28,1.642,1.958,0.116,0.168,1.57,1.011,62.11,8.42,610.0,94.43,5.69,8.67,8.16,1.39,5.57,7.79,1.15,3.11,1.48,0.33,4.76,7.44,0.9,2.95,90.98,17.48,6.13,22.62,15.25,5.65,0.37,0.53,97.47,4.4531,4.3404,2.238,8.18,20.68,98.69,3.6915,3.643,2.0671,9.67,28.69,98.55,3.3396,3.291,1.9484,10.55,36.36,99.78,5.7416,3.833,4.76,1.71,13.62,99.67,4.964,3.69,4.3625,4.92,15.9,100.0,4.7324,3.674,4.205,4.73,20.0,15.9286,2.7681,1.2022,9.0172,4.7304,7.0,10.6606,33.5668,2.8095,200.0,14.9477
580.0,473.0,39.0,6.8,4.41,6.24,7.04,10.91,15.0,18.0,4.55,4.48,2.1,0.795,1.568,0.045,0.045,1.63,0.614,38.64,4.55,222.0,94.59,5.29,7.33,7.62,6.67,5.41,6.56,2.7,4.05,3.6,2.7,8.33,9.17,1.06,6.67,89.19,15.66,7.07,6.76,5.86,8.75,0.0,1.02,94.58,4.3297,4.0952,2.1183,9.17,24.79,99.1,3.5423,3.5104,2.2578,9.46,30.18,98.23,3.0226,2.9691,0.301,18.58,38.94,99.17,5.4485,3.642,4.39,8.75,17.5,99.1,4.8351,3.71,4.2,9.01,14.86,98.23,4.4666,2.67,4.01,17.7,23.89,12.1282,2.4955,1.0838,8.4777,3.84,5.875,7.9696,25.4474,1.6154,39.0,8.2452
1010.0,391.0,24.0,9.99,8.15,7.82,7.66,16.12,19.5,21.0,25.0,6.0,2.01,1.208,1.833,0.167,1.083,1.7,1.167,8.33,0.0,151.0,98.01,6.29,9.1,12.16,0.68,1.99,2.7,0.0,1.32,0.66,0.0,11.37,11.11,1.79,0.68,93.38,12.06,3.55,34.44,21.19,12.92,0.0,1.14,94.32,4.4117,4.1609,2.2415,8.79,18.6,99.34,3.6169,3.593,2.4166,5.3,25.17,98.75,3.4888,3.4452,2.4268,5.0,33.75,100.0,5.7372,4.106,5.0,4.39,7.75,100.0,5.0705,4.1,4.655,1.32,8.61,100.0,4.9966,4.113,4.5725,1.25,8.75,16.2917,2.7907,1.212,9.5733,4.9837,7.8571,10.5042,34.9617,3.0417,60.0,15.3453
530.0,308.0,35.0,3.91,2.98,4.04,4.77,7.54,9.0,12.0,2.44,3.78,1.8,0.488,1.341,0.049,0.0,1.46,0.463,46.34,2.44,126.0,96.03,4.83,6.67,0.0,0.0,3.97,5.95,0.0,0.79,0.0,0.0,8.74,11.97,2.27,1.65,92.06,7.76,0.86,11.11,7.94,10.03,0.0,1.44,91.59,4.653,4.2615,1.7473,11.33,18.77,100.0,3.9387,3.9387,2.7016,3.17,16.67,100.0,3.7349,3.7349,2.8842,3.85,17.31,95.15,5.5208,3.428,5.04,7.77,14.89,100.0,5.2067,4.015,4.675,2.38,7.94,100.0,5.031,3.992,4.655,3.85,11.54,8.8,2.1748,0.9445,7.9179,3.4759,3.7273,5.8603,19.5143,0.9429,27.0,8.7662
980.0,660.0,52.0,10.05,8.54,9.89,11.62,13.14,16.0,21.2,16.33,5.33,2.06,0.673,1.245,0.102,0.245,1.97,0.857,8.16,0.0,279.0,98.57,6.68,9.82,13.82,2.55,1.43,2.27,0.72,0.0,0.0,0.0,9.47,21.58,4.09,1.82,93.91,14.5,1.91,40.14,28.67,16.93,3.42,2.85,97.83,4.1169,4.0274,2.1703,6.06,25.93,100.0,3.4952,3.4952,2.3657,3.58,23.3,100.0,3.2564,3.2564,2.3075,5.0,29.44,100.0,5.6533,4.186,4.735,2.17,9.01,100.0,5.0743,4.03,4.83,1.08,9.32,100.0,4.9204,3.75,4.7,1.67,12.78,12.6923,2.541,1.1035,10.3667,5.4171,7.75,10.8912,41.9347,3.7115,119.0,18.0303
1100.0,529.0,36.0,11.62,9.23,10.87,11.96,15.11,20.0,22.0,28.57,6.17,2.07,0.571,1.286,0.143,0.286,1.88,1.886,11.43,2.86,286.0,96.85,7.15,10.53,29.96,3.97,3.15,4.14,1.4,2.1,2.1,0.7,2.84,8.88,1.51,6.86,82.87,29.11,8.02,29.37,18.18,7.94,1.89,0.64,98.49,3.8907,3.8318,1.8129,12.85,32.51,99.3,3.1599,3.1378,1.8129,13.29,42.66,99.06,2.9317,2.9041,1.6812,14.15,48.11,99.81,5.4464,3.762,4.48,3.21,16.07,100.0,4.7733,3.64,4.26,3.5,16.43,100.0,4.6034,3.61,4.1775,3.77,18.87,14.6944,2.6875,1.1672,10.3649,5.382,8.5714,11.9073,40.7814,3.8333,112.0,21.172
1030.0,612.0,38.0,13.04,10.3,11.33,11.95,15.87,20.0,25.3,34.21,5.89,2.15,1.053,1.737,0.342,0.368,1.84,0.895,5.26,0.0,238.0,97.06,6.64,10.0,19.05,2.16,2.94,4.27,0.0,1.68,1.26,0.0,8.29,18.41,3.1,4.76,87.39,18.27,4.33,37.82,28.99,10.12,0.0,1.72,97.68,4.1466,4.0503,1.7634,12.11,28.36,99.58,3.4364,3.4219,1.9854,10.5,33.19,99.25,3.2229,3.1986,1.1139,15.04,39.1,99.67,5.6257,3.702,4.69,5.47,13.76,99.58,4.945,3.699,4.4525,5.04,14.29,99.25,4.7955,3.328,4.14,7.52,18.8,16.1053,2.7791,1.207,10.4469,5.7376,10.1429,12.7153,44.0464,4.5,118.0,19.281
610.0,237.0,16.0,6.77,5.92,7.12,7.48,14.0,16.0,19.4,11.76,5.76,1.82,1.588,1.882,0.412,0.235,1.56,1.235,11.76,5.88,128.0,98.44,5.14,7.71,0.79,0.0,1.56,2.74,0.0,0.0,0.0,0.0,2.52,3.78,0.0,0.0,97.66,16.8,1.6,29.69,17.19,3.78,0.0,0.37,99.16,4.368,4.3313,2.8204,2.52,13.45,100.0,3.9182,3.9182,3.0741,1.56,8.59,100.0,3.6369,3.6369,3.0741,0.0,7.79,100.0,5.7688,4.58,4.88,0.42,4.62,100.0,5.2758,4.714,4.8675,0.0,2.34,100.0,5.0844,4.576,4.83,0.0,2.6,14.8125,2.6955,1.1706,8.0355,4.0162,6.7143,6.6274,29.5804,2.1875,20.0,8.4388
540.0,151.0,16.0,5.89,3.95,4.56,6.18,9.38,10.25,11.5,0.0,4.56,1.68,0.375,1.188,0.062,0.375,1.68,0.312,6.25,6.25,81.0,88.89,5.29,6.88,1.39,0.0,11.11,12.24,4.94,9.88,9.88,4.94,1.33,2.0,0.0,1.39,88.89,12.5,2.78,8.64,8.64,2.0,0.0,0.56,95.33,4.2257,4.0285,2.024,10.0,30.67,91.36,3.4434,3.1458,1.9395,11.11,45.68,87.5,3.1547,2.7604,0.0,16.07,58.93,96.67,5.3967,3.66,4.14,6.0,22.0,93.83,4.4553,3.64,4.14,9.88,24.69,91.07,4.0888,1.715,3.8,14.29,28.57,9.4375,2.2447,0.9749,8.392,3.6505,4.8,7.1686,22.6825,1.25,17.0,11.2583
930.0,484.0,34.0,8.83,7.05,7.98,8.83,14.21,17.0,20.0,14.71,5.85,1.97,1.118,1.441,0.265,0.294,1.67,1.353,2.94,0.0,256.0,92.19,5.88,8.35,5.08,1.27,7.81,8.4,5.47,4.69,3.52,2.34,3.31,8.28,2.27,3.39,86.33,17.65,10.41,25.78,16.8,4.76,0.0,1.08,98.34,4.2771,4.2063,2.2252,8.7,25.05,98.44,3.5558,3.5002,1.6435,12.11,36.33,98.65,3.1953,3.1521,1.6021,18.92,49.32,99.17,5.7169,3.91,4.71,3.31,12.63,98.44,4.9731,3.555,4.32,1.56,17.19,98.65,4.7198,3.313,3.91,1.35,26.35,14.2353,2.6557,1.1534,9.2688,4.8185,6.625,9.6279,32.2105,2.5588,75.0,15.4959
420.0,177.0,23.0,3.98,1.81,3.97,5.81,7.58,9.25,12.7,0.0,3.79,1.69,0.208,0.958,0.042,0.167,2.02,0.083,4.17,8.33,101.0,100.0,5.13,6.74,3.96,0.0,0.0,0.0,0.0,0.0,0.0,0.0,1.1,9.89,1.13,2.97,85.15,10.47,5.81,7.92,5.94,3.3,0.0,5.12,99.45,4.1628,4.1399,1.9912,11.54,27.47,100.0,3.4818,3.4818,1.6021,14.85,29.7,100.0,2.949,2.949,1.6021,21.74,40.58,100.0,5.5735,3.73,4.7125,2.75,16.48,100.0,4.9368,3.25,4.2,2.97,16.83,100.0,4.5262,3.25,4.03,4.35,21.74,7.6957,2.0407,0.8862,7.4974,2.6043,2.6667,6.0469,21.255,1.0435,11.0,6.2147
820.0,1266.0,102.0,6.54,5.23,6.62,7.14,11.28,17.0,22.8,16.81,4.47,2.19,0.938,1.549,0.071,0.097,1.57,0.823,52.21,13.27,571.0,95.45,5.31,7.8,5.87,2.57,4.55,6.87,1.05,2.1,1.75,0.35,6.43,8.24,0.47,3.67,91.94,12.38,4.19,14.89,11.73,6.98,0.0,0.55,93.33,4.5743,4.2694,1.7589,11.22,18.35,98.77,3.7941,3.7475,2.301,8.23,19.79,98.22,3.5103,3.4478,2.0453,9.96,23.13,99.84,5.7082,3.86,4.8,3.92,13.88,99.65,4.9617,3.74,4.505,5.25,13.66,99.64,4.7123,3.24,4.32,8.54,15.66,12.4118,2.5186,1.0938,8.4927,3.9545,5.0,7.8953,27.6566,1.8922,129.0,10.1896
410.0,224.0,31.0,5.75,2.98,3.86,5.87,7.06,9.0,10.0,0.0,3.91,1.38,0.094,0.938,0.031,0.5,1.76,0.406,3.12,9.38,114.0,96.49,4.87,6.55,2.73,0.0,3.51,5.13,3.51,1.75,1.75,1.75,1.77,11.5,2.23,0.91,89.47,10.78,9.8,16.67,14.91,5.31,0.0,4.58,99.56,4.2811,4.2621,1.9912,11.95,22.57,100.0,3.6919,3.6919,2.3113,9.65,23.68,100.0,3.1504,3.1504,1.6021,14.29,32.47,100.0,5.7285,3.73,4.86,1.33,15.49,100.0,5.1005,3.45,4.72,2.63,19.3,100.0,4.6878,3.25,3.93,3.9,25.97,7.2258,1.9777,0.8589,7.9424,2.8944,3.3571,8.0498,23.2972,1.1613,14.0,6.25
930.0,616.0,48.0,11.95,8.78,10.02,11.7,13.82,17.0,20.0,13.64,5.48,2.0,0.636,1.409,0.182,0.682,2.0,0.909,6.82,2.27,314.0,96.82,7.07,10.01,23.03,1.64,3.18,5.56,0.96,0.64,0.32,0.0,2.14,6.58,1.79,3.62,97.13,28.85,7.54,47.13,17.83,4.28,0.0,1.69,99.34,4.2154,4.1876,2.2503,7.07,24.18,100.0,3.4523,3.4523,2.362,7.01,34.08,100.0,3.3254,3.3254,2.3776,8.41,34.51,100.0,5.8977,4.33,4.915,0.16,4.93,100.0,5.2433,4.32,4.58,0.32,3.18,100.0,5.2332,4.435,4.58,0.0,0.88,12.8333,2.552,1.1083,9.0152,4.7845,6.6667,12.274,38.158,3.25,100.0,16.2338
1020.0,658.0,43.0,9.4,8.17,10.12,10.78,15.67,19.0,22.8,16.67,6.19,2.12,0.619,1.286,0.262,0.476,2.13,0.857,11.9,0.0,310.0,97.74,6.14,8.61,7.92,1.65,2.26,4.35,0.0,1.61,1.29,0.0,3.95,8.66,1.22,8.58,87.74,17.65,5.51,28.39,18.71,6.53,0.0,2.0,99.39,4.2263,4.2006,1.8162,10.79,23.4,99.03,3.5114,3.4774,1.7308,11.94,27.1,98.7,3.3379,3.2944,1.1461,14.35,31.3,99.39,5.7172,4.029,4.955,7.75,10.03,99.03,4.9494,3.66,4.625,8.39,11.29,98.7,4.8071,1.54,4.545,11.3,13.48,15.3023,2.728,1.1848,9.1949,4.7872,8.1429,10.7239,40.3783,3.8372,81.0,12.31
1100.0,1519.0,97.0,11.69,9.69,10.99,11.86,15.82,20.0,24.6,27.37,6.03,2.08,0.979,1.674,0.295,0.547,1.76,1.537,22.11,4.21,811.0,96.42,6.71,10.11,20.59,2.69,3.58,7.03,0.62,0.99,0.74,0.0,2.73,7.85,1.97,2.17,94.33,24.05,9.54,44.51,24.91,5.19,0.13,1.32,99.33,4.0372,4.0104,2.0414,9.38,25.82,99.75,3.418,3.4096,2.2068,5.55,31.57,99.63,3.3932,3.3807,2.2068,5.88,29.04,99.93,5.6747,4.14,4.82,0.6,7.72,99.88,5.0898,4.3,4.62,0.49,6.54,99.82,5.0871,4.323,4.6475,0.55,6.07,15.6598,2.7511,1.1948,10.5255,5.4476,5.6667,12.0399,42.7829,4.2474,297.0,19.5523
430.0,174.0,25.0,4.62,4.35,4.27,5.91,6.21,9.0,10.0,0.0,3.71,1.34,0.357,1.179,0.071,0.0,1.48,0.25,17.86,3.57,77.0,97.4,4.56,6.05,0.0,0.0,2.6,3.51,0.0,2.6,2.6,0.0,9.77,12.07,1.15,6.67,94.81,5.48,0.0,18.18,18.18,10.92,0.0,0.46,93.1,4.4807,4.1717,1.7324,11.49,16.09,98.7,4.0103,3.9582,2.6845,9.09,11.69,97.62,3.5815,3.4963,1.4472,14.29,19.05,98.85,5.5163,3.359,4.8525,8.05,12.64,98.7,5.1562,3.896,4.9,3.9,10.39,97.62,4.805,3.08,4.5575,7.14,16.67,6.96,1.9402,0.8426,8.4283,3.3525,3.2857,7.6993,24.2014,1.2,16.0,9.1954
930.0,515.0,37.0,10.62,8.7,9.2,10.5,13.92,17.0,18.0,5.41,5.54,2.0,0.865,1.459,0.243,0.324,1.84,1.054,2.7,2.7,243.0,98.35,6.38,9.26,12.97,1.67,1.65,3.33,0.0,0.41,0.0,0.0,5.83,9.51,0.97,1.67,93.83,18.86,8.77,37.45,28.4,7.57,0.0,0.69,99.42,4.2502,4.2254,2.1243,9.13,19.42,99.59,3.6837,3.6685,2.5563,3.7,21.4,100.0,3.5472,3.5472,2.5563,4.12,25.29,99.42,5.7946,4.1,4.975,0.97,8.54,99.59,5.223,4.35,4.83,0.82,3.7,100.0,5.1821,4.24,4.82,0.59,3.53,13.9189,2.6332,1.1436,9.1405,4.7387,9.0,11.6336,36.4432,3.1351,68.0,13.2039
740.0,1087.0,102.0,6.62,5.15,6.73,7.82,9.5,13.5,18.0,7.83,4.1,2.07,0.8,1.478,0.096,0.104,1.53,0.661,54.78,10.43,473.0,95.14,5.4,8.15,5.11,1.11,4.86,6.01,1.69,3.17,2.11,1.27,5.31,10.98,1.84,1.78,93.66,14.0,4.97,14.8,11.21,6.22,0.27,1.06,93.87,4.5502,4.2713,2.0236,9.88,18.85,97.46,3.8583,3.7604,2.2768,7.4,20.3,95.19,3.4577,3.2913,1.9009,11.76,28.88,100.0,5.6939,3.75,4.81,3.48,11.71,100.0,5.0336,3.884,4.56,3.81,12.05,100.0,4.6961,3.44,4.16,5.88,16.58,10.6569,2.3662,1.0276,8.7118,4.0901,7.7143,8.4953,30.988,2.1667,142.0,13.0635
900.0,594.0,48.0,8.92,7.79,8.32,10.08,12.4,15.0,17.6,6.25,5.29,1.83,0.958,1.375,0.25,0.25,1.76,1.188,6.25,0.0,335.0,96.12,6.54,9.72,25.78,2.17,3.88,4.19,2.69,2.99,2.99,1.79,1.51,5.04,1.01,2.17,92.54,33.55,11.94,29.55,22.99,3.87,0.17,0.59,99.33,4.0396,4.0124,1.8233,11.93,27.23,100.0,3.4041,3.4041,2.0864,7.46,34.63,100.0,3.0623,3.0623,1.9956,10.41,45.25,99.66,5.5795,3.824,4.665,1.18,15.46,100.0,4.931,3.83,4.21,1.19,22.69,100.0,4.6962,3.83,3.86,1.36,30.77,12.375,2.5157,1.0925,10.0984,4.9872,5.7778,9.9784,32.7454,2.5208,107.0,18.0135
830.0,640.0,51.0,8.08,6.19,6.9,8.15,12.57,15.5,19.0,7.84,5.43,1.94,1.0,1.451,0.235,0.314,1.61,0.98,17.65,1.96,345.0,99.71,5.98,9.02,10.17,0.0,0.29,0.53,0.0,0.0,0.0,0.0,0.62,3.9,0.94,0.87,98.55,21.47,1.18,34.49,24.64,1.72,0.16,0.54,99.84,4.3756,4.3688,2.5999,3.59,20.75,100.0,3.6572,3.6572,2.5999,3.19,28.41,100.0,3.4257,3.4257,2.5771,3.54,35.4,99.84,5.8596,4.42,4.86,0.31,3.59,100.0,5.1583,4.222,4.5,0.87,4.35,100.0,5.03,4.21,4.42,0.44,4.42,12.549,2.5296,1.0986,8.2558,4.194,5.3333,9.6769,31.7678,2.4118,92.0,14.375
830.0,652.0,52.0,8.27,6.28,6.98,8.25,12.56,15.25,19.0,7.69,5.44,1.95,0.981,1.442,0.231,0.308,1.62,1.038,17.31,1.92,349.0,99.71,6.0,8.98,10.06,0.0,0.29,0.52,0.0,0.0,0.0,0.0,0.61,4.75,1.07,0.86,98.57,21.51,1.45,34.67,24.93,2.3,0.15,0.53,99.85,4.3659,4.3592,2.5999,3.68,21.13,100.0,3.6469,3.6469,2.5999,3.15,28.94,100.0,3.4162,3.4162,2.552,3.49,35.81,99.85,5.8569,4.42,4.86,0.31,3.52,100.0,5.1543,4.21,4.5,0.86,4.3,100.0,5.0256,4.21,4.42,0.44,4.37,12.5385,2.5288,1.0982,8.3512,4.2425,5.5556,9.8044,32.1704,2.4615,95.0,14.5706
620.0,517.0,44.0,7.1,4.79,5.19,6.25,10.85,14.0,18.2,10.42,4.56,1.92,0.625,1.521,0.062,0.0,1.66,0.833,18.75,4.17,258.0,96.51,5.11,7.36,2.81,0.4,3.49,4.79,0.78,1.16,0.78,0.0,2.88,3.65,0.0,2.01,93.02,11.25,2.92,16.28,10.85,2.88,0.19,0.49,97.12,4.5563,4.4252,2.6395,5.76,15.74,99.61,3.8739,3.8589,2.7138,3.1,18.99,100.0,3.6832,3.6832,2.7438,2.24,22.39,100.0,5.8052,4.06,4.96,1.34,9.02,100.0,5.1079,3.981,4.7525,1.55,10.47,100.0,4.992,3.969,4.665,0.0,11.19,11.75,2.4639,1.07,7.5789,3.7267,7.2857,8.2242,26.2568,1.7045,52.0,10.058
840.0,371.0,31.0,8.67,7.11,7.88,9.6,11.74,15.0,18.0,6.45,5.0,1.82,0.935,1.452,0.097,0.323,1.67,0.613,6.45,6.45,170.0,97.06,5.88,8.98,10.3,0.61,2.94,3.97,0.0,0.59,0.0,0.0,4.95,10.16,2.43,0.0,98.82,20.24,3.57,29.41,21.18,6.04,0.0,1.89,95.88,4.4108,4.229,2.3522,7.14,19.23,100.0,3.7541,3.7541,2.5157,2.35,23.53,100.0,3.5084,3.5084,2.5833,1.14,28.41,100.0,5.6815,4.233,4.93,4.12,7.97,100.0,5.1366,4.228,4.7025,0.0,5.88,100.0,5.0015,4.224,4.55,0.0,5.68,11.9677,2.4822,1.078,8.4862,4.4041,4.9,9.7786,33.8006,2.6129,65.0,17.5202
840.0,861.0,64.0,6.91,4.7,5.6,5.73,12.85,18.0,21.3,19.12,5.21,2.2,1.015,1.618,0.118,0.088,1.67,1.044,50.0,10.29,370.0,97.84,5.16,7.49,2.76,0.28,2.16,3.23,0.0,1.35,0.81,0.0,2.17,8.58,1.16,0.83,94.59,13.14,4.57,11.89,8.38,4.46,1.03,0.84,98.51,4.6518,4.5826,2.7713,4.35,12.7,99.46,3.9522,3.9308,2.7013,2.97,15.14,98.98,3.6118,3.5752,2.5802,3.55,18.27,99.77,5.9031,4.263,5.02,1.37,7.55,99.46,5.1496,4.149,4.7425,1.89,8.38,98.98,4.8954,4.02,4.54,1.52,9.14,13.4531,2.5992,1.1288,8.0266,3.7547,5.75,7.5886,26.229,1.7188,92.0,10.6852
850.0,246.0,21.0,8.26,6.77,7.65,9.49,11.57,13.0,15.0,4.76,5.0,1.76,0.81,1.619,0.143,0.095,1.74,0.857,0.0,0.0,115.0,99.13,7.13,14.53,25.44,14.04,0.87,1.47,0.0,0.0,0.0,0.0,4.12,6.58,0.41,18.42,80.87,13.98,1.08,21.74,16.52,5.35,0.0,2.15,98.35,4.1433,4.0751,1.3802,13.99,27.57,100.0,3.1221,3.1221,1.0,19.13,40.0,100.0,2.7525,2.7525,1.0,25.0,50.0,100.0,5.6742,3.788,4.7,7.41,13.99,100.0,4.7307,2.89,4.25,15.65,20.0,100.0,4.4542,2.89,4.04,19.74,25.0,11.7143,2.4608,1.0687,8.5822,4.4135,5.3,9.6067,33.259,2.5238,29.0,11.7886
540.0,161.0,15.0,4.79,3.69,3.68,4.82,10.67,12.5,14.0,0.0,4.73,1.69,0.933,1.4,0.333,0.0,1.88,0.133,20.0,0.0,99.0,97.98,4.77,6.1,1.03,0.0,2.02,3.51,0.0,1.01,1.01,0.0,0.62,1.25,0.0,2.06,94.95,23.4,15.96,16.16,14.14,3.12,0.0,0.53,98.75,4.1954,4.143,2.4525,8.12,17.5,98.99,3.7976,3.7593,2.9683,4.04,11.11,98.33,3.3564,3.3004,2.8807,5.0,13.33,100.0,5.544,3.68,4.66,3.75,11.88,100.0,5.1003,4.34,4.66,4.04,6.06,100.0,4.7497,4.34,4.43,5.0,5.0,10.7333,2.3734,1.0307,7.9938,3.5276,4.1,6.0791,16.9445,0.6667,14.0,8.6957
1150.0,573.0,31.0,12.0,9.8,11.67,10.98,18.68,26.0,28.0,54.84,6.32,2.29,1.516,2.129,0.387,0.581,1.85,0.548,45.16,3.23,269.0,97.77,6.59,10.06,19.39,1.9,2.23,3.3,0.0,0.74,0.74,0.0,3.8,9.15,2.09,0.76,93.31,22.71,7.17,40.89,24.54,6.04,0.0,1.91,97.75,4.2915,4.1951,2.1959,6.22,22.45,99.63,3.4369,3.4241,2.209,5.95,33.09,99.39,3.1397,3.1205,2.0587,8.54,40.85,98.62,5.7091,4.168,4.78,2.59,8.64,99.63,4.9715,4.11,4.5,1.12,8.55,99.39,4.7573,3.855,4.2625,1.83,12.2,18.4839,2.9169,1.2668,10.4504,5.8316,5.6667,12.0739,44.8364,4.871,120.0,20.9424
450.0,120.0,18.0,3.67,2.94,3.29,4.99,6.61,7.75,8.3,0.0,3.78,1.47,0.5,1.111,0.056,0.222,1.68,0.0,0.0,0.0,62.0,90.32,5.33,7.49,1.79,0.0,9.68,6.98,8.06,4.84,4.84,4.84,3.36,8.4,2.5,0.0,88.71,5.45,0.0,14.52,11.29,4.2,0.0,0.7,99.16,4.3057,4.2696,2.3606,7.56,20.17,100.0,3.5451,3.5451,1.9682,11.29,24.19,100.0,3.1977,3.1977,1.9243,20.59,32.35,99.16,5.6208,3.72,4.62,3.36,14.29,100.0,4.8934,3.342,4.05,4.84,22.58,100.0,4.5826,3.3,3.755,8.82,29.41,6.6667,1.8971,0.8239,8.0463,3.2123,2.6,6.14,21.6667,1.0,14.0,11.6667
970.0,531.0,39.0,10.72,8.12,8.33,9.46,13.15,16.0,18.1,7.5,5.42,1.89,0.975,1.325,0.175,0.2,1.79,0.775,17.5,2.5,299.0,95.65,6.21,9.36,11.89,1.75,4.35,4.11,3.34,2.68,2.68,2.34,2.85,5.13,0.56,2.8,93.65,15.36,2.14,47.83,35.12,3.8,2.47,0.82,99.43,4.1962,4.1723,2.4661,3.99,20.91,100.0,3.6333,3.6333,2.6075,4.35,22.74,100.0,3.3798,3.3798,2.6075,6.77,28.12,99.62,5.6958,4.22,4.76,0.57,5.32,100.0,5.1013,4.228,4.63,1.34,4.01,100.0,4.9058,4.13,4.56,2.08,5.73,13.6154,2.6112,1.134,10.3186,5.2853,8.5,11.1039,39.0391,3.4615,87.0,16.3842
1100.0,555.0,29.0,13.64,11.46,13.28,12.38,19.0,22.0,27.0,37.93,6.83,2.2,1.379,1.897,0.31,0.207,1.76,1.724,48.28,0.0,264.0,97.35,6.66,9.74,14.79,2.72,2.65,4.05,0.0,1.14,0.38,0.0,9.8,13.97,2.88,4.67,91.29,27.39,8.71,26.89,16.67,14.34,1.45,1.04,95.28,4.1615,3.9652,1.8261,10.71,25.95,99.24,3.4634,3.4372,1.9496,10.23,26.89,99.43,3.3263,3.3074,2.1072,9.66,26.7,99.27,5.5488,3.65,4.61,3.99,11.98,99.62,4.9655,3.913,4.5,3.79,10.98,100.0,4.9154,4.025,4.5,2.27,10.23,19.1379,2.9517,1.2819,10.5034,5.9702,8.1429,13.843,47.4262,5.4138,122.0,21.982
610.0,1761.0,179.0,5.68,3.79,5.48,6.45,8.44,12.0,17.0,3.83,3.98,1.87,0.651,1.273,0.033,0.048,1.66,0.565,49.76,15.79,857.0,97.32,5.19,7.44,2.88,0.0,2.68,4.22,1.05,1.87,1.63,1.05,4.08,5.72,0.23,0.84,91.83,19.44,4.19,13.19,10.27,4.48,0.0,1.07,97.34,4.4641,4.3452,2.5132,6.52,16.88,99.07,3.7848,3.7495,2.4814,6.3,24.27,97.85,3.3739,3.3014,2.4305,7.8,33.87,99.6,5.7193,3.974,4.75,2.61,11.05,100.0,4.9955,3.856,4.46,3.5,14.47,100.0,4.6669,3.462,4.21,4.03,19.09,9.838,2.2863,0.9929,8.1773,3.5887,3.7273,7.0425,23.5802,1.352,149.0,8.4611
640.0,866.0,73.0,5.9,4.42,5.54,5.69,11.21,16.0,21.4,16.88,4.32,2.21,1.195,1.909,0.078,0.026,1.45,0.727,63.64,7.79,373.0,97.86,5.2,7.68,4.11,1.64,2.14,3.9,0.0,1.07,1.07,0.0,6.6,8.57,0.69,0.55,97.59,11.81,2.75,19.3,14.21,7.18,0.0,0.42,97.1,4.6554,4.5206,2.838,5.45,11.47,99.73,4.1005,4.0895,2.7923,1.88,13.94,99.33,3.7293,3.7043,2.718,2.01,19.46,100.0,5.8205,4.08,5.11,0.46,9.62,100.0,5.3111,4.33,4.92,0.54,4.83,100.0,5.0815,4.372,4.74,0.67,4.7,11.863,2.4734,1.0742,8.3639,3.8325,3.5833,6.9701,24.9115,1.5479,76.0,8.776
1020.0,619.0,35.0,9.59,7.8,9.23,8.78,17.71,21.0,24.0,40.0,6.51,2.22,1.4,1.4,0.286,0.114,2.01,1.343,17.14,8.57,300.0,96.0,5.8,9.46,12.15,0.0,4.0,6.67,0.67,2.67,1.67,0.0,1.77,8.06,2.42,2.08,90.67,19.49,2.57,19.33,11.67,3.55,0.16,0.98,98.87,4.3793,4.3298,2.2711,4.84,20.16,98.67,3.5007,3.454,2.1847,6.67,28.0,98.99,3.2799,3.2469,2.1847,7.54,34.67,99.84,5.8371,4.03,4.83,1.45,8.23,100.0,4.9367,3.829,4.445,2.67,12.33,100.0,4.7998,3.536,4.33,3.02,15.58,17.6857,2.8728,1.2476,8.5441,4.8749,6.375,9.7491,35.941,3.2286,78.0,12.601
940.0,571.0,44.0,12.97,9.39,9.06,10.76,13.61,16.0,19.0,4.88,5.41,1.92,0.512,1.293,0.122,0.195,1.9,1.439,0.0,0.0,239.0,97.07,6.82,10.56,20.26,0.86,2.93,3.12,1.67,0.84,0.84,0.0,5.2,17.56,3.33,2.16,97.49,29.18,16.31,30.96,20.92,8.96,0.18,2.66,99.1,4.1327,4.0957,2.0017,10.04,25.99,99.58,3.4932,3.4786,1.9956,14.64,29.71,99.38,3.3247,3.3041,1.9956,20.37,35.19,99.64,5.7929,4.187,4.8825,1.08,5.02,100.0,5.1228,3.98,4.68,1.26,15.9,100.0,5.082,3.98,4.625,0.62,19.75,12.9773,2.5632,1.1132,9.5066,5.1238,12.0,12.7964,38.3713,3.2955,95.0,16.6375
420.0,174.0,25.0,3.01,2.25,3.79,4.61,5.61,8.0,10.0,0.0,3.29,1.49,0.323,1.065,0.0,0.0,1.44,0.258,38.71,12.9,74.0,100.0,4.55,6.13,0.0,0.0,0.0,0.0,0.0,0.0,0.0,0.0,8.62,5.75,0.0,0.0,100.0,8.11,4.05,6.76,6.76,9.77,0.0,0.42,94.25,4.6251,4.3593,2.6565,5.75,14.94,100.0,4.0237,4.0237,3.1267,0.0,9.46,100.0,3.4941,3.4941,2.5573,0.0,20.0,100.0,5.6941,3.86,4.97,3.45,12.07,100.0,5.2646,4.458,4.765,0.0,6.76,100.0,4.9086,3.932,4.5,0.0,14.29,6.96,1.9402,0.8426,7.8838,2.9571,3.1538,6.152,16.1554,0.64,11.0,6.3218
920.0,401.0,34.0,9.01,6.22,6.8,8.35,11.82,13.75,16.0,2.94,5.41,1.91,0.471,1.118,0.0,0.588,1.77,1.382,5.88,2.94,213.0,88.73,5.76,8.37,8.99,1.06,11.27,7.38,7.51,8.92,8.92,7.51,2.74,7.21,1.75,5.29,83.1,18.64,6.21,22.07,15.49,3.48,0.0,0.43,94.78,4.11,3.8953,1.5315,13.18,32.84,91.55,3.2607,2.9852,0.8451,17.37,43.19,87.92,2.9657,2.6074,0.0,24.16,55.7,99.75,5.4619,3.47,4.21,6.97,19.15,99.53,4.5454,2.598,3.94,11.74,29.58,99.33,4.1899,1.83,3.74,16.78,41.61,11.7941,2.4676,1.0717,9.6161,4.282,5.7,9.9872,30.248,2.1765,55.0,13.7157
1020.0,868.0,54.0,10.39,7.89,8.83,8.93,15.26,20.0,26.0,29.82,5.82,2.18,1.211,1.298,0.333,0.035,1.64,2.421,7.02,21.05,484.0,98.14,5.63,8.84,9.68,0.63,1.86,3.33,0.41,0.83,0.83,0.0,0.34,4.37,1.38,1.68,92.15,16.59,5.38,28.31,16.53,2.18,0.11,0.77,100.0,4.3096,4.3096,2.345,4.83,20.23,100.0,3.623,3.623,2.1675,5.58,27.07,100.0,3.3022,3.3022,2.1072,7.84,35.11,100.0,5.7454,4.149,4.9,0.23,6.78,100.0,5.091,4.013,4.6525,0.41,9.71,100.0,4.868,3.74,4.475,0.63,13.48,16.0741,2.7772,1.2061,8.9634,4.8889,7.2857,10.7063,36.4658,3.2778,108.0,12.4424
1140.0,578.0,32.0,11.1,8.75,10.91,10.04,17.3,22.0,27.6,36.36,5.82,2.34,1.152,1.848,0.242,0.242,2.01,1.636,54.55,6.06,258.0,98.45,6.01,8.91,9.84,0.79,1.55,2.27,0.0,0.78,0.78,0.0,7.53,13.84,2.77,2.36,91.47,12.29,2.97,24.42,17.05,12.26,0.35,3.14,95.97,4.2285,4.0582,2.1038,8.76,25.22,100.0,3.5214,3.5214,2.2648,6.59,28.29,100.0,3.2844,3.2844,2.0645,9.36,34.5,100.0,5.5802,3.97,4.625,3.68,10.33,100.0,4.9752,3.977,4.47,0.78,10.47,100.0,4.8051,3.74,4.315,1.17,14.04,18.0625,2.8938,1.2568,10.2693,5.2754,7.7143,11.2081,40.8999,4.125,110.0,19.0311
970.0,360.0,29.0,8.52,6.82,7.25,8.51,12.38,16.0,18.2,6.9,5.59,1.83,0.759,1.345,0.138,0.276,1.76,1.31,13.79,0.0,195.0,89.23,6.02,9.28,10.92,2.3,10.77,7.09,8.21,8.72,8.72,7.18,5.29,6.41,0.56,4.02,84.1,17.68,3.66,22.56,15.38,5.57,0.0,1.19,93.31,4.0835,3.8105,1.3694,17.83,34.54,93.33,3.2643,3.0467,1.2736,19.49,46.67,90.78,3.0776,2.7939,0.4771,22.7,53.19,99.72,5.3921,3.3,4.28,8.64,19.78,100.0,4.6389,3.276,4.015,9.23,24.1,100.0,4.4453,2.62,3.94,12.06,27.66,12.4138,2.5188,1.0939,9.9542,4.5482,5.6667,9.5819,32.6916,2.5172,69.0,19.1667
840.0,318.0,24.0,8.82,6.94,6.79,7.56,13.21,17.5,20.7,16.67,5.79,1.9,1.083,1.667,0.333,0.25,1.54,0.583,25.0,0.0,132.0,95.45,5.5,8.31,7.14,0.0,4.55,5.0,1.52,3.03,3.03,1.52,5.68,13.56,2.83,0.79,95.45,11.11,3.97,18.94,13.64,6.94,0.0,2.67,97.48,4.6019,4.4857,2.7844,4.42,14.83,98.48,3.989,3.9285,2.748,5.3,18.94,97.26,3.8533,3.7477,2.7566,6.85,21.92,100.0,5.9302,4.322,5.21,1.89,5.68,98.48,5.2702,4.172,4.9175,1.52,7.58,97.26,5.1655,4.204,4.88,2.74,8.22,13.25,2.584,1.1222,7.9184,4.1406,7.0,10.3175,33.0613,2.625,46.0,14.4654
850.0,453.0,40.0,7.97,6.64,7.84,9.47,10.74,12.5,14.8,4.65,4.56,1.86,0.233,1.07,0.023,0.279,1.72,0.744,6.98,4.65,234.0,96.15,6.09,8.39,7.11,0.0,3.85,4.65,1.71,2.99,2.56,1.71,3.68,6.28,1.1,2.22,83.33,17.95,3.08,29.91,20.51,4.76,1.08,0.9,97.19,4.0851,3.9701,2.0043,7.58,29.87,97.86,3.3342,3.263,2.0043,6.84,40.6,97.7,3.2112,3.1374,2.0043,8.05,44.25,98.48,5.4457,3.344,4.57,3.9,18.61,97.86,4.7103,3.01,4.42,2.99,20.94,97.7,4.6129,3.01,4.01,3.45,24.71,11.325,2.427,1.054,10.0193,4.657,6.875,9.3216,33.8416,2.55,69.0,15.2318
480.0,94.0,12.0,6.96,4.04,4.68,6.4,7.92,8.25,9.9,0.0,4.17,1.53,0.25,1.0,0.0,0.333,1.56,1.25,0.0,0.0,55.0,81.82,5.06,7.45,2.22,0.0,18.18,13.89,10.91,14.55,14.55,10.91,0.0,9.47,1.06,0.0,83.64,8.7,4.35,10.91,7.27,0.0,0.0,0.85,87.37,4.5059,3.9368,0.0,14.74,24.21,87.27,3.9215,3.4224,0.0,12.73,29.09,80.0,3.812,3.0496,0.0,20.0,40.0,100.0,5.4415,2.89,4.69,12.63,18.95,100.0,4.7427,1.732,4.31,12.73,18.18,100.0,4.466,1.42,3.795,20.0,28.57,7.8333,2.0584,0.8939,8.7284,3.1329,3.75,8.3441,22.727,1.1667,10.0,10.6383
900.0,386.0,29.0,10.3,8.0,8.6,9.89,12.87,16.75,18.0,6.67,5.57,1.88,0.967,1.6,0.167,0.333,1.69,1.133,16.67,0.0,196.0,97.45,6.27,10.0,16.75,3.14,2.55,3.82,0.0,1.53,1.53,0.0,1.81,5.96,1.55,3.14,92.35,16.57,4.42,37.24,26.53,4.66,0.0,0.67,98.45,4.2966,4.2298,2.4842,5.44,24.35,98.98,3.6212,3.5843,2.2635,6.63,32.14,98.4,3.3641,3.3103,2.0629,8.8,38.4,100.0,5.7127,4.23,4.815,2.07,6.48,100.0,5.0776,4.03,4.71,2.04,9.69,100.0,4.8815,3.946,4.42,3.2,13.6,13.3103,2.5885,1.1242,9.41,4.7432,7.0,11.2081,35.3311,2.931,66.0,17.0984
1160.0,490.0,28.0,11.73,10.69,11.49,11.51,17.07,21.0,24.2,27.59,6.14,2.12,1.0,1.379,0.172,0.552,2.01,1.207,10.34,3.45,246.0,93.09,6.58,9.84,18.78,1.75,6.91,5.84,4.07,4.88,4.88,4.07,6.06,11.31,2.24,2.62,88.62,27.98,12.84,30.49,17.89,9.09,0.0,0.89,96.57,4.0428,3.9039,1.6225,12.93,32.73,97.56,3.2798,3.1998,1.9889,10.16,41.87,96.47,3.1448,3.0338,1.7603,11.76,46.47,100.0,5.5206,3.318,4.47,7.27,15.56,100.0,4.8149,3.51,4.4,4.88,17.07,100.0,4.7505,3.38,4.4,6.47,15.88,17.5,2.8622,1.243,11.0138,6.3604,10.8333,11.8999,40.7653,4.0714,110.0,22.449
1180.0,679.0,34.0,12.88,11.28,13.16,12.15,20.03,24.0,29.7,47.06,6.5,2.37,0.765,1.529,0.147,1.0,2.03,2.294,11.76,0.0,342.0,96.49,6.5,10.0,15.45,0.91,3.51,4.37,1.75,2.34,1.75,0.88,3.38,10.57,3.39,3.03,86.84,25.59,14.14,37.43,25.44,8.22,0.0,1.28,98.68,4.0394,3.986,1.8692,11.89,32.01,98.54,3.251,3.2035,1.6149,15.2,43.27,98.48,3.1381,3.0903,1.6335,16.35,46.77,100.0,5.602,3.69,4.51,2.64,13.51,100.0,4.8311,3.351,4.33,2.92,18.71,100.0,4.7799,3.332,4.33,3.42,18.25,19.9706,2.9943,1.3004,10.0919,6.0487,13.6,12.7783,46.1856,5.2353,120.0,17.673
990.0,716.0,54.0,10.05,8.53,9.71,11.28,13.33,15.0,18.0,3.7,5.54,1.96,0.556,1.241,0.13,0.519,1.9,1.037,3.7,1.85,393.0,90.59,6.48,10.0,15.45,1.69,9.41,7.94,7.38,7.38,6.87,6.36,5.56,11.67,2.09,4.78,85.75,26.71,11.87,28.24,18.32,9.72,0.0,1.2,98.19,3.74,3.6724,1.3404,19.17,39.72,97.46,3.1844,3.1033,1.5352,16.28,51.15,96.58,2.9224,2.8224,1.0792,20.15,60.84,99.72,5.2887,3.229,4.095,7.08,19.03,99.49,4.6682,3.31,4.03,7.12,20.36,99.62,4.466,3.012,4.03,10.27,22.81,13.2593,2.5847,1.1225,10.6675,5.351,9.0,10.9032,34.0693,2.7593,124.0,17.3184
600.0,254.0,23.0,5.83,4.0,4.29,5.56,11.0,12.5,13.0,4.35,5.13,1.68,0.522,1.348,0.087,0.783,1.8,0.87,0.0,0.0,125.0,96.8,5.37,7.39,3.31,3.31,3.2,5.19,0.0,0.8,0.8,0.0,5.93,7.91,1.57,3.31,89.6,22.32,8.04,9.6,6.4,10.28,0.0,1.38,100.0,4.0592,4.0592,2.1644,3.95,31.62,100.0,3.4587,3.4587,2.2279,4.0,40.0,100.0,3.0336,3.0336,2.1212,5.88,54.12,100.0,5.4994,3.73,4.17,2.37,15.42,100.0,4.8386,3.74,4.01,3.2,22.4,100.0,4.4926,3.64,3.88,4.71,29.41,11.0435,2.4018,1.0431,8.8467,3.5473,4.8,7.2555,20.886,1.087,24.0,9.4488
740.0,261.0,28.0,7.1,5.81,5.77,7.94,9.43,11.25,13.0,0.0,4.79,1.58,0.321,1.179,0.107,0.071,1.84,0.429,3.57,7.14,120.0,97.5,5.93,8.61,5.13,0.0,2.5,4.17,0.0,2.5,2.5,0.0,8.33,11.36,1.15,1.71,95.0,21.93,3.51,34.17,30.0,9.09,0.0,1.32,97.73,4.2548,4.1581,2.1818,9.09,28.41,99.17,3.5121,3.4828,2.5478,5.83,33.33,98.95,3.4003,3.3645,2.5478,4.21,38.95,99.24,5.6724,3.856,4.645,3.03,10.61,100.0,4.9705,4.08,4.22,1.67,6.67,100.0,4.8628,4.08,4.16,2.11,5.26,9.3214,2.2323,0.9695,9.3622,4.1633,4.3636,8.8418,32.3099,2.1429,40.0,15.3257
1000.0,385.0,24.0,11.4,8.69,11.0,11.75,15.96,22.25,29.4,29.17,5.83,2.52,1.708,1.833,0.417,0.5,1.66,2.208,4.17,4.17,215.0,96.74,5.68,8.98,10.1,0.96,3.26,1.72,2.79,2.79,2.79,2.79,0.78,4.7,0.78,6.25,90.23,13.92,6.19,26.51,19.53,2.87,0.26,0.66,97.91,4.1566,4.0698,2.0645,8.88,29.77,97.21,3.3813,3.2869,1.9956,10.7,37.67,95.74,3.0282,2.8993,1.6335,13.48,46.1,99.74,5.5732,3.69,4.495,4.18,15.93,100.0,4.7743,3.64,4.09,6.05,22.33,100.0,4.4846,3.3,3.93,7.8,31.21,16.0417,2.7752,1.2052,9.5998,5.1336,5.1111,11.538,40.717,3.9583,66.0,17.1429
740.0,1007.0,82.0,5.75,3.91,3.8,3.76,12.27,17.0,24.0,19.51,4.89,2.24,1.073,1.841,0.098,0.049,1.41,0.829,58.54,6.1,372.0,97.85,5.18,7.65,4.12,0.0,2.15,3.45,0.54,0.27,0.0,0.0,5.37,9.74,0.89,0.82,97.58,11.02,1.65,24.19,20.43,6.46,0.3,1.65,95.23,4.8151,4.5854,2.6862,6.66,13.22,99.73,4.0794,4.0685,2.906,2.15,12.37,100.0,3.7038,3.7038,2.711,1.8,17.96,100.0,5.94,4.275,5.18,3.88,8.25,100.0,5.338,4.45,4.9475,1.34,4.57,100.0,5.1329,4.39,4.735,0.6,5.39,12.2805,2.508,1.0892,7.5541,3.4587,3.25,6.9665,21.4165,1.122,79.0,7.8451
880.0,189.0,16.0,8.32,5.94,6.71,7.78,11.94,13.5,15.5,6.25,5.62,1.83,0.062,0.938,0.062,0.375,1.63,1.75,6.25,6.25,107.0,92.52,5.82,8.95,10.1,3.03,7.48,3.53,5.61,6.54,6.54,5.61,1.05,5.24,1.59,6.06,81.31,19.54,5.75,18.69,14.02,2.09,0.0,0.43,100.0,3.9101,3.9101,1.5051,16.23,34.55,100.0,3.01,3.01,1.3409,18.69,45.79,100.0,2.8654,2.8654,1.2068,20.73,51.22,100.0,5.5275,3.19,4.19,8.38,21.99,100.0,4.5741,3.02,3.92,9.35,26.17,100.0,4.4566,2.917,3.7825,12.2,29.27,11.8125,2.4692,1.0723,9.6528,4.6432,6.75,9.0177,31.9183,2.375,38.0,20.1058
680.0,181.0,17.0,9.56,6.43,5.34,6.99,10.59,14.0,15.4,0.0,4.59,1.78,0.471,1.353,0.176,0.706,1.59,1.176,0.0,5.88,81.0,96.3,6.23,10.85,11.54,8.97,3.7,5.26,0.0,2.47,2.47,0.0,6.67,10.56,1.66,10.26,86.42,7.14,4.29,14.81,13.58,8.89,0.0,0.49,98.33,4.2543,4.1834,1.8444,10.56,20.0,97.53,3.404,3.32,0.4771,12.35,32.1,96.08,2.939,2.8237,0.4771,19.61,45.1,98.89,5.6551,3.728,4.75,8.33,12.22,98.77,4.7867,2.38,4.42,11.11,17.28,98.04,4.391,2.38,3.88,17.65,27.45,10.6471,2.3653,1.0272,8.352,4.1458,5.7,10.5905,29.9841,2.0588,26.0,14.3646
980.0,546.0,39.0,8.9,7.12,7.87,8.7,14.26,17.0,21.3,13.16,5.16,2.14,0.579,1.211,0.0,0.526,2.02,1.184,13.16,0.0,246.0,92.28,5.86,8.68,7.49,0.44,7.72,5.26,5.69,6.1,3.66,2.85,8.12,11.62,2.01,3.08,91.06,16.96,8.04,26.42,17.48,9.96,0.0,2.23,92.99,4.3493,4.0444,1.7993,11.44,24.72,94.72,3.6227,3.4313,1.8449,10.57,27.64,95.57,3.4255,3.2737,1.9213,10.13,30.38,99.63,5.6207,3.792,4.8125,7.38,10.7,100.0,4.9734,3.765,4.665,6.91,10.98,100.0,4.9166,3.966,4.6225,5.7,10.13,14.0,2.6391,1.1461,9.7967,4.7976,7.5714,9.7887,31.5824,2.4615,83.0,15.2015
950.0,182.0,13.0,12.41,9.45,9.56,10.8,15.08,18.25,19.9,16.67,6.0,2.12,1.083,1.25,0.167,0.0,1.96,0.75,8.33,16.67,73.0,97.26,6.43,9.63,11.27,0.0,2.74,3.51,0.0,2.74,2.74,0.0,10.5,19.34,4.95,2.82,93.15,25.0,5.88,43.84,30.14,16.57,1.1,1.44,98.9,4.2244,4.1778,2.2504,7.18,27.62,100.0,3.4764,3.4764,2.2177,4.11,34.25,100.0,3.2924,3.2924,2.1324,4.26,36.17,100.0,5.7814,3.86,4.67,1.1,14.36,100.0,5.071,4.16,4.53,1.37,8.22,100.0,4.9672,4.034,4.35,0.0,10.64,14.0,2.6391,1.1461,9.9702,5.3646,8.7143,12.8962,39.8242,3.6154,36.0,19.7802
1110.0,682.0,48.0,12.08,9.49,10.21,11.58,14.12,17.0,20.3,16.67,5.62,2.02,0.396,1.271,0.104,0.75,1.86,1.896,6.25,2.08,314.0,95.22,6.8,9.74,13.71,1.34,4.78,5.5,2.23,2.55,1.59,0.64,8.7,13.13,1.76,3.01,86.62,20.96,7.72,38.22,29.94,9.88,0.15,1.04,92.63,3.9585,3.6666,0.9215,19.76,38.05,98.09,3.2314,3.1696,2.086,8.92,44.27,98.17,3.0619,3.006,2.0828,9.59,49.32,99.26,5.339,3.087,4.25,9.59,18.58,99.04,4.7833,3.8,4.2925,4.78,13.38,99.54,4.6588,3.8,4.16,5.02,13.7,14.2083,2.6538,1.1525,11.0786,5.4905,7.25,12.1617,40.7479,3.7708,134.0,19.6481
1080.0,886.0,52.0,9.93,8.0,9.84,9.23,17.49,24.0,29.0,33.33,6.08,2.32,1.451,2.059,0.118,0.275,1.72,0.98,58.82,3.92,403.0,95.78,6.01,9.0,10.36,0.78,4.22,5.74,0.0,1.74,0.99,0.0,6.5,8.63,1.69,3.11,91.07,22.07,9.54,24.57,19.6,7.4,0.34,0.73,96.3,4.3325,4.1722,2.0261,9.75,21.08,99.26,3.5325,3.5062,1.9864,10.17,29.28,99.05,3.2501,3.2193,1.8976,11.37,35.07,99.78,5.6574,3.83,4.72,3.03,14.24,100.0,4.8965,3.534,4.31,4.96,15.63,100.0,4.6992,3.35,4.15,5.21,19.43,17.0385,2.8355,1.2314,9.739,5.1924,11.2,10.3465,38.4832,3.6538,158.0,17.833
940.0,461.0,37.0,8.71,6.88,8.22,9.98,12.49,15.0,17.0,2.7,5.38,1.92,0.459,1.054,0.162,0.27,2.28,0.622,2.7,5.41,227.0,93.83,6.25,9.78,14.08,0.94,6.17,8.4,2.64,3.96,3.96,2.64,6.49,11.04,1.74,2.35,89.43,16.75,5.42,33.92,23.35,10.61,0.0,1.94,99.78,3.9418,3.9333,1.7634,13.2,35.06,100.0,3.3119,3.3119,2.1099,9.69,48.02,100.0,3.201,3.201,2.0631,10.18,54.49,100.0,5.5218,3.67,4.26,1.3,17.32,100.0,4.8525,3.896,4.115,2.64,11.45,100.0,4.7874,3.848,4.11,3.59,11.98,12.4595,2.5225,1.0955,9.6662,4.424,6.3333,10.1572,36.1037,2.9459,67.0,14.5336
610.0,278.0,32.0,5.92,4.27,5.19,7.16,8.42,10.0,13.8,0.0,4.55,1.57,0.333,1.03,0.03,0.242,1.86,0.606,0.0,6.06,148.0,91.22,5.89,8.29,6.67,3.7,8.78,5.26,6.76,8.11,8.11,6.76,1.44,7.91,2.16,5.93,83.11,17.89,0.81,21.62,14.86,2.88,0.0,1.21,100.0,4.1668,4.1668,2.196,7.91,23.74,100.0,3.4035,3.4035,1.4314,13.51,34.46,100.0,3.144,3.144,1.0792,18.87,43.4,100.0,5.6471,3.932,4.725,6.12,10.43,100.0,4.7934,2.73,4.2,12.84,16.89,100.0,4.5798,2.57,4.15,16.98,21.7,8.6875,2.1619,0.9389,8.2705,3.2704,4.1667,7.9723,23.4357,1.2812,29.0,10.4317
530.0,145.0,18.0,7.36,4.56,5.14,7.45,8.06,9.75,11.0,0.0,4.17,1.46,0.222,1.056,0.0,0.444,1.78,0.444,0.0,0.0,70.0,87.14,5.29,7.0,3.28,1.64,12.86,8.51,10.0,10.0,10.0,10.0,10.34,13.1,3.45,3.28,81.43,8.77,3.51,18.57,15.71,11.03,0.0,0.6,96.55,4.0586,3.9187,1.5158,12.41,24.83,94.29,3.369,3.1765,1.0886,15.71,31.43,92.0,3.1459,2.8942,0.301,20.0,38.0,99.31,5.3828,3.344,4.62,8.97,16.55,94.29,4.5419,2.632,4.085,11.43,22.86,92.0,4.2704,1.93,3.775,14.0,28.0,8.0556,2.0864,0.9061,8.9364,3.4576,3.8462,8.8418,28.7452,1.6667,20.0,13.7931
960.0,717.0,52.0,10.93,9.31,10.34,11.73,13.83,17.0,21.9,17.31,5.48,2.09,0.846,1.385,0.077,0.308,1.93,0.788,25.0,1.92,410.0,95.61,7.07,10.0,26.02,2.55,4.39,5.11,2.93,2.93,2.68,2.44,0.28,0.14,0.0,2.3,90.0,20.87,2.71,41.95,31.71,0.7,0.0,0.12,100.0,4.2756,4.2756,2.3646,5.7,21.42,99.76,3.4416,3.4332,2.2271,7.32,29.51,99.65,3.2768,3.2652,2.1106,8.83,34.28,100.0,5.7676,4.15,4.735,2.64,7.93,100.0,4.9465,3.878,4.59,3.41,12.2,100.0,4.8464,3.732,4.59,4.95,13.78,13.7885,2.6238,1.1395,10.1783,5.35,7.0,11.2855,42.5193,3.9615,111.0,15.4812
890.0,439.0,36.0,8.8,6.45,7.85,9.58,12.19,15.0,17.5,2.78,5.83,1.69,0.444,1.25,0.167,0.389,1.77,0.917,2.78,0.0,217.0,95.39,6.29,8.55,6.76,0.0,4.61,5.93,1.38,1.84,1.38,0.0,5.69,9.34,1.59,1.93,88.48,21.88,11.98,29.03,18.43,6.83,0.0,0.6,96.36,4.1229,3.9727,1.8854,11.62,29.38,99.54,3.3525,3.337,1.9533,10.6,36.87,99.32,3.1276,3.1064,1.8921,14.97,47.62,99.77,5.5412,3.644,4.565,4.33,13.9,99.54,4.8827,3.6,4.19,2.3,15.67,99.32,4.6878,3.5,4.12,3.4,21.77,12.1944,2.501,1.0862,9.7804,4.3999,6.1111,9.794,30.6455,2.25,75.0,17.0843
900.0,488.0,30.0,10.11,7.56,8.7,8.69,16.2,20.5,25.1,26.67,6.13,2.25,0.9,1.667,0.2,0.333,1.84,0.4,23.33,0.0,176.0,96.59,5.97,9.58,14.12,0.59,3.41,5.26,1.14,1.7,1.7,1.14,0.41,14.61,4.71,0.59,84.09,12.16,0.68,33.52,24.43,5.97,0.0,0.18,99.59,4.5669,4.5481,2.5599,7.82,13.17,98.86,3.5855,3.5448,1.6902,15.34,26.14,98.13,3.1827,3.1232,1.6902,22.43,35.51,100.0,6.0034,4.345,5.11,4.32,8.44,100.0,4.9948,3.37,4.72,2.84,16.48,100.0,4.7128,3.37,4.025,2.8,24.3,16.2667,2.7891,1.2113,7.5172,4.4543,7.2857,10.7936,33.4798,2.8,40.0,8.1967
860.0,303.0,24.0,9.67,7.68,7.58,9.04,12.58,14.0,16.0,0.0,5.5,1.79,0.583,1.292,0.042,0.583,1.99,0.958,4.17,0.0,160.0,95.0,5.86,8.57,7.89,0.66,5.0,8.89,0.0,1.25,0.62,0.0,2.98,6.29,0.66,0.66,97.5,26.28,7.05,26.25,19.38,2.98,0.0,1.45,100.0,4.2419,4.2419,2.1943,8.28,21.52,100.0,3.5424,3.5424,2.4918,3.12,27.5,100.0,3.4002,3.4002,2.4724,1.75,28.95,100.0,5.7357,3.85,4.73,0.99,11.59,100.0,5.0286,4.053,4.545,0.0,10.0,100.0,4.9044,3.95,4.46,0.0,12.28,12.625,2.5357,1.1012,8.0669,4.1234,6.5556,11.2919,34.7372,2.7917,38.0,12.5413
980.0,636.0,48.0,10.46,8.93,9.49,10.98,15.12,15.0,17.0,4.88,5.34,2.4,0.561,1.268,0.073,0.293,2.03,1.195,7.32,0.0,231.0,95.24,7.3,11.0,23.18,5.91,4.76,6.54,0.87,1.73,1.3,0.0,5.65,21.61,4.56,8.64,89.61,27.05,11.59,38.53,21.21,11.13,0.0,2.22,99.19,4.2426,4.2084,2.155,8.71,23.23,99.57,3.2699,3.2557,1.6532,15.15,38.1,99.33,3.1642,3.1431,1.3802,17.33,41.33,100.0,5.8459,4.069,4.95,1.61,9.35,100.0,4.8959,3.55,4.375,5.19,16.88,100.0,4.863,3.48,4.3275,8.0,17.33,13.25,2.584,1.1222,9.6067,5.1953,6.2222,11.6585,42.6525,3.8958,124.0,19.4969
980.0,537.0,41.0,10.9,9.1,10.06,11.78,14.08,18.0,21.4,18.92,5.65,2.08,0.73,1.297,0.081,0.649,1.95,0.838,8.11,2.7,226.0,96.46,6.86,10.11,23.85,4.13,3.54,4.08,1.77,0.0,0.0,0.0,5.37,21.31,3.91,3.67,96.9,31.51,14.16,35.4,16.81,11.13,0.19,2.3,99.23,4.1065,4.075,2.1106,9.6,22.65,100.0,3.3947,3.3947,1.9031,15.04,35.84,100.0,3.2536,3.2536,1.9031,18.46,41.54,100.0,5.7433,4.37,4.95,1.54,6.33,100.0,5.0396,4.04,4.47,0.88,8.85,100.0,5.0024,4.04,4.4075,0.0,7.69,13.0976,2.5724,1.1172,10.1082,5.136,6.0,11.6866,42.1478,3.8049,85.0,15.8287
960.0,626.0,45.0,10.29,7.87,8.56,9.69,13.96,17.0,19.0,8.89,5.8,2.04,0.489,1.222,0.044,0.267,2.18,0.778,0.0,0.0,256.0,96.88,6.09,8.58,8.87,0.81,3.12,4.52,0.78,1.17,1.17,0.78,4.46,16.72,4.15,2.02,95.31,22.54,8.2,33.98,21.48,11.31,0.0,1.27,99.84,4.2396,4.2328,2.1367,7.8,23.25,100.0,3.4774,3.4774,2.3962,6.25,30.08,100.0,3.3082,3.3082,2.2484,7.45,37.77,99.84,5.7827,4.124,4.8475,4.78,8.6,100.0,5.0312,4.135,4.42,0.78,7.81,100.0,4.938,4.044,4.24,1.06,9.04,13.9111,2.6327,1.1434,8.8163,4.5589,14.8,11.2529,37.2338,3.2444,72.0,11.5016
790.0,289.0,25.0,8.64,6.92,7.25,9.01,11.52,15.0,18.4,12.0,4.88,1.78,0.24,1.24,0.0,0.16,1.92,1.12,8.0,4.0,102.0,100.0,6.13,8.17,4.9,0.0,0.0,0.0,0.0,0.0,0.0,0.0,11.11,23.61,5.19,0.0,97.06,24.24,13.13,37.25,19.61,15.28,0.0,1.52,100.0,4.2314,4.2314,2.0253,7.29,26.39,100.0,3.6262,3.6262,2.5132,4.9,25.49,100.0,3.2575,3.2575,2.4886,7.46,35.82,100.0,5.8118,4.03,4.7475,4.51,9.38,100.0,5.1788,4.12,4.7225,0.0,3.92,100.0,4.9478,4.12,4.255,0.0,5.97,11.56,2.4476,1.063,9.1272,4.1949,6.0,10.5337,31.2832,2.28,32.0,11.0727
940.0,348.0,23.0,8.81,7.5,8.74,9.29,15.13,16.0,19.6,13.04,5.74,2.01,0.826,1.565,0.13,0.957,1.62,1.783,13.04,0.0,177.0,96.61,5.67,8.33,4.09,0.0,3.39,3.85,2.26,2.26,2.26,2.26,1.44,5.17,2.01,3.51,90.96,20.5,11.18,25.42,20.9,2.59,0.0,1.01,98.28,4.2925,4.2185,2.2586,8.33,20.4,97.74,3.5469,3.4667,2.3404,8.47,28.81,96.64,3.3845,3.2707,1.6335,12.61,36.97,98.85,5.7279,3.99,4.77,2.3,10.34,97.74,4.8866,3.688,4.46,3.39,14.12,96.64,4.7152,3.37,4.095,5.04,18.49,15.1304,2.7167,1.1799,9.0151,4.9,7.2857,9.6535,35.5327,3.087,54.0,15.5172
720.0,121.0,12.0,9.98,6.29,5.49,7.34,9.92,11.0,12.8,0.0,4.25,1.75,0.833,1.583,0.0,0.667,1.47,0.083,8.33,0.0,53.0,86.79,5.07,7.13,2.17,0.0,13.21,3.33,13.21,13.21,13.21,13.21,4.2,10.08,0.83,2.17,84.91,0.0,0.0,22.64,20.75,4.2,0.0,2.9,94.12,4.6434,4.3703,1.7993,10.92,19.33,86.79,3.9896,3.4627,0.0,15.09,33.96,76.67,3.6093,2.7671,0.0,23.33,50.0,100.0,5.8206,3.93,5.155,6.72,10.92,100.0,4.9406,2.2,4.4,15.09,18.87,100.0,4.5153,2.2,4.26,23.33,23.33,10.0833,2.3109,1.0036,8.8345,4.0376,5.5,10.1258,28.2652,1.8333,15.0,12.3967
1020.0,686.0,51.0,13.66,10.56,11.51,13.31,13.47,16.0,22.0,17.65,5.2,2.05,0.725,1.333,0.059,0.235,1.7,1.765,5.88,3.92,411.0,96.35,7.41,11.42,32.83,6.31,3.65,6.67,1.22,2.43,1.7,1.22,0.15,1.46,0.29,6.06,87.83,41.0,13.3,34.31,27.01,0.87,0.0,0.12,98.69,3.9141,3.8628,1.8062,13.68,34.35,98.54,3.0671,3.0223,1.7243,18.25,46.96,98.67,2.8905,2.8521,1.5798,22.26,51.16,100.0,5.4974,3.81,4.55,2.47,15.72,100.0,4.706,3.37,4.225,3.41,22.38,100.0,4.5919,3.05,3.89,3.32,27.24,13.451,2.5991,1.1288,10.9097,5.6942,8.125,12.8608,42.1682,3.8627,114.0,16.6181
1000.0,425.0,31.0,10.94,8.44,10.33,11.82,13.94,17.0,20.0,12.9,6.16,1.94,0.774,1.258,0.161,0.0,1.56,1.323,9.68,3.23,216.0,93.06,6.52,9.26,13.43,1.49,6.94,6.15,4.17,6.48,6.48,4.17,3.24,9.26,2.12,2.49,87.5,22.75,7.41,42.59,28.7,7.18,1.85,0.2,95.6,4.1057,3.9252,1.5705,13.89,31.94,96.3,3.4132,3.2868,1.6021,12.5,43.52,94.37,3.0704,2.8974,1.5315,19.01,54.93,98.15,5.5367,3.8,4.5975,5.56,13.19,96.76,4.8804,3.72,4.45,6.02,12.04,95.07,4.5694,3.25,4.1825,9.15,17.61,13.7097,2.6181,1.137,10.261,5.261,12.1667,11.2081,39.3567,3.5161,84.0,19.7647
1030.0,472.0,30.0,10.19,7.72,8.46,8.63,15.6,16.0,29.0,20.0,5.93,2.11,0.9,1.733,0.233,0.267,1.87,1.0,13.33,0.0,191.0,96.34,6.08,8.93,9.78,0.54,3.66,2.11,3.14,2.09,0.52,0.0,9.4,18.16,4.03,1.09,90.58,17.92,6.36,27.23,21.99,11.54,1.28,2.04,97.22,4.234,4.1164,1.6853,11.75,22.44,100.0,3.5856,3.5856,2.3096,5.76,26.18,100.0,3.3823,3.3823,2.1399,7.55,32.08,100.0,5.6947,3.9,4.81,5.98,12.18,100.0,5.0877,4.07,4.565,3.66,8.38,100.0,4.9566,3.955,4.4675,3.77,10.38,15.7333,2.7558,1.1968,9.5687,4.8794,11.2,10.5042,34.3774,2.9333,68.0,14.4068
770.0,306.0,28.0,9.21,6.87,7.72,9.71,10.93,14.0,16.0,0.0,5.0,1.78,0.393,1.321,0.107,0.071,1.82,1.107,0.0,0.0,144.0,98.61,6.28,9.25,16.9,0.7,1.39,2.08,0.0,0.69,0.69,0.0,6.54,9.8,1.31,2.82,95.83,22.46,7.97,22.92,15.97,8.82,0.0,0.28,99.67,4.1268,4.1133,1.9164,10.46,30.07,99.31,3.4187,3.395,2.2336,6.25,38.89,98.94,3.0514,3.019,2.0671,8.51,52.13,100.0,5.6768,3.89,4.5225,1.63,11.11,100.0,4.9432,3.911,4.24,2.08,12.5,100.0,4.676,3.89,4.16,3.19,15.96,10.9286,2.3914,1.0386,8.9259,4.2629,6.4,10.6088,35.1116,2.6429,47.0,15.3595
530.0,873.0,96.0,5.38,3.73,4.83,5.92,8.3,11.0,14.6,4.76,4.01,1.84,0.571,1.295,0.076,0.038,1.58,0.495,49.52,8.57,399.0,94.74,5.4,7.84,3.7,0.0,5.26,5.76,2.26,3.26,3.01,2.26,4.59,4.71,0.46,2.65,92.73,15.95,4.59,21.05,14.54,5.4,0.11,0.17,95.52,4.544,4.3405,2.1367,9.76,16.07,99.75,3.7019,3.6926,2.3035,8.02,21.3,99.49,3.3195,3.3027,1.9503,10.66,26.9,98.85,5.7051,3.59,4.85,4.82,11.83,99.75,4.9847,3.654,4.55,5.01,13.03,99.49,4.7077,3.318,4.42,7.11,15.23,9.0938,2.2076,0.9587,8.3742,3.5004,5.0,7.6076,23.9849,1.3542,96.0,10.9966
970.0,371.0,29.0,8.89,6.77,7.78,9.09,12.9,16.0,17.2,0.0,5.45,1.78,0.621,1.241,0.172,0.276,1.89,0.897,10.34,6.9,200.0,98.5,6.15,9.27,12.18,1.02,1.5,2.36,0.0,1.0,1.0,0.0,5.35,4.28,0.54,5.58,89.5,17.88,7.82,28.0,20.5,8.29,0.0,0.46,97.33,4.019,3.9115,1.7668,13.37,31.02,99.0,3.3266,3.2933,1.9138,12.0,29.5,98.58,3.1152,3.071,1.8513,14.18,34.75,99.73,5.5048,3.573,4.4,4.81,13.1,99.5,4.8688,3.9,4.3225,5.0,11.5,99.29,4.6817,3.84,4.23,7.09,13.48,12.7931,2.5489,1.107,9.8039,4.335,7.125,10.0854,28.9656,2.069,60.0,16.1725
610.0,799.0,73.0,5.68,4.3,5.6,6.03,9.97,13.0,16.1,6.25,4.56,2.09,1.262,1.775,0.05,0.15,1.37,0.5,70.0,6.25,342.0,97.95,5.22,7.73,3.88,0.6,2.05,3.7,0.0,0.29,0.0,0.0,8.4,9.27,0.63,2.39,91.52,12.46,2.56,12.87,11.11,8.52,0.0,0.37,98.12,4.5607,4.4749,2.6459,4.51,14.16,100.0,4.0127,4.0127,2.3877,4.39,18.13,100.0,3.4962,3.4962,2.2672,5.79,28.93,99.75,5.7583,4.1,4.8325,2.63,9.15,100.0,5.1994,3.94,4.64,1.17,13.16,100.0,4.8288,3.93,4.33,1.65,21.49,10.9452,2.3929,1.0392,8.3097,3.7708,4.6,7.4104,25.5885,1.6027,74.0,9.2616
1020.0,479.0,35.0,10.82,9.16,9.93,11.39,13.57,17.0,18.6,2.86,5.91,1.92,0.714,1.286,0.057,0.457,2.0,1.114,14.29,0.0,262.0,95.42,6.59,9.63,18.4,1.2,4.58,7.36,0.0,1.53,1.53,0.0,3.16,7.16,1.46,6.8,80.92,28.3,5.66,34.73,19.47,5.05,0.21,1.46,99.37,3.8893,3.8647,1.7677,15.16,33.89,99.62,3.043,3.0314,1.6472,16.79,48.09,99.46,2.8143,2.799,1.586,20.54,57.3,99.79,5.5,3.65,4.52,1.47,16.63,100.0,4.6852,3.551,3.98,4.96,25.95,100.0,4.5075,3.31,3.77,7.03,31.89,13.6857,2.6164,1.1363,10.4797,5.6952,5.5556,11.3227,40.8256,3.7143,109.0,22.7557
980.0,739.0,53.0,10.72,8.5,10.14,11.62,14.37,18.0,21.0,13.73,5.69,2.03,0.843,1.549,0.275,0.333,1.82,1.098,11.76,3.92,406.0,97.29,6.5,10.53,20.76,0.25,2.71,4.15,1.23,1.23,1.23,0.74,0.95,4.5,0.95,4.05,93.1,32.01,12.96,42.36,23.4,1.09,0.0,1.56,99.18,4.1066,4.073,2.1891,7.64,28.38,99.26,3.2339,3.21,1.9031,12.07,42.36,98.93,2.977,2.9451,1.7482,13.57,48.57,99.86,5.6314,3.952,4.62,1.64,12.41,100.0,4.8094,3.695,4.15,3.94,21.92,100.0,4.6179,3.69,3.935,5.0,26.43,13.9434,2.635,1.1444,10.1612,5.1092,10.5,11.2081,41.007,3.7736,119.0,16.1028
800.0,380.0,32.0,9.38,8.51,8.14,9.99,12.0,14.5,17.0,6.45,5.03,1.81,0.581,1.194,0.065,0.194,1.84,0.839,3.23,0.0,143.0,97.9,6.01,9.16,12.14,0.71,2.1,3.37,0.0,0.0,0.0,0.0,6.18,24.19,5.0,1.43,97.2,15.11,2.88,40.56,27.97,15.32,0.0,1.41,97.04,4.4603,4.3284,2.5922,5.38,17.2,100.0,3.7646,3.7646,2.4517,4.2,22.38,100.0,3.6426,3.6426,2.383,5.75,27.59,100.0,5.9166,4.39,5.2275,2.96,5.38,100.0,5.2969,4.34,4.79,2.1,4.9,100.0,5.2924,4.34,4.9,2.3,6.9,11.875,2.4744,1.0746,8.0899,4.3239,5.2,11.5178,38.4539,3.1562,57.0,15.0
590.0,1166.0,125.0,5.65,3.37,4.48,5.61,8.6,12.0,15.5,3.68,4.14,1.82,0.485,1.338,0.081,0.118,1.69,0.566,47.79,8.82,516.0,96.51,5.05,7.33,2.21,0.2,3.49,4.56,1.36,1.74,1.36,0.97,2.91,7.01,1.2,0.8,93.99,14.02,2.47,16.47,14.53,4.28,0.0,1.54,98.89,4.5504,4.4998,2.7993,3.08,13.0,99.42,3.8307,3.8085,2.601,2.91,21.51,98.88,3.5032,3.4641,2.5609,3.35,28.25,99.66,5.8292,4.256,4.89,1.45,6.24,100.0,5.0782,4.06,4.53,1.94,9.3,100.0,4.8257,3.98,4.39,2.97,10.78,9.328,2.233,0.9698,7.6878,3.3048,4.2727,7.3426,22.6213,1.24,104.0,8.9194
1050.0,440.0,27.0,10.79,7.98,7.89,7.59,16.07,21.0,23.4,29.63,6.04,2.13,0.963,1.481,0.148,0.296,1.96,0.815,18.52,0.0,193.0,94.82,6.33,9.86,14.75,1.09,5.18,6.03,2.59,2.59,1.04,1.04,6.22,13.36,2.95,3.83,91.71,17.51,5.08,29.02,21.76,8.76,0.0,2.97,95.16,4.4383,4.2235,2.1016,9.22,18.66,98.96,3.646,3.6082,2.1553,6.74,20.73,98.26,3.4006,3.3414,2.1206,7.83,24.35,100.0,5.8533,4.103,5.07,0.69,8.99,100.0,5.2384,4.202,4.84,1.04,6.22,100.0,5.1099,4.2,4.69,0.87,6.96,16.2963,2.7909,1.2121,9.7201,4.9936,7.7143,10.9805,31.2963,2.4444,68.0,15.4545
1020.0,684.0,46.0,10.51,8.31,9.73,10.61,14.67,18.0,22.5,19.57,6.0,1.96,0.739,1.326,0.152,0.478,1.84,1.413,15.22,0.0,319.0,96.87,6.43,9.51,14.89,0.65,3.13,3.02,1.88,0.31,0.0,0.0,7.26,13.04,2.63,1.94,95.92,20.92,4.58,30.09,19.44,10.81,0.0,0.9,99.7,4.0762,4.0641,2.2833,6.67,27.41,100.0,3.4842,3.4842,2.3365,4.08,28.21,100.0,3.4048,3.4048,2.3365,3.74,29.91,100.0,5.6515,3.954,4.71,2.96,10.96,100.0,5.0616,4.106,4.535,1.25,7.52,100.0,5.0346,4.123,4.5525,1.4,7.48,14.8696,2.6993,1.1723,9.799,5.2365,9.0,10.9403,38.8462,3.5652,120.0,17.5439
690.0,1594.0,138.0,5.85,4.14,5.13,5.39,10.27,14.0,20.5,11.54,4.28,2.09,0.942,1.705,0.103,0.115,1.6,0.628,66.67,9.62,712.0,97.61,5.12,7.33,4.17,0.43,2.39,3.37,1.12,1.26,1.12,0.42,5.43,6.87,0.75,2.45,93.54,10.81,2.55,13.48,11.1,6.18,0.0,0.33,96.69,4.6627,4.5084,2.7372,6.37,12.73,99.16,3.9962,3.9626,2.6014,5.48,16.01,98.39,3.577,3.5193,2.2314,7.1,23.23,99.88,5.8466,4.321,5.01,1.87,6.49,99.86,5.1764,4.031,4.75,2.95,9.83,100.0,4.8929,3.818,4.5125,3.55,13.55,11.5507,2.4467,1.0626,7.8845,3.6816,4.8889,7.2841,22.7803,1.2971,131.0,8.2183
1110.0,558.0,35.0,12.97,10.23,10.63,10.95,15.58,21.5,25.0,36.11,5.72,2.22,0.972,1.278,0.139,0.25,1.97,0.917,22.22,8.33,286.0,96.15,6.55,10.21,19.64,1.45,3.85,5.43,0.7,1.4,1.05,0.0,5.7,9.63,2.33,2.91,93.36,17.6,2.62,40.56,23.43,8.38,1.43,2.64,97.68,4.1611,4.0647,1.9494,10.7,24.24,99.65,3.5252,3.5129,2.1271,5.94,26.92,99.45,3.3229,3.3048,2.1271,6.01,28.96,99.64,5.6376,4.05,4.7,2.32,9.27,100.0,5.0615,4.22,4.64,0.7,8.39,100.0,4.9344,4.18,4.625,1.09,9.84,15.9429,2.769,1.2026,10.5678,5.7224,6.2222,12.737,40.3156,3.8857,133.0,23.8351
780.0,173.0,15.0,6.93,6.03,5.76,6.88,11.4,13.5,17.6,0.0,4.87,2.02,0.667,1.6,0.133,0.267,1.71,0.533,13.33,0.0,68.0,100.0,5.63,8.53,8.82,0.0,0.0,0.0,0.0,0.0,0.0,0.0,8.19,16.37,4.05,4.41,91.18,16.13,3.23,17.65,13.24,12.28,0.0,0.0,100.0,4.2513,4.2513,1.8633,11.7,22.22,100.0,3.563,3.563,2.1742,7.35,25.0,100.0,3.3568,3.3568,1.7535,11.63,32.56,100.0,5.7964,3.62,4.75,6.43,12.87,100.0,4.9856,3.515,4.62,2.94,16.18,100.0,4.8553,3.348,4.165,4.65,20.93,11.5333,2.4452,1.062,8.4983,4.0062,4.7,8.4474,24.2501,1.4667,23.0,13.2948
450.0,154.0,21.0,5.53,3.28,2.39,3.78,7.1,7.0,9.0,4.76,3.76,1.73,0.095,1.048,0.0,0.286,1.8,0.048,4.76,0.0,42.0,100.0,5.91,8.85,7.14,0.0,0.0,0.0,0.0,0.0,0.0,0.0,8.05,28.86,6.49,0.0,100.0,9.52,0.0,21.43,19.05,16.78,0.67,5.98,92.62,4.6306,4.2887,2.539,9.4,15.44,100.0,4.1016,4.1016,3.293,0.0,4.76,100.0,3.8324,3.8324,3.2813,0.0,4.17,100.0,5.8581,4.344,5.15,2.68,9.4,100.0,5.4036,4.693,4.97,0.0,0.0,100.0,5.2221,4.67,4.95,0.0,0.0,7.3333,1.9924,0.8653,8.1015,3.4366,3.8333,7.2637,17.7229,0.7619,16.0,10.3896
940.0,1793.0,119.0,9.24,6.9,7.82,8.09,14.98,20.0,24.0,26.05,6.08,2.07,1.0,1.697,0.21,0.235,1.71,0.622,14.29,0.0,737.0,97.42,6.11,9.22,11.7,0.7,2.58,4.38,0.27,0.54,0.54,0.0,5.5,11.16,2.06,1.81,94.71,16.76,5.59,25.64,15.74,7.91,0.0,1.79,96.35,4.4477,4.2855,2.2253,7.74,20.53,99.73,3.6142,3.6044,2.3646,6.11,27.27,99.54,3.4402,3.4242,2.243,6.73,33.18,99.89,5.7638,3.94,4.86,4.21,10.88,100.0,5.0493,3.94,4.56,1.49,11.94,100.0,4.9409,3.94,4.455,1.39,14.15,15.0672,2.7125,1.178,8.6726,4.5031,7.8571,9.8763,33.6395,2.7983,224.0,12.493
1090.0,509.0,33.0,10.41,8.51,10.25,10.61,15.55,19.0,28.6,24.24,5.36,2.43,0.879,1.485,0.091,0.303,2.09,1.242,21.21,9.09,235.0,93.19,6.63,10.14,18.26,3.65,6.81,8.06,0.85,3.83,2.13,0.0,6.82,15.98,3.93,7.31,76.6,33.33,15.56,21.7,14.04,12.87,0.58,1.61,97.47,3.9437,3.8437,1.5364,14.62,34.5,99.15,3.125,3.0984,1.5723,18.3,52.34,100.0,2.9645,2.9645,1.5198,19.74,59.87,100.0,5.4033,3.52,4.23,4.68,17.93,100.0,4.5821,3.364,3.98,5.53,25.53,100.0,4.4798,3.18,3.85,6.58,26.32,15.4242,2.7359,1.1882,10.6989,5.4468,8.8333,11.2081,38.4105,3.5455,127.0,24.9509
1140.0,1308.0,80.0,11.52,9.09,10.64,11.02,16.02,19.0,24.0,24.69,6.01,2.12,0.877,1.506,0.259,0.222,2.02,1.272,12.35,4.94,652.0,95.25,6.84,10.53,24.64,4.99,4.75,4.14,3.37,2.91,2.45,1.99,1.16,11.4,2.52,12.72,82.36,32.59,5.96,23.62,13.8,7.01,0.0,1.55,98.92,4.0254,3.982,1.8331,12.02,32.28,98.16,3.0822,3.0255,1.3424,20.86,46.47,97.45,2.8018,2.7304,1.1461,24.84,54.56,100.0,5.5401,3.62,4.3325,5.08,18.88,100.0,4.5856,2.81,3.9175,11.04,30.52,100.0,4.3505,2.81,3.83,13.59,37.37,16.35,2.7942,1.2135,10.4592,5.5508,8.2857,11.6982,42.0381,4.2,233.0,17.8135
780.0,210.0,17.0,5.89,4.46,4.75,5.89,12.24,15.0,16.8,0.0,5.47,1.77,0.706,1.412,0.176,0.235,1.97,0.118,0.0,0.0,67.0,98.51,5.42,7.19,1.52,0.0,1.49,2.38,0.0,0.0,0.0,0.0,9.62,30.29,5.71,0.0,100.0,10.45,0.0,20.9,10.45,18.27,0.0,3.95,96.15,4.6361,4.4578,3.1027,6.25,9.13,100.0,4.0647,4.0647,3.3783,0.0,7.46,100.0,3.9091,3.9091,3.129,0.0,10.26,100.0,6.0066,4.764,5.1,0.0,5.77,100.0,5.5109,4.892,5.065,0.0,0.0,100.0,5.4967,4.84,5.04,0.0,0.0,12.3529,2.5139,1.0918,7.0313,3.1951,5.375,6.7949,21.4006,1.1176,12.0,5.7143
730.0,183.0,20.0,8.25,5.84,8.26,10.95,9.0,10.0,12.1,0.0,4.5,1.7,0.6,1.25,0.1,0.2,1.4,0.95,5.0,10.0,89.0,97.75,6.21,11.31,17.24,0.0,2.25,3.39,0.0,0.0,0.0,0.0,1.67,12.78,3.28,18.39,76.4,5.88,0.0,14.61,13.48,6.67,0.0,2.83,100.0,4.017,4.017,1.1731,16.67,23.33,100.0,3.3002,3.3002,1.3617,20.22,31.46,100.0,2.8074,2.8074,1.3617,32.14,48.21,100.0,5.4466,2.838,4.585,11.11,15.56,100.0,4.6592,2.52,4.14,16.85,24.72,100.0,4.2214,2.52,2.68,26.79,37.5,9.15,2.2138,0.9614,9.5262,4.4789,4.0833,9.2553,33.7402,2.25,28.0,15.3005
1050.0,546.0,38.0,10.14,8.47,9.97,10.9,14.7,19.0,22.4,24.32,5.19,2.24,0.649,1.541,0.027,0.432,1.96,1.324,27.03,10.81,277.0,92.78,6.97,10.67,26.07,3.89,7.22,7.46,2.17,4.33,3.25,2.17,3.49,9.19,2.38,3.89,87.73,26.75,9.47,33.21,24.19,7.72,0.0,0.77,97.06,4.0601,3.9407,1.8808,11.21,30.51,97.11,3.2437,3.15,1.6935,14.08,43.68,96.65,3.036,2.9342,1.5658,14.53,49.72,99.63,5.5069,3.863,4.41,4.23,11.76,97.83,4.7221,3.706,4.24,4.33,17.33,96.65,4.5743,3.658,4.275,5.59,16.2,14.3684,2.665,1.1574,10.6247,5.3378,4.6,10.4848,40.0094,3.6842,125.0,22.8938
1070.0,1142.0,67.0,11.06,8.77,10.37,10.16,17.08,21.75,25.0,33.33,6.35,2.25,1.152,1.636,0.227,0.394,1.89,1.591,16.67,4.55,506.0,96.84,6.23,9.17,12.24,0.41,3.16,4.79,0.79,1.38,0.99,0.4,4.35,14.55,4.47,1.84,92.69,21.32,6.61,28.06,15.61,11.89,0.0,1.88,99.2,4.2203,4.1866,2.2639,7.19,23.43,99.8,3.5295,3.5225,2.238,6.13,29.64,99.7,3.3863,3.376,2.2159,7.01,32.01,100.0,5.7287,4.15,4.83,1.95,8.61,100.0,5.0223,3.925,4.55,1.98,11.46,100.0,4.929,3.898,4.5,1.83,11.89,17.0448,2.8358,1.2316,9.2659,5.2153,10.6667,11.591,37.0973,3.4179,191.0,16.725
1190.0,159.0,9.0,14.61,12.08,12.66,12.95,17.44,21.0,23.0,33.33,7.22,2.29,0.889,1.444,0.222,0.222,2.28,1.667,11.11,11.11,70.0,94.29,7.68,10.79,31.82,1.52,5.71,7.27,0.0,1.43,0.0,0.0,7.64,14.65,5.03,1.52,90.0,36.51,6.35,41.43,20.0,10.83,0.0,0.0,95.54,4.1137,3.9303,2.0531,8.92,35.03,98.57,3.0929,3.0487,2.1166,7.14,50.0,100.0,3.0261,3.0261,2.1166,6.0,50.0,100.0,5.6629,3.804,4.54,1.91,14.01,100.0,4.7907,3.861,4.3125,2.86,11.43,100.0,4.8072,3.861,4.3225,2.0,12.0,17.6667,2.8717,1.2472,11.5636,6.4671,12.1667,14.0682,50.3711,5.7778,41.0,25.7862
850.0,395.0,36.0,8.34,5.6,6.62,8.36,10.89,13.0,14.5,5.56,5.28,1.77,0.806,1.222,0.222,0.278,1.86,0.889,13.89,8.33,190.0,91.58,5.82,9.2,12.07,1.72,8.42,5.74,6.32,7.37,7.37,6.32,1.53,8.67,1.52,3.45,82.63,14.65,3.18,21.58,17.89,3.83,0.26,1.97,96.68,4.2681,4.1265,2.1213,9.18,22.7,94.21,3.5002,3.2975,1.7782,12.63,30.0,91.41,3.1518,2.8809,1.071,17.19,40.62,99.74,5.627,3.861,4.6375,4.34,11.73,100.0,4.7702,3.651,4.2125,7.37,15.26,100.0,4.4719,2.62,4.07,10.94,21.09,10.9722,2.3954,1.0403,9.1376,4.1714,4.4545,9.7256,30.2127,2.1111,55.0,13.9241
850.0,430.0,40.0,9.79,7.43,8.31,10.35,11.0,13.25,17.0,2.5,5.22,1.82,0.4,1.15,0.125,0.5,1.84,0.875,7.5,0.0,205.0,95.12,6.49,9.65,13.33,2.05,4.88,4.76,3.41,4.88,3.41,3.41,10.0,15.68,3.49,1.03,89.76,23.37,2.72,28.78,17.56,10.23,0.23,0.76,95.23,4.0365,3.8439,1.7694,13.86,34.32,99.02,3.4772,3.4433,2.1673,8.78,33.66,98.53,3.27,3.2219,1.9243,11.76,36.76,99.32,5.4913,3.686,4.5075,6.14,16.14,99.02,5.038,3.824,4.47,3.9,14.15,98.53,4.8821,3.795,4.4575,5.15,16.91,10.75,2.3749,1.0314,10.4857,4.8148,6.2,10.4115,37.2616,2.85,82.0,19.0698
800.0,257.0,23.0,8.36,7.73,8.75,10.96,10.83,13.5,15.0,0.0,4.96,1.81,0.652,1.261,0.087,0.087,1.63,0.565,0.0,4.35,105.0,97.14,5.79,8.3,7.84,0.0,2.86,4.11,0.0,1.9,1.9,0.0,6.02,18.07,4.28,0.0,94.29,10.1,2.02,29.52,18.1,11.65,0.0,3.05,96.79,4.3595,4.2195,2.2787,8.84,18.88,100.0,3.7865,3.7865,2.4866,3.81,17.14,100.0,3.765,3.765,2.7924,1.67,18.33,100.0,5.7394,4.034,4.95,3.21,10.04,100.0,5.2333,4.25,4.69,2.86,6.67,100.0,5.3795,4.445,4.85,0.0,5.0,11.1739,2.4136,1.0482,8.7987,4.3554,5.3,10.2762,38.4113,3.0435,37.0,14.3969
950.0,580.0,45.0,10.4,7.67,8.73,10.18,12.58,15.0,17.6,4.44,5.42,1.94,0.756,1.156,0.067,0.222,1.9,1.089,4.44,8.89,277.0,91.34,6.38,9.35,10.67,0.0,8.66,7.26,5.05,3.61,3.61,0.72,4.77,12.54,2.76,1.98,92.06,13.73,3.14,33.94,22.74,6.89,0.0,2.53,98.23,4.1064,4.0339,2.2227,7.95,28.27,98.56,3.4062,3.357,2.2047,7.94,32.85,97.62,3.2856,3.2074,1.9912,10.71,32.14,99.82,5.5943,3.72,4.5625,4.42,14.31,99.64,4.8841,3.72,4.4,3.97,18.77,99.4,4.8115,3.68,4.475,5.36,19.05,12.8889,2.5564,1.1102,10.4012,5.1325,7.25,10.6983,39.7854,3.4667,108.0,18.6207
820.0,196.0,18.0,7.62,5.27,6.58,8.53,12.0,16.0,17.0,0.0,5.75,1.76,0.375,1.312,0.188,0.625,2.11,0.312,18.75,0.0,74.0,94.59,5.36,7.66,5.71,0.0,5.41,7.14,0.0,2.7,2.7,0.0,11.98,18.75,6.63,5.71,94.59,21.43,0.0,22.97,18.92,14.06,0.0,3.2,94.27,4.2652,4.0209,1.7101,12.5,21.88,100.0,3.3833,3.3833,1.9823,14.86,22.97,100.0,3.2081,3.2081,1.8261,21.57,25.49,100.0,5.5533,3.455,4.63,7.29,14.58,100.0,4.853,3.54,4.5225,2.7,17.57,100.0,4.7345,3.45,4.25,3.92,21.57,10.8889,2.3877,1.037,9.5742,3.7784,5.5556,9.1509,26.195,1.6667,26.0,13.2653
760.0,187.0,18.0,6.94,4.99,5.48,6.97,10.33,13.0,16.0,0.0,4.72,1.81,0.278,1.278,0.056,0.222,1.8,0.389,16.67,5.56,74.0,100.0,5.56,7.38,2.7,1.35,0.0,0.0,0.0,0.0,0.0,0.0,10.75,16.13,5.35,2.7,94.59,20.0,2.86,14.86,9.46,13.98,0.0,1.82,95.7,4.3578,4.1704,1.9976,10.22,19.89,100.0,3.6298,3.6298,2.2567,9.46,20.27,100.0,3.4213,3.4213,1.9823,12.77,21.28,100.0,5.6445,3.53,4.7125,5.91,12.9,100.0,5.0523,3.703,4.7125,2.7,14.86,100.0,4.9162,3.54,4.715,4.26,17.02,10.3889,2.3407,1.0166,8.7115,3.5455,5.4444,8.5151,25.3622,1.5556,23.0,12.2995
870.0,333.0,28.0,12.56,9.46,9.82,11.98,11.7,13.5,17.8,3.7,4.89,1.87,0.481,1.296,0.111,0.296,1.82,0.667,14.81,3.7,134.0,96.27,7.84,11.44,33.33,8.53,3.73,6.25,0.0,0.75,0.75,0.0,3.16,20.57,4.8,6.2,93.28,32.0,14.4,39.55,20.15,9.49,0.32,3.96,99.68,4.0408,4.028,2.0587,9.49,31.65,100.0,3.0339,3.0339,1.7291,20.15,45.52,100.0,2.8762,2.8762,1.8779,23.68,53.95,100.0,5.7513,4.3,4.805,0.32,7.28,100.0,4.8128,3.603,4.34,0.75,17.91,100.0,4.7522,3.545,4.04,0.0,19.74,11.8929,2.4759,1.0753,10.5329,5.0985,7.5,12.226,42.5235,3.6429,66.0,19.8198
940.0,658.0,50.0,8.49,7.82,8.79,10.29,13.16,16.75,19.1,10.0,5.38,1.92,0.5,1.14,0.12,0.72,1.84,1.04,4.0,6.0,326.0,96.01,6.29,8.77,8.95,0.0,3.99,3.75,2.76,2.76,2.76,2.76,2.74,9.42,2.43,1.92,81.6,24.81,7.89,23.62,16.56,5.47,0.15,1.34,99.09,4.0888,4.0515,2.009,9.73,29.94,99.39,3.3127,3.2924,2.2625,5.52,41.1,99.1,3.0829,3.0551,2.2625,5.86,48.65,99.85,5.6156,3.507,4.62,2.28,12.16,100.0,4.8359,3.5,4.2,1.23,19.63,100.0,4.6191,3.5,3.895,1.8,25.23,13.16,2.5772,1.1193,9.3526,4.9295,6.25,9.9366,32.6129,2.56,100.0,15.1976
850.0,523.0,43.0,7.62,6.19,5.55,6.77,12.09,14.0,17.0,4.65,5.23,1.8,0.395,1.116,0.07,0.512,1.88,0.837,2.33,6.98,242.0,98.35,5.46,8.17,6.3,0.0,1.65,3.17,0.0,1.24,1.24,0.0,8.08,13.46,2.87,1.68,91.32,8.14,2.26,25.62,21.9,10.38,0.19,1.86,99.23,4.1165,4.0848,1.9956,10.38,28.65,99.59,3.5631,3.5484,2.4049,6.2,33.06,99.43,3.369,3.3499,2.3222,7.95,41.48,99.23,5.5826,3.664,4.5725,6.92,13.27,99.59,5.0131,3.971,4.4,1.65,10.74,99.43,4.8439,3.85,4.19,2.27,12.5,12.1628,2.4984,1.085,8.7383,4.2476,6.3333,9.2274,25.7383,1.6512,57.0,10.8987
810.0,139.0,12.0,7.8,6.08,6.05,7.31,11.67,15.0,15.9,0.0,5.0,2.03,0.417,1.167,0.0,0.5,1.88,0.75,8.33,0.0,52.0,96.15,5.67,8.27,8.0,0.0,3.85,4.76,0.0,1.92,1.92,0.0,7.14,20.71,5.76,0.0,96.15,14.0,0.0,26.92,15.38,11.43,0.0,1.82,98.57,4.4503,4.3868,2.4344,6.43,17.86,98.08,3.9438,3.868,2.8467,1.92,15.38,96.97,3.6133,3.5038,2.7262,3.03,21.21,100.0,5.9182,4.327,5.03,1.43,5.0,100.0,5.2915,4.443,4.8075,1.92,1.92,100.0,5.0455,4.284,4.67,3.03,3.03,11.5833,2.4496,1.0638,7.9597,4.0809,5.6667,9.0751,25.2524,1.5833,21.0,15.1079
800.0,258.0,21.0,9.1,7.54,7.51,9.19,12.29,17.0,18.0,9.52,5.52,1.77,0.762,1.524,0.143,0.095,1.69,0.857,0.0,0.0,140.0,99.29,6.0,8.05,4.32,0.0,0.71,1.47,0.0,0.0,0.0,0.0,0.0,1.94,0.78,4.32,94.29,11.36,3.03,30.71,26.43,0.78,0.0,0.35,100.0,4.3905,4.3905,2.5773,4.65,14.34,100.0,3.5788,3.5788,2.3096,7.86,19.29,100.0,3.3612,3.3612,1.9868,11.46,20.83,100.0,5.8781,4.417,4.87,2.33,3.88,100.0,5.1104,4.089,4.71,4.29,5.71,100.0,4.9602,4.09,4.6975,6.25,7.29,12.2857,2.5084,1.0894,7.4284,3.938,5.3,10.1811,36.3167,2.9524,21.0,8.1395
560.0,583.0,62.0,5.2,3.6,4.6,5.78,9.0,12.0,15.0,3.08,4.28,1.86,0.692,1.308,0.046,0.092,1.56,0.569,41.54,13.85,263.0,91.25,5.66,8.5,7.5,0.0,8.75,5.71,6.08,5.32,4.94,4.18,4.27,5.47,0.34,1.25,90.87,16.32,3.77,22.43,13.31,4.79,0.0,0.94,96.41,4.5192,4.357,2.017,9.91,17.95,100.0,3.6035,3.6035,2.0187,9.89,24.71,100.0,3.216,3.216,0.9792,13.93,31.97,99.49,5.7618,3.546,4.85,4.1,13.33,100.0,4.9527,3.606,4.505,6.08,15.59,100.0,4.68,2.722,4.14,10.66,20.49,9.4032,2.2411,0.9733,8.0301,3.4187,4.8889,7.1686,25.1837,1.4839,59.0,10.1201
510.0,142.0,19.0,6.37,7.02,4.8,7.03,7.42,8.5,10.2,0.0,4.37,1.39,0.053,1.0,0.0,0.105,1.76,0.263,0.0,0.0,61.0,98.36,5.39,7.45,0.0,0.0,1.64,2.7,0.0,0.0,0.0,0.0,10.64,23.4,9.15,5.0,100.0,21.31,0.0,14.75,14.75,19.15,0.0,3.05,100.0,4.2747,4.2747,2.5551,7.8,15.6,100.0,3.8483,3.8483,2.233,4.92,19.67,100.0,3.2991,3.2991,2.2315,7.69,28.21,100.0,5.817,4.07,5.12,2.13,9.93,100.0,5.3349,3.76,4.7,0.0,11.48,100.0,4.8356,3.706,4.295,0.0,17.95,7.4737,2.0114,0.8735,7.6767,3.528,4.25,9.5497,35.6427,2.1053,16.0,11.2676
610.0,178.0,20.0,8.28,5.51,5.99,7.89,8.9,10.0,11.1,0.0,4.45,2.03,0.5,1.0,0.1,0.0,1.84,0.5,10.0,5.0,71.0,98.59,5.3,7.42,1.43,0.0,1.41,1.79,0.0,0.0,0.0,0.0,11.8,24.16,5.06,0.0,100.0,2.82,1.41,23.94,14.08,15.17,0.56,3.14,97.19,4.3943,4.2709,2.7337,5.06,16.85,100.0,4.0254,4.0254,3.2533,0.0,4.23,100.0,3.8263,3.8263,3.1753,0.0,7.69,100.0,5.7717,4.21,4.95,3.93,7.3,100.0,5.4376,4.83,5.02,0.0,2.82,100.0,5.3054,4.65,4.86,0.0,5.13,8.9,2.1861,0.9494,7.9811,3.5433,5.0,9.8885,24.0685,1.35,19.0,10.6742
690.0,320.0,30.0,7.89,6.09,7.13,9.23,10.97,13.0,18.2,6.9,5.03,1.71,0.379,1.138,0.069,0.276,1.8,0.793,0.0,0.0,144.0,96.53,5.42,8.16,2.16,0.72,3.47,4.04,1.39,1.39,1.39,1.39,7.86,14.15,3.12,0.72,96.53,21.58,7.91,24.31,18.75,11.01,0.0,1.38,95.28,4.3394,4.1347,2.0,9.75,22.01,98.61,3.6689,3.618,2.4114,5.56,22.92,97.92,3.5143,3.4411,2.4641,6.25,27.08,99.69,5.6524,3.763,4.81,6.6,10.69,100.0,5.0865,4.12,4.5725,1.39,6.25,100.0,4.9286,4.12,4.3075,2.08,7.29,10.6667,2.3671,1.028,8.8532,3.9824,5.3,9.4734,29.4167,2.0,42.0,13.125
580.0,787.0,77.0,8.26,5.34,5.64,6.58,7.81,12.0,15.1,5.0,3.75,1.92,0.6,1.37,0.06,0.12,1.43,0.64,34.0,13.0,329.0,97.57,5.39,8.61,6.85,1.25,2.43,3.32,0.61,1.52,0.91,0.61,7.94,9.73,0.89,1.56,92.1,15.18,5.94,22.19,16.72,10.12,1.02,0.49,92.57,4.6919,4.3435,1.8195,10.76,18.31,99.7,3.9826,3.9705,2.5026,5.17,16.72,100.0,3.5762,3.5762,2.3692,6.43,25.0,99.87,5.7517,3.71,4.87,3.33,12.68,100.0,5.1861,3.98,4.83,3.34,10.64,100.0,4.9089,3.72,4.4775,2.86,14.29,10.2208,2.3244,1.0095,8.4972,4.0832,5.7778,9.4074,26.4851,1.6623,95.0,12.0712
1100.0,545.0,31.0,12.83,10.71,11.57,11.2,17.87,23.0,27.0,38.71,6.0,2.63,0.742,1.484,0.129,0.645,2.19,1.516,22.58,9.68,237.0,96.62,6.41,10.12,17.9,1.31,3.38,2.94,1.69,1.69,1.69,1.69,7.4,16.61,5.32,0.87,89.45,18.87,7.55,28.69,16.46,15.7,1.44,2.23,96.39,4.1755,4.0247,1.9731,10.47,25.45,98.31,3.4663,3.4078,2.0817,9.7,34.6,97.45,3.2712,3.1878,1.9713,10.83,39.49,100.0,5.6165,3.85,4.65,3.25,11.91,98.31,4.935,3.85,4.46,2.53,14.35,97.45,4.763,3.83,4.42,3.18,18.47,17.5806,2.8668,1.245,10.7376,5.9215,10.5,12.7542,43.2687,4.5161,134.0,24.5872
760.0,366.0,36.0,8.98,6.98,7.1,9.24,10.17,11.5,14.5,0.0,4.89,1.76,0.472,1.194,0.028,0.056,1.81,0.778,8.33,0.0,184.0,97.28,5.85,8.2,7.82,0.0,2.72,4.46,0.0,1.09,0.54,0.0,4.37,10.11,2.46,0.0,96.74,9.55,1.12,21.74,15.22,9.29,0.0,1.41,96.45,4.3088,4.1557,2.3692,6.83,24.59,99.46,3.7293,3.709,2.5382,1.63,23.91,100.0,3.5229,3.5229,2.5065,0.87,26.09,99.45,5.6954,3.975,4.755,3.55,10.38,99.46,5.1978,4.23,4.64,0.54,3.8,100.0,5.0705,4.21,4.42,0.0,3.48,10.1667,2.3191,1.0072,9.5335,4.4108,5.0909,10.0607,33.6639,2.3889,63.0,17.2131
720.0,734.0,57.0,6.3,4.98,6.13,6.21,12.05,15.0,22.0,18.03,4.75,2.32,1.049,1.967,0.066,0.066,1.57,0.869,70.49,6.56,319.0,95.92,5.14,7.22,2.29,0.0,4.08,6.52,0.63,1.25,0.94,0.0,3.54,9.25,1.5,0.65,95.92,7.84,2.29,21.0,20.06,4.22,0.0,1.58,100.0,4.6393,4.6393,2.9822,3.27,10.75,100.0,4.011,4.011,2.6497,3.45,17.55,100.0,3.5714,3.5714,2.5271,4.79,25.34,100.0,5.9309,4.514,5.115,0.54,4.63,100.0,5.2436,4.254,4.79,0.94,6.9,100.0,4.9366,4.04,4.5225,0.68,10.27,12.8772,2.5555,1.1098,7.9538,3.8966,5.875,7.3421,27.7273,1.9123,73.0,9.9455
690.0,631.0,55.0,6.55,4.85,5.89,6.37,10.19,14.0,16.9,4.84,4.15,2.05,0.79,1.71,0.048,0.081,1.45,0.919,62.9,9.68,296.0,96.62,4.9,7.02,1.75,0.35,3.38,3.47,1.69,2.36,2.36,1.69,5.54,5.85,0.32,1.05,93.24,12.68,2.54,14.53,11.15,5.54,0.0,0.72,94.46,4.6472,4.3899,2.3265,8.23,14.87,97.97,3.9317,3.852,2.4124,6.42,17.57,95.97,3.5959,3.4511,2.2769,8.72,24.16,97.78,5.6276,3.77,4.9475,6.49,11.71,100.0,5.0621,3.865,4.6375,5.41,12.16,100.0,4.7191,3.42,4.38,8.05,17.45,11.4727,2.44,1.0597,8.1843,3.8468,6.875,8.2965,24.9434,1.5455,66.0,10.4596
750.0,386.0,37.0,6.35,4.93,6.53,8.5,10.61,13.0,15.5,2.78,5.03,1.82,0.444,1.222,0.028,0.056,2.04,0.361,16.67,2.78,204.0,88.24,5.47,7.62,6.11,0.0,11.76,4.67,10.78,9.31,9.31,8.33,2.62,6.54,1.3,1.11,82.84,13.61,2.37,26.96,21.57,2.62,0.0,2.25,92.93,4.352,4.0444,1.9769,10.21,23.04,91.67,3.5882,3.2892,1.8305,11.76,37.75,87.77,3.33,2.9227,0.0,16.55,48.2,98.17,5.5065,3.66,4.58,7.85,14.4,100.0,4.7815,3.415,4.08,9.8,20.59,100.0,4.4989,2.12,3.985,13.67,27.34,10.4324,2.3449,1.0184,8.7764,4.0701,3.6667,7.6332,29.6034,2.0,43.0,11.1399
830.0,188.0,16.0,8.96,6.63,5.97,7.32,11.75,13.0,14.0,6.25,5.25,1.84,0.438,1.312,0.062,0.875,1.59,1.0,0.0,0.0,85.0,96.47,5.23,6.93,3.66,1.22,3.53,3.51,2.35,3.53,3.53,2.35,12.23,12.23,3.72,2.44,91.76,12.82,1.28,17.65,14.12,12.23,0.0,0.46,94.68,4.3252,4.0952,1.9772,10.11,23.4,98.82,3.5939,3.5516,2.4249,4.71,25.88,98.15,3.2123,3.1528,2.2195,7.41,38.89,96.28,5.5407,3.964,4.62,5.85,10.64,98.82,4.9688,3.998,4.5,2.35,10.59,98.15,4.6593,3.772,4.19,3.7,16.67,11.75,2.4639,1.07,8.8387,4.3713,5.8,10.1258,29.8351,2.125,31.0,16.4894
1000.0,561.0,38.0,10.18,7.42,8.59,9.21,14.44,18.0,21.0,20.51,5.69,2.11,0.513,1.128,0.051,0.308,2.01,1.41,20.51,5.13,306.0,98.04,5.63,9.21,11.67,1.33,1.96,2.92,0.65,0.65,0.65,0.65,2.13,5.15,1.07,3.0,93.79,16.38,3.14,24.84,14.71,4.8,0.0,0.15,99.64,4.1232,4.1086,2.236,5.86,23.62,100.0,3.3597,3.3597,2.4116,5.56,29.08,100.0,3.2006,3.2006,2.3962,6.25,32.14,100.0,5.6543,4.07,4.62,1.78,6.93,100.0,4.8825,4.025,4.39,1.96,9.8,100.0,4.7524,4.019,4.22,1.34,9.82,14.7632,2.6921,1.1692,8.9847,4.5762,7.0,10.4848,31.6972,2.5,81.0,14.4385
610.0,196.0,22.0,7.03,4.44,4.65,6.42,8.29,11.0,14.7,0.0,4.67,1.74,0.333,1.167,0.125,0.167,1.71,0.417,12.5,8.33,84.0,98.81,5.54,8.15,2.41,0.0,1.19,2.0,0.0,0.0,0.0,0.0,7.54,15.08,1.53,1.2,96.43,14.81,4.94,20.24,15.48,11.56,2.51,3.78,98.49,4.2093,4.1458,2.0828,7.04,24.12,100.0,3.7318,3.7318,2.7938,2.38,15.48,100.0,3.3072,3.3072,2.5005,1.85,18.52,100.0,5.6106,3.6,4.7,3.02,15.58,100.0,5.1251,4.282,4.7,1.19,7.14,100.0,4.7609,4.21,4.68,1.85,9.26,8.9091,2.1871,0.9498,8.4287,3.6748,3.5385,8.2965,23.705,1.3182,29.0,14.7959
1180.0,771.0,37.0,14.3,11.09,12.27,10.65,20.32,23.75,29.8,44.74,6.66,2.3,1.026,1.632,0.289,0.684,2.12,1.421,7.89,0.0,310.0,98.39,6.34,9.59,15.08,0.98,1.61,2.22,0.65,0.97,0.97,0.65,6.74,20.21,5.45,3.93,84.52,18.32,7.25,30.0,18.71,17.75,0.0,1.36,96.37,4.1198,3.9703,1.7015,12.05,31.35,99.03,3.3267,3.2945,1.6021,14.19,39.68,98.57,3.0528,3.0092,1.6021,19.05,49.05,99.74,5.5692,3.55,4.46,5.18,15.67,99.68,4.8244,3.448,4.2525,1.94,18.06,99.52,4.607,3.25,4.0825,2.38,23.33,20.8378,3.0368,1.3189,9.3395,5.7291,8.8571,13.8373,39.3852,3.8649,111.0,14.3969
570.0,202.0,18.0,4.88,3.51,3.51,4.48,11.17,16.75,19.0,5.56,4.39,1.89,0.556,1.111,0.111,0.333,2.18,0.389,5.56,16.67,107.0,94.39,5.04,6.58,0.99,0.0,5.61,6.35,2.8,0.0,0.0,0.0,0.0,4.48,1.49,0.99,90.65,11.34,3.09,17.76,4.67,0.0,0.0,1.72,100.0,4.4818,4.4818,2.8837,2.49,12.44,100.0,3.7702,3.7702,2.521,1.87,21.5,100.0,3.5024,3.5024,2.2175,2.86,28.57,100.0,5.8833,4.18,5.09,0.5,7.96,100.0,5.1291,3.98,4.505,0.93,12.15,100.0,4.9074,3.766,4.25,1.43,17.14,11.2222,2.4179,1.0501,6.3037,3.0174,4.5,7.3871,18.1529,0.7778,13.0,6.4356
820.0,735.0,57.0,7.82,5.77,7.48,8.04,12.23,16.25,24.0,15.0,4.68,2.3,0.967,1.633,0.1,0.167,1.72,1.083,55.0,10.0,347.0,97.98,5.63,8.39,5.88,0.29,2.02,2.08,0.86,0.86,0.86,0.0,2.86,8.04,0.68,2.65,92.8,18.94,3.42,14.99,10.09,6.68,0.14,0.85,97.68,4.344,4.2434,2.1212,9.4,21.53,99.71,3.6446,3.6341,2.4274,7.49,27.95,99.49,3.3566,3.3395,1.9429,10.66,36.55,99.86,5.639,3.643,4.63,3.41,13.9,99.71,4.9436,3.846,4.395,3.75,13.26,99.49,4.7418,3.68,4.31,4.57,15.23,12.8947,2.5568,1.1104,8.8949,4.3772,10.3333,8.8917,30.99,2.3333,95.0,12.9252
930.0,301.0,24.0,10.07,7.92,9.05,10.74,12.62,14.25,18.4,4.17,5.21,1.94,0.25,1.292,0.0,0.167,1.88,1.417,0.0,0.0,168.0,98.21,5.95,8.49,6.67,0.61,1.79,2.73,0.0,0.6,0.6,0.0,3.96,7.26,0.66,0.61,88.69,23.49,6.71,31.55,23.21,3.96,0.0,0.57,100.0,4.0024,4.0024,1.7709,12.21,30.69,100.0,3.3748,3.3748,2.0682,4.76,41.07,100.0,3.2006,3.2006,2.0682,5.88,48.74,100.0,5.5489,3.45,4.375,3.3,18.48,100.0,4.8743,3.6,4.2375,0.6,17.26,100.0,4.7126,3.6,4.11,0.84,20.17,12.5417,2.5291,1.0984,9.6618,4.6645,7.5,11.1235,37.1264,3.0833,49.0,16.2791
940.0,500.0,36.0,9.96,7.48,7.88,8.66,13.75,18.0,20.0,11.11,5.58,2.12,0.833,1.472,0.167,0.222,1.91,1.25,19.44,2.78,221.0,98.19,6.03,8.76,6.91,0.46,1.81,2.7,0.0,0.45,0.45,0.0,5.45,11.92,2.4,1.38,96.38,13.15,3.29,20.81,14.48,10.3,0.61,1.37,98.99,4.3007,4.2572,2.4598,3.43,18.99,100.0,3.6174,3.6174,2.49,3.62,22.62,100.0,3.3648,3.3648,2.3766,4.58,31.3,100.0,5.6787,4.108,4.685,0.81,7.27,100.0,5.0673,4.01,4.63,0.45,8.6,100.0,4.9059,3.95,4.515,0.76,10.69,13.8889,2.6311,1.1427,9.3782,4.7409,8.5714,10.7461,34.6889,2.8889,85.0,17.0
1020.0,553.0,35.0,9.5,7.58,8.32,8.53,15.51,19.0,22.0,20.0,6.11,2.07,0.829,1.371,0.171,0.743,1.82,1.229,5.71,2.86,239.0,97.07,6.35,9.33,15.95,0.86,2.93,3.42,1.26,0.42,0.42,0.0,2.58,10.68,2.53,4.74,83.68,21.0,8.0,23.01,13.39,7.0,2.76,2.92,98.71,4.2584,4.2036,1.8808,10.31,22.84,99.58,3.4545,3.44,1.643,14.23,35.56,99.33,3.1874,3.166,1.6021,20.81,42.95,100.0,5.7747,4.064,4.72,2.03,9.39,100.0,4.958,3.378,4.305,1.67,16.32,100.0,4.7686,3.25,4.08,2.68,22.15,15.8,2.76,1.1987,9.2171,4.6531,7.0,10.3552,33.7024,2.8286,88.0,15.9132
1050.0,601.0,39.0,11.82,8.88,10.33,11.04,15.13,18.5,23.2,20.51,5.79,2.01,0.744,1.333,0.179,0.974,1.99,0.872,20.51,0.0,240.0,92.08,6.32,9.78,11.76,0.9,7.92,11.81,3.33,5.83,4.58,2.5,9.66,20.17,4.49,3.17,78.75,15.34,4.76,26.25,15.83,14.75,0.0,2.74,97.12,3.9644,3.8501,1.5774,14.92,34.58,98.75,3.2106,3.1704,1.6021,17.08,43.75,98.67,2.8339,2.7961,1.6021,22.67,56.67,98.31,5.4023,3.25,4.265,8.14,19.83,99.17,4.7265,3.25,4.08,4.17,23.33,99.33,4.4597,3.25,3.77,4.0,28.67,15.4103,2.735,1.1878,10.7326,5.5303,8.5714,11.8555,37.54,3.4103,102.0,16.9717
970.0,527.0,39.0,12.39,9.94,11.24,13.07,13.63,17.0,19.3,10.53,5.53,1.93,0.737,1.289,0.158,0.211,2.01,1.684,7.89,0.0,257.0,98.44,6.92,9.55,15.02,4.74,1.56,2.94,0.0,0.39,0.39,0.0,5.02,11.0,1.52,2.77,89.88,18.18,5.63,38.13,22.96,6.18,3.09,1.98,96.72,4.0418,3.9091,1.7634,13.71,31.27,100.0,3.2577,3.2577,2.2041,7.39,38.13,100.0,3.039,3.039,2.1139,9.94,41.99,97.1,5.5463,4.03,4.605,3.86,9.27,100.0,4.9444,4.11,4.39,0.78,5.06,100.0,4.8144,4.11,4.29,0.55,5.52,13.5128,2.6036,1.1307,10.9583,5.3227,10.5714,12.8101,43.8734,4.1026,84.0,15.9393
1070.0,393.0,29.0,9.39,6.69,8.21,9.36,13.66,16.0,22.0,20.69,5.48,2.11,0.586,1.172,0.034,0.138,2.21,1.586,3.45,0.0,234.0,98.72,6.23,9.7,20.78,1.73,1.28,2.0,0.0,0.85,0.85,0.0,2.27,5.56,1.53,15.58,80.77,19.05,4.76,20.94,12.39,4.55,0.0,0.44,99.75,3.8285,3.8188,1.6058,17.42,34.34,99.57,3.0886,3.0754,1.4624,22.22,40.17,99.43,2.8131,2.797,1.4624,28.57,46.86,99.75,5.4115,3.275,4.405,1.77,16.41,99.57,4.652,3.1,4.0425,2.99,24.36,99.43,4.4128,3.1,3.695,3.43,31.43,13.5517,2.6065,1.132,10.1747,4.6755,8.8333,9.9217,31.6179,2.4483,70.0,17.8117
970.0,667.0,45.0,9.17,8.18,10.15,11.17,14.87,18.0,20.0,13.33,6.04,2.16,0.556,1.178,0.111,0.622,2.12,0.711,13.33,0.0,309.0,96.44,6.46,9.39,12.08,5.37,3.56,6.37,0.65,1.94,1.29,0.0,4.78,12.56,2.7,4.03,85.76,25.66,7.92,28.16,20.39,7.77,0.0,1.18,98.21,4.1708,4.096,1.7709,11.66,27.2,99.68,3.3606,3.3497,1.745,13.92,33.98,99.53,3.1616,3.1469,1.7324,17.21,37.67,99.85,5.6783,3.56,4.73,4.63,11.21,99.68,4.8897,3.43,4.41,3.56,13.92,99.53,4.736,3.4,4.12,4.65,17.21,14.8222,2.6961,1.1709,9.5561,5.0306,5.8889,10.8407,42.1086,4.0444,97.0,14.5427
970.0,357.0,26.0,10.42,8.14,8.73,10.0,13.73,15.0,18.5,7.69,6.0,2.02,0.615,1.385,0.154,0.231,1.85,1.346,3.85,0.0,186.0,97.85,6.27,8.67,7.69,0.0,2.15,2.56,1.08,0.54,0.54,0.0,5.04,8.12,1.68,0.0,95.7,17.98,6.18,32.26,25.27,6.16,0.0,0.74,95.24,4.2003,4.0003,1.8839,11.48,29.13,100.0,3.4059,3.4059,2.3277,4.3,34.41,100.0,3.3128,3.3128,2.3522,3.68,37.5,100.0,5.6601,3.824,4.6,0.84,14.29,100.0,4.9733,3.985,4.4925,1.08,10.22,100.0,4.9432,4.105,4.47,0.0,8.82,13.7308,2.6196,1.1377,10.2001,5.4731,6.375,10.6447,39.221,3.5,73.0,20.4482
930.0,453.0,34.0,10.19,9.22,10.59,12.16,13.38,17.0,18.7,5.88,5.71,1.97,0.618,1.235,0.147,0.176,1.87,1.559,17.65,0.0,251.0,96.02,7.39,12.82,29.88,10.79,3.98,7.89,0.8,2.79,2.79,0.8,0.0,1.54,0.0,9.54,75.7,17.89,1.58,40.24,26.29,0.0,0.0,1.3,100.0,4.156,4.156,1.9823,12.09,25.05,100.0,3.2582,3.2582,1.7243,19.52,38.65,100.0,3.0258,3.0258,1.3979,25.13,46.07,100.0,5.6776,3.754,4.78,5.49,12.31,100.0,4.779,3.3,4.28,9.16,20.72,100.0,4.5887,2.68,3.9,12.04,26.7,13.3235,2.5895,1.1246,10.0138,5.1856,7.0,11.6138,44.0079,4.0882,76.0,16.777
990.0,1047.0,67.0,11.18,9.91,11.3,12.09,16.14,20.0,26.7,28.12,6.05,2.24,1.062,1.469,0.156,0.438,1.92,1.219,14.06,0.0,448.0,97.99,6.28,9.12,11.62,1.14,2.01,3.14,0.89,1.34,1.34,0.45,4.45,20.81,5.44,1.37,92.41,18.84,6.76,25.67,18.53,12.1,0.1,1.99,99.61,4.1536,4.1375,2.0864,9.29,23.81,99.55,3.536,3.5202,2.2148,8.48,28.12,99.32,3.3031,3.2805,2.001,10.27,35.62,99.81,5.7401,3.98,4.84,2.13,10.16,99.55,5.041,4.08,4.53,0.89,9.6,99.32,4.879,3.791,4.4,1.03,11.99,15.6269,2.749,1.1939,9.5392,5.1862,12.6667,12.2823,41.9879,4.1194,155.0,14.8042
970.0,513.0,40.0,8.56,6.66,8.26,9.72,12.8,15.0,17.1,7.5,5.5,1.85,0.45,1.225,0.175,0.2,2.02,1.15,2.5,0.0,210.0,94.76,5.91,9.14,10.55,1.01,5.24,5.5,4.29,1.43,1.43,0.95,14.65,22.46,5.26,3.52,90.95,17.8,4.19,22.86,18.1,18.55,0.0,1.17,99.22,3.8687,3.8385,1.3107,15.43,33.4,98.57,3.5787,3.5276,2.4031,7.62,23.33,97.86,3.3666,3.2944,1.8967,10.71,30.71,99.8,5.5017,3.331,4.25,1.95,19.53,100.0,5.0649,3.949,4.575,2.38,10.95,100.0,4.8923,3.603,4.43,3.57,15.71,12.825,2.5514,1.1081,10.2747,4.3573,6.4444,10.1838,30.5638,2.275,64.0,12.4756
930.0,268.0,15.0,9.83,7.76,9.01,8.25,17.73,20.5,29.6,26.67,6.27,2.22,1.467,2.2,0.267,0.267,1.69,1.4,20.0,0.0,107.0,96.26,5.52,7.45,5.83,0.0,3.74,4.94,0.0,0.0,0.0,0.0,6.77,9.77,2.61,0.0,99.07,12.26,6.6,18.69,14.95,8.65,0.0,0.62,95.86,4.6253,4.434,2.5877,6.77,16.92,100.0,3.8819,3.8819,2.7634,1.87,20.56,100.0,3.5742,3.5742,2.7369,0.0,26.0,100.0,5.8752,4.23,4.97,1.5,7.52,100.0,5.1985,4.23,4.725,0.93,3.74,100.0,4.9964,4.227,4.5775,0.0,6.0,17.8667,2.8829,1.252,8.6469,4.8985,8.1667,9.7256,32.792,2.6667,39.0,14.5522
790.0,891.0,72.0,6.03,4.98,6.44,6.96,12.81,16.0,21.0,15.71,5.04,2.13,1.229,1.843,0.157,0.114,1.57,0.7,54.29,4.29,415.0,94.94,5.33,7.66,5.33,0.0,5.06,5.15,3.37,3.13,3.13,2.41,2.56,3.9,0.11,1.52,93.25,12.4,4.39,13.73,11.33,3.01,0.0,1.06,97.55,4.5663,4.4543,2.3801,6.8,16.61,98.07,3.7573,3.6849,2.3171,6.99,24.1,96.43,3.4027,3.2812,2.134,9.38,32.14,98.33,5.7588,3.98,4.97,3.23,10.26,98.55,5.0011,3.904,4.58,4.1,13.25,97.32,4.6942,3.693,4.2925,5.36,18.3,12.375,2.5157,1.0925,7.9187,3.6553,5.875,7.984,30.2201,2.2083,94.0,10.5499
1030.0,509.0,34.0,9.52,7.94,9.46,10.28,14.85,19.75,22.7,26.47,6.12,1.94,1.353,1.588,0.324,0.412,1.51,1.647,2.94,0.0,284.0,94.72,5.97,7.9,5.2,0.0,5.28,8.82,2.11,3.17,2.82,1.41,1.19,3.56,0.59,2.23,87.68,18.47,7.63,26.41,17.25,1.98,0.0,0.69,99.21,4.1329,4.1002,1.8814,10.89,28.12,98.94,3.4646,3.428,1.6084,12.32,37.68,98.84,3.1299,3.0937,1.6021,18.5,50.29,100.0,5.6532,3.804,4.63,4.55,12.48,99.65,4.9613,3.45,4.42,2.46,14.79,100.0,4.7026,3.25,4.08,3.47,19.65,14.9706,2.7061,1.1752,9.8078,5.1125,8.4286,10.6545,35.4028,3.0588,87.0,17.0923
980.0,547.0,37.0,11.18,8.92,10.66,11.36,14.63,17.75,20.0,15.79,5.58,2.22,0.947,1.553,0.237,0.368,1.85,1.132,28.95,5.26,292.0,95.89,6.28,9.7,15.36,1.79,4.11,5.19,0.68,2.05,2.05,0.0,1.8,3.78,0.73,3.93,91.1,23.68,6.77,29.45,20.89,2.88,0.0,1.61,99.1,4.1867,4.1491,2.2478,7.19,26.08,99.32,3.4641,3.4403,2.2742,6.85,38.36,98.95,3.1661,3.1328,2.1766,8.42,46.32,99.64,5.6678,4.03,4.695,2.16,9.53,100.0,4.9529,3.944,4.3275,2.05,10.62,100.0,4.7401,3.738,4.24,2.11,12.11,14.7838,2.6935,1.1698,10.0854,5.3133,6.8571,11.5293,39.8295,3.7027,128.0,23.4004
600.0,293.0,24.0,6.79,5.36,6.65,8.1,12.12,14.0,16.4,4.17,5.25,1.95,0.375,1.333,0.0,0.5,2.07,0.25,8.33,0.0,123.0,95.12,5.3,7.05,2.56,0.0,4.88,4.35,4.07,0.0,0.0,0.0,9.97,16.84,5.46,0.0,96.75,15.13,6.72,12.2,9.76,12.37,0.0,1.52,96.22,4.391,4.225,2.1614,7.9,20.27,100.0,3.7142,3.7142,2.7892,4.88,18.7,100.0,3.4525,3.4525,2.2377,6.9,24.14,96.91,5.6653,3.69,4.6,4.81,11.34,100.0,5.1449,4.2,4.6,2.44,7.32,100.0,4.9634,4.152,4.58,3.45,9.2,12.2083,2.5021,1.0867,8.9305,4.028,5.4444,8.0765,30.2971,2.2083,27.0,9.215
1050.0,928.0,69.0,12.32,8.91,10.16,11.77,13.52,17.0,21.0,17.39,5.22,1.97,0.971,1.594,0.217,0.435,1.85,1.0,10.14,1.45,549.0,93.81,6.97,11.15,25.24,7.18,6.19,6.3,4.74,5.46,5.46,4.74,0.43,1.29,0.22,12.43,77.96,25.47,4.91,23.68,17.12,1.07,0.21,0.37,97.64,3.8707,3.7794,1.1761,15.33,36.12,95.99,2.9974,2.8773,1.0414,21.86,46.63,94.18,2.8619,2.6954,1.0414,24.07,48.94,99.79,5.3684,3.13,4.24,9.54,18.76,99.45,4.4776,2.784,3.83,14.57,27.14,99.21,4.3456,2.91,3.72,14.81,29.1,13.4493,2.5989,1.1287,10.6332,5.3487,7.7143,12.2009,40.3889,3.6232,168.0,18.1034
760.0,1358.0,103.0,7.22,5.25,6.75,7.06,12.74,18.0,23.0,23.36,4.86,2.29,1.168,1.888,0.075,0.075,1.54,0.935,57.94,7.48,605.0,96.03,5.2,7.53,4.48,1.03,3.97,6.02,0.99,1.82,0.99,0.0,6.68,8.44,0.66,2.75,93.55,12.72,4.42,18.68,13.72,7.26,0.15,0.93,93.32,4.578,4.2724,1.7838,10.93,17.98,99.34,3.82,3.7948,2.4339,6.61,19.17,99.28,3.543,3.5176,2.479,6.45,22.22,99.85,5.7163,3.86,4.85,3.3,13.57,99.83,5.0433,3.87,4.61,3.64,11.74,100.0,4.8663,3.91,4.56,3.58,12.9,13.1845,2.579,1.1201,8.6623,4.1292,5.0,8.2881,28.0593,1.9612,152.0,11.1929
600.0,631.0,60.0,5.16,3.51,4.46,5.23,9.85,12.0,16.0,3.08,4.49,1.92,0.646,1.308,0.031,0.031,1.65,0.662,41.54,12.31,300.0,97.0,4.81,6.78,2.06,0.69,3.0,5.13,0.67,2.0,1.33,0.67,6.72,8.75,1.9,2.06,92.0,12.32,2.54,19.33,14.67,7.5,0.62,0.74,93.28,4.6197,4.3094,2.0281,9.84,18.12,100.0,3.9374,3.9374,2.6444,5.33,16.0,100.0,3.456,3.456,2.017,9.02,22.56,100.0,5.7103,3.574,4.78,1.72,13.91,100.0,5.1332,3.929,4.63,3.0,10.67,100.0,4.7295,3.548,4.16,5.26,18.8,10.5167,2.353,1.0219,7.9367,3.4531,5.0,6.6661,23.6704,1.3833,54.0,8.5578
510.0,189.0,19.0,8.0,4.77,5.12,6.94,9.79,10.5,14.4,0.0,4.37,1.6,0.526,1.211,0.0,0.211,1.65,0.632,5.26,0.0,79.0,87.34,5.04,6.37,0.0,0.0,12.66,7.55,8.86,11.39,10.13,8.86,6.99,9.68,2.12,0.0,87.34,14.49,2.9,10.13,8.86,8.06,0.0,0.93,96.77,4.3905,4.2489,1.5911,11.83,19.89,100.0,3.566,3.566,1.4956,12.66,26.58,100.0,2.8898,2.8898,0.8451,22.5,47.5,96.77,5.6512,3.25,4.79,9.68,13.98,100.0,4.8124,3.112,4.3,10.13,13.92,100.0,4.1132,1.11,4.0525,17.5,25.0,9.9474,2.2973,0.9977,8.3071,3.6977,4.7273,9.4145,25.8204,1.5789,16.0,8.4656
1000.0,664.0,43.0,10.94,8.26,8.92,9.4,14.8,19.0,22.0,18.18,5.34,2.2,0.705,1.455,0.091,0.182,1.97,0.932,15.91,2.27,284.0,97.89,6.28,8.91,9.35,0.72,2.11,3.09,0.7,0.7,0.0,0.0,4.76,12.75,3.16,1.44,95.07,15.93,2.96,27.11,18.66,9.52,0.46,3.6,99.54,4.2744,4.2547,2.3118,3.84,23.81,99.65,3.5718,3.5592,2.4757,3.87,29.23,100.0,3.369,3.369,2.35,4.26,37.77,100.0,5.7743,4.15,4.805,0.61,7.53,99.65,5.0915,4.2,4.56,1.06,4.58,100.0,4.964,4.117,4.46,1.06,4.79,15.4419,2.7371,1.1887,8.992,4.9979,7.5714,11.018,34.2672,2.907,102.0,15.3614
970.0,235.0,16.0,11.32,9.17,8.52,9.11,14.69,18.5,21.0,25.0,6.19,2.01,0.688,1.438,0.188,0.375,1.9,0.875,31.25,6.25,96.0,97.92,7.31,10.48,26.6,1.06,2.08,2.38,0.0,0.0,0.0,0.0,8.09,14.04,1.7,5.32,83.33,25.0,11.25,36.46,14.58,8.51,0.0,1.84,93.19,4.2375,3.949,1.4347,13.62,30.21,100.0,3.1627,3.1627,1.9476,11.46,42.71,100.0,2.8977,2.8977,1.8951,13.43,53.73,96.6,5.4907,3.502,4.355,7.23,16.17,100.0,4.7658,3.675,4.24,1.04,18.75,100.0,4.533,3.662,4.11,1.49,23.88,14.6875,2.687,1.1669,9.5387,5.1789,8.5714,11.933,38.5173,3.5,49.0,20.8511
840.0,637.0,56.0,10.64,8.35,8.98,11.11,11.9,14.25,18.9,7.69,5.25,1.87,0.519,1.135,0.038,0.423,1.9,0.904,1.92,3.85,286.0,97.9,5.98,9.33,12.86,0.0,2.1,2.96,1.05,0.35,0.35,0.0,5.01,13.89,3.45,0.71,95.1,16.91,5.51,31.12,19.93,12.92,1.13,2.35,99.68,4.1831,4.1695,2.3096,6.62,24.39,99.65,3.6255,3.6129,2.3005,5.59,26.57,99.46,3.2467,3.229,2.0086,8.7,33.15,100.0,5.7542,4.276,4.86,1.13,7.43,100.0,5.1522,4.205,4.5625,0.7,5.94,100.0,4.9133,4.11,4.3,1.09,8.7,11.375,2.4314,1.056,10.0507,4.846,5.4,11.0626,37.4347,2.9643,83.0,13.0298
970.0,494.0,35.0,10.1,7.88,8.1,8.98,13.91,16.5,19.6,11.43,5.63,2.01,1.029,1.543,0.2,0.286,1.82,1.029,14.29,0.0,217.0,96.31,6.36,9.32,13.4,0.0,3.69,4.38,1.84,1.38,1.38,0.92,6.57,10.68,1.42,0.96,90.32,20.41,6.63,29.03,17.51,7.39,0.0,2.5,95.89,4.3243,4.1467,1.8633,10.68,25.46,99.08,3.4892,3.4571,2.1588,8.76,25.35,98.44,3.3458,3.2935,1.5315,12.5,25.0,100.0,5.766,4.11,4.795,4.52,9.24,100.0,5.0128,4.134,4.64,1.84,9.22,100.0,4.9437,3.31,4.68,2.34,11.72,14.1143,2.6472,1.1497,9.9622,5.1793,6.25,10.7325,36.3815,3.1429,90.0,18.2186
990.0,566.0,40.0,9.19,7.5,9.64,10.88,14.18,17.25,20.1,12.5,5.55,1.99,0.85,1.425,0.3,0.45,2.02,0.675,7.5,0.0,270.0,92.59,5.94,8.48,6.8,0.8,7.41,4.35,5.56,7.41,7.04,5.56,3.88,10.23,2.83,4.0,88.89,24.17,4.58,19.26,12.22,4.94,0.0,1.4,94.71,4.2613,4.0359,1.7376,10.76,26.98,93.33,3.49,3.2573,1.4133,11.85,26.67,90.62,3.3444,3.0309,1.023,15.62,29.69,96.65,5.5291,3.734,4.66,6.53,12.87,93.7,4.6525,3.638,4.56,8.52,14.44,91.15,4.4624,2.9,4.49,10.94,17.19,14.15,2.6497,1.1508,9.2204,4.8702,7.875,10.2414,36.7648,3.2,83.0,14.6643
850.0,294.0,17.0,10.86,8.57,10.59,10.32,16.94,16.0,27.2,17.65,5.65,2.64,0.529,1.471,0.059,0.588,1.99,1.706,0.0,5.88,139.0,96.4,6.47,9.0,11.19,3.73,3.6,5.1,0.0,2.88,2.16,0.0,1.39,11.81,2.72,7.46,76.26,19.81,3.77,16.55,12.23,6.25,0.0,2.34,98.61,4.0747,4.0181,1.9445,12.85,29.51,97.84,3.2809,3.2101,1.764,18.71,38.85,97.85,2.9951,2.9307,1.4214,23.66,45.16,100.0,5.5602,3.54,4.3575,3.47,14.93,98.56,4.6865,3.436,4.28,5.76,21.58,98.92,4.5206,3.278,3.7,7.53,25.81,17.2941,2.8504,1.2379,10.241,4.9741,10.3333,10.5905,39.403,3.8235,50.0,17.0068
900.0,431.0,34.0,7.48,6.63,6.41,7.43,12.65,15.75,21.1,11.76,4.85,1.93,0.647,1.324,0.0,0.059,2.06,0.735,5.88,2.94,202.0,90.59,6.65,9.72,10.38,0.0,9.41,4.4,8.91,8.91,8.91,8.91,3.72,16.51,2.55,9.29,90.1,36.26,17.58,22.28,16.83,3.95,0.0,8.6,93.95,4.1843,3.9313,0.699,14.42,27.44,94.06,3.2765,3.0819,0.4771,19.8,44.55,90.91,2.8015,2.5468,0.4771,30.3,60.61,99.07,5.4966,3.01,4.61,7.44,16.51,100.0,4.6785,3.01,4.21,8.91,20.79,100.0,4.2427,2.234,3.01,13.64,31.82,12.6765,2.5397,1.103,9.6873,4.7814,5.2,8.584,25.4375,1.6176,43.0,9.9768
700.0,1423.0,136.0,5.68,3.8,4.94,5.72,8.99,12.0,17.0,4.4,4.1,1.97,0.698,1.195,0.057,0.05,1.52,0.478,49.06,23.27,627.0,94.1,5.22,7.79,6.61,0.68,5.9,8.36,2.23,4.15,2.71,1.28,1.68,6.16,1.05,3.73,89.15,11.63,3.94,13.4,10.85,4.41,0.07,0.22,97.9,4.5298,4.4347,2.2958,7.84,15.12,97.61,3.8381,3.7463,2.0231,10.05,25.52,95.86,3.4991,3.3543,1.7204,13.1,31.72,99.58,5.7452,3.88,4.94,3.99,10.92,99.36,4.9935,3.574,4.53,4.94,15.15,98.62,4.7118,3.359,4.3525,5.86,18.62,10.4632,2.3479,1.0197,8.3055,3.5714,4.2727,7.1982,25.1505,1.5368,149.0,10.4708
990.0,591.0,42.0,10.7,8.09,8.97,10.11,13.52,15.0,21.9,14.29,5.62,1.93,0.714,1.429,0.214,0.476,1.92,0.786,11.9,0.0,280.0,97.14,6.99,10.3,24.63,3.31,2.86,4.23,0.0,0.0,0.0,0.0,3.52,8.98,1.18,4.41,91.07,26.27,6.27,38.93,25.0,3.87,0.7,4.64,99.3,4.12,4.091,1.9031,11.62,29.58,100.0,3.1903,3.1903,1.8662,14.29,42.5,100.0,3.0725,3.0725,1.8195,16.33,47.45,100.0,5.7085,3.86,4.68,1.41,13.03,100.0,4.8569,3.86,4.3875,1.43,14.29,100.0,4.7877,3.86,4.33,1.53,15.31,14.0714,2.6441,1.1483,10.1054,5.0204,7.25,11.0134,38.0985,3.381,110.0,18.6125
1030.0,550.0,32.0,11.17,8.53,10.1,9.69,17.03,21.25,24.0,28.12,6.59,2.31,1.219,1.938,0.219,0.312,1.72,0.938,31.25,0.0,232.0,95.26,6.15,9.47,11.76,4.07,4.74,7.1,0.0,2.59,0.86,0.0,6.24,12.84,2.36,4.07,93.1,12.96,2.31,28.45,20.26,8.81,0.18,3.36,95.6,4.3918,4.1984,2.017,9.54,22.57,100.0,3.6407,3.6407,2.0315,9.05,25.0,100.0,3.5318,3.5318,1.8954,11.63,26.36,100.0,5.7541,3.992,4.95,4.4,10.09,100.0,5.0806,4.008,4.715,1.29,9.91,100.0,5.0516,3.966,4.73,1.55,10.85,17.1875,2.8442,1.2352,9.3983,4.9668,9.0,11.5178,38.0966,3.5938,95.0,17.2727
840.0,262.0,21.0,7.59,6.39,7.87,9.41,12.43,15.0,17.0,0.0,5.14,1.83,0.476,1.333,0.143,0.381,1.82,1.524,0.0,0.0,122.0,99.18,5.52,7.8,2.48,0.0,0.82,1.32,0.0,0.0,0.0,0.0,4.98,14.56,2.67,0.0,99.18,9.92,2.48,30.33,23.77,8.05,0.0,4.33,100.0,4.3167,4.3167,2.5563,3.83,18.77,100.0,3.8537,3.8537,2.7922,0.82,22.95,100.0,3.7615,3.7615,2.8354,0.0,26.74,100.0,5.8789,4.47,4.95,0.0,1.53,100.0,5.3028,4.461,4.92,0.0,2.46,100.0,5.2623,4.465,4.91,0.0,0.0,12.4762,2.5238,1.0961,8.2932,4.0424,6.25,8.8418,33.8502,2.6667,37.0,14.1221
850.0,648.0,50.0,10.62,7.8,8.52,10.0,12.96,15.0,20.0,14.0,5.66,1.97,0.6,1.28,0.1,0.36,2.08,0.78,6.0,2.0,325.0,96.92,7.01,9.9,16.19,1.27,3.08,4.65,1.85,0.92,0.62,0.0,0.46,6.17,1.54,2.86,96.0,23.08,7.05,46.15,17.54,3.7,0.0,1.22,100.0,4.3309,4.3309,2.4677,4.94,20.68,100.0,3.5086,3.5086,2.574,7.69,25.85,100.0,3.3711,3.3711,2.6294,7.3,24.89,100.0,5.9769,4.46,4.9475,0.31,1.39,100.0,5.2212,4.34,4.71,0.31,2.46,100.0,5.2005,4.474,4.71,0.0,0.43,12.96,2.5619,1.1126,8.7873,4.8164,7.0,11.6792,36.7254,3.08,94.0,14.5062
790.0,308.0,28.0,9.34,6.97,6.5,8.0,11.37,15.0,17.8,7.41,5.19,1.93,0.407,1.259,0.111,0.593,1.78,0.778,18.52,3.7,112.0,98.21,6.78,10.5,15.45,1.82,1.79,2.53,0.0,1.79,1.79,0.0,10.1,19.87,4.22,2.73,91.07,34.31,15.69,30.36,17.86,16.29,1.3,1.09,93.16,4.3174,4.022,1.6165,13.68,30.62,99.11,3.4516,3.4208,2.2664,9.82,37.5,98.75,3.145,3.1057,1.7839,13.75,47.5,99.35,5.587,3.5,4.54,6.84,16.61,99.11,4.9068,3.89,4.225,3.57,19.64,98.75,4.6608,3.554,4.12,5.0,23.75,11.0,2.3979,1.0414,10.0265,4.7634,6.8889,10.2904,31.4545,2.25,52.0,16.8831
1010.0,720.0,47.0,10.68,8.35,10.42,11.38,15.43,18.0,22.0,19.15,6.3,1.94,1.191,1.617,0.234,0.383,1.85,0.979,4.26,0.0,354.0,95.48,6.3,9.18,12.13,1.48,4.52,5.41,2.54,2.82,2.54,1.98,5.1,10.07,1.67,4.44,90.68,26.48,4.67,44.92,29.94,6.48,0.0,0.87,99.72,4.1464,4.135,1.9191,10.76,26.9,100.0,3.3991,3.3991,1.9324,10.45,35.88,100.0,3.1072,3.1072,1.9085,14.41,46.29,99.86,5.6923,3.81,4.68,6.07,10.9,100.0,4.9821,3.81,4.325,2.82,11.86,100.0,4.7972,3.62,4.15,3.49,16.16,15.3191,2.7291,1.1852,9.5061,4.8743,7.8571,11.3782,42.4025,4.1489,114.0,15.8333
860.0,340.0,27.0,7.98,5.53,6.41,7.57,12.52,15.0,16.0,7.41,5.3,1.86,0.704,1.259,0.148,0.296,1.97,0.815,11.11,0.0,170.0,95.88,5.65,8.75,7.36,0.61,4.12,2.78,2.94,2.94,2.94,2.94,2.66,5.03,1.18,3.07,91.18,21.94,12.26,24.71,16.47,2.96,0.0,1.03,96.75,4.227,4.0895,2.1335,6.8,25.44,97.06,3.3729,3.2737,2.2258,8.82,35.88,95.41,3.151,3.0065,1.9647,11.01,43.12,100.0,5.6238,3.72,4.5625,4.44,13.31,100.0,4.7784,3.728,4.2,4.71,11.76,100.0,4.5889,3.706,4.04,6.42,11.93,12.5926,2.5331,1.1001,9.5089,4.3346,5.7778,8.9467,28.1808,1.963,51.0,15.0
400.0,98.0,15.0,6.69,5.02,6.92,9.38,6.6,8.0,9.0,0.0,3.53,1.49,0.2,1.067,0.0,0.0,1.62,0.333,6.67,0.0,56.0,91.07,4.85,6.64,0.0,0.0,8.93,2.56,8.93,8.93,8.93,8.93,3.03,3.03,0.0,0.0,80.36,13.33,6.67,16.07,12.5,3.03,0.0,0.84,91.92,4.2432,3.9003,1.8795,10.1,20.2,91.07,3.62,3.2968,2.0128,8.93,32.14,84.85,3.0248,2.5665,0.0,15.15,54.55,100.0,5.3594,3.43,4.495,8.08,20.2,100.0,4.7136,3.35,3.8525,8.93,26.79,100.0,4.0464,2.33,3.65,15.15,45.45,6.5333,1.8769,0.8151,8.472,3.4275,2.9333,7.7935,25.9211,1.2667,10.0,10.2041
780.0,288.0,26.0,9.15,6.47,6.56,8.25,11.0,12.75,14.0,7.69,5.35,1.83,0.692,1.346,0.115,0.077,1.83,0.462,15.38,0.0,120.0,99.17,6.15,8.54,9.24,0.0,0.83,1.18,0.0,0.83,0.0,0.0,8.39,16.43,2.78,0.0,97.5,14.53,2.56,32.5,19.17,12.24,0.0,3.55,98.6,4.1962,4.1375,2.1471,9.44,23.43,100.0,3.6701,3.6701,2.5498,6.67,20.0,100.0,3.3778,3.3778,2.1504,9.46,25.68,99.65,5.6783,3.89,4.885,2.45,12.94,100.0,5.2163,4.38,4.76,0.0,7.5,100.0,5.073,3.957,4.73,0.0,10.81,11.0769,2.4049,1.0444,9.8879,4.6703,5.4,10.1258,31.2158,2.2308,52.0,18.0556
1070.0,558.0,37.0,11.91,9.2,11.62,12.54,15.19,20.0,22.8,29.73,6.11,2.12,1.297,1.865,0.216,0.108,1.6,0.865,29.73,8.11,315.0,96.19,6.49,10.22,17.16,1.98,3.81,4.88,1.27,0.95,0.63,0.0,1.78,3.91,1.08,4.62,87.62,27.9,3.99,41.27,28.57,3.2,0.0,0.75,98.4,4.0911,4.0256,2.0086,9.79,29.54,99.37,3.3692,3.3478,1.9513,10.79,41.9,98.98,3.049,3.0181,1.7626,14.21,52.28,99.82,5.5195,3.77,4.5425,4.27,16.01,99.68,4.8078,3.614,4.115,4.44,22.86,99.49,4.5568,3.342,3.98,6.09,31.47,15.0811,2.7134,1.1784,10.7515,5.4314,7.0,12.1373,43.3965,4.2703,140.0,25.0896
880.0,349.0,27.0,8.72,6.66,7.98,9.21,12.57,14.25,16.6,7.14,5.39,1.91,1.179,1.607,0.214,0.107,1.7,0.429,17.86,3.57,172.0,94.77,5.99,8.91,9.82,1.23,5.23,5.3,1.74,4.07,4.07,1.74,3.12,5.4,0.86,1.84,86.63,10.07,2.68,23.84,18.02,3.12,0.0,0.73,96.88,4.3385,4.2029,2.0473,9.09,23.01,98.84,3.6347,3.5925,2.3022,6.98,30.23,97.89,3.2167,3.149,1.7228,12.63,45.26,99.72,5.6677,3.823,4.8425,5.4,13.07,100.0,5.0301,3.851,4.5,5.23,17.44,100.0,4.6945,3.404,3.885,9.47,30.53,12.9259,2.5592,1.1115,9.3449,4.7315,7.8571,9.5398,34.1294,2.7407,70.0,20.0573
920.0,518.0,36.0,11.93,8.82,9.14,10.09,14.54,18.5,20.0,17.14,6.11,2.02,0.857,1.514,0.086,0.057,1.83,1.286,8.57,0.0,221.0,92.76,6.45,10.01,17.56,0.98,7.24,3.33,5.43,5.43,5.43,5.43,5.3,11.98,3.28,5.37,89.14,21.32,1.52,36.65,23.08,7.47,0.0,2.35,99.61,4.2968,4.2799,2.1001,9.43,23.97,100.0,3.3082,3.3082,1.5185,14.48,32.13,100.0,2.9936,2.9936,0.7782,21.21,40.91,100.0,5.8258,4.188,4.81,4.72,9.23,100.0,4.842,3.78,4.44,6.33,13.57,100.0,4.6165,2.942,4.215,10.61,20.45,14.3889,2.6665,1.158,9.1969,5.1091,7.75,12.0608,39.4854,3.6111,91.0,17.5676
880.0,320.0,26.0,10.05,8.16,7.79,9.05,13.48,15.5,21.2,13.04,5.43,2.46,0.522,1.217,0.087,0.609,2.0,1.0,8.7,4.35,94.0,97.87,6.46,8.53,6.52,1.09,2.13,3.08,0.0,1.06,0.0,0.0,16.13,31.29,6.25,1.09,84.04,27.85,6.33,19.15,12.77,25.48,2.9,2.54,88.71,4.164,3.6938,0.0,20.32,38.06,98.94,3.4747,3.4377,2.2967,5.32,37.23,100.0,3.2799,3.2799,2.2967,4.84,46.77,98.06,5.3532,3.102,4.24,9.35,21.29,100.0,4.9345,3.94,4.24,1.06,18.09,100.0,4.8598,3.94,4.0675,0.0,24.19,12.3077,2.5102,1.0902,10.9084,5.3963,6.4444,10.8912,30.7452,2.2692,51.0,15.9375
1000.0,496.0,33.0,9.56,7.64,9.04,9.83,15.47,19.0,21.0,21.88,5.94,2.09,0.719,1.531,0.188,0.344,1.99,1.188,6.25,3.12,249.0,94.38,6.31,10.78,16.6,1.7,5.62,5.84,3.61,4.02,4.02,2.81,1.62,11.92,4.03,10.64,83.53,17.31,2.88,29.32,23.29,6.87,0.2,1.21,98.38,4.1037,4.0374,1.7289,11.92,25.25,97.59,3.2867,3.2075,1.4727,17.67,32.53,96.63,3.0981,2.9937,0.9031,21.35,36.52,99.8,5.6067,3.532,4.635,5.45,13.33,100.0,4.7707,3.024,4.34,9.24,18.88,100.0,4.6111,2.44,4.19,12.92,22.47,15.0303,2.7101,1.177,9.1572,4.7962,5.3333,10.3003,35.998,3.1515,83.0,16.7339
1160.0,541.0,31.0,12.16,10.37,12.8,12.84,18.33,21.75,26.5,33.33,6.13,2.48,1.7,1.8,0.233,0.4,1.7,1.567,26.67,0.0,278.0,92.09,6.7,9.89,17.97,1.56,7.91,6.67,3.96,5.76,4.68,2.88,5.82,8.91,2.4,2.34,86.69,29.46,8.3,35.97,21.22,8.36,0.0,0.77,93.64,4.1328,3.8698,1.5563,13.82,29.45,95.68,3.3881,3.2418,1.8135,11.51,37.05,92.55,3.1431,2.9088,1.5185,16.15,44.72,98.73,5.4368,3.359,4.5175,8.0,16.73,99.64,4.7899,3.624,4.4125,6.12,17.99,99.38,4.5193,3.19,4.19,8.7,22.98,17.4516,2.8594,1.2418,10.894,5.8908,13.8,11.9554,48.6901,5.4516,130.0,24.0296
610.0,190.0,17.0,5.31,3.86,4.06,5.03,10.82,12.0,17.4,0.0,5.35,1.83,0.294,1.294,0.176,0.0,2.13,0.294,23.53,5.88,92.0,100.0,5.1,6.64,1.09,0.0,0.0,0.0,0.0,0.0,0.0,0.0,0.0,8.15,2.63,1.09,89.13,25.61,0.0,14.13,8.7,0.0,0.0,3.59,100.0,4.3807,4.3807,2.6053,2.72,21.2,100.0,3.5707,3.5707,2.4183,4.35,34.78,100.0,3.3929,3.3929,2.4183,5.48,38.36,100.0,5.7701,3.87,4.7,0.54,15.22,100.0,4.9146,3.584,3.99,0.0,27.17,100.0,4.7552,3.57,3.98,0.0,30.14,11.1765,2.4138,1.0483,7.7644,3.2749,3.7273,6.2273,21.1765,1.1176,16.0,8.4211
620.0,172.0,14.0,5.61,4.5,4.46,5.36,12.29,15.0,17.4,0.0,5.71,1.69,0.5,1.429,0.071,0.143,2.0,0.643,14.29,0.0,84.0,98.81,5.62,8.09,8.43,6.02,1.19,2.04,0.0,1.19,1.19,0.0,1.16,5.23,1.16,14.46,70.24,6.78,0.0,13.1,8.33,2.33,0.0,2.03,99.42,4.1926,4.1682,1.7595,13.37,27.33,100.0,3.035,3.035,1.5315,23.81,41.67,100.0,2.6471,2.6471,1.5315,31.25,50.0,100.0,5.6297,3.31,4.3,8.14,19.19,100.0,4.475,2.92,3.57,15.48,35.71,100.0,4.1347,2.92,3.31,20.31,43.75,12.2857,2.5084,1.0894,8.5606,3.7713,4.7,7.9573,25.6578,1.6429,17.0,9.8837
1240.0,587.0,30.0,14.5,11.96,13.75,13.09,18.56,25.25,33.5,43.75,6.81,2.43,0.812,1.188,0.125,0.438,2.16,1.219,12.5,9.38,259.0,96.91,7.28,11.39,28.29,5.58,3.09,3.66,0.77,1.54,1.16,0.0,6.9,12.12,2.56,9.16,83.01,27.91,10.7,39.77,26.25,11.78,0.0,2.58,95.29,4.0862,3.8936,1.3673,17.0,33.5,99.23,3.1304,3.1063,1.4247,18.92,44.02,99.47,3.028,3.012,1.5965,17.46,46.56,99.66,5.5128,3.28,4.41,7.41,20.03,100.0,4.7103,3.372,3.98,5.41,25.87,100.0,4.6692,3.46,4.01,4.23,24.87,19.5667,2.9738,1.2915,10.9553,6.4548,11.0,13.8167,51.0829,6.1667,157.0,26.7462
1120.0,499.0,31.0,12.21,10.2,11.29,11.71,15.59,19.0,21.0,18.75,6.47,2.03,0.625,1.219,0.094,0.25,2.05,1.156,28.12,9.38,246.0,91.87,6.5,9.79,15.93,0.44,8.13,7.51,3.66,4.88,4.47,3.66,6.21,13.63,3.61,4.42,88.21,31.34,8.29,32.11,18.7,8.22,0.0,0.51,97.8,3.8412,3.7566,1.539,13.63,38.68,99.19,3.1018,3.0766,1.8028,11.79,50.81,99.42,2.9133,2.8963,1.6664,13.37,58.14,100.0,5.3643,3.438,4.36,7.21,15.63,99.59,4.6243,3.53,4.1825,4.47,15.85,100.0,4.4778,3.493,4.03,5.23,17.44,16.0968,2.7786,1.2067,10.9851,5.9523,8.8333,12.3635,45.1549,4.6774,111.0,22.2445
1040.0,549.0,31.0,11.67,9.44,11.0,11.05,17.94,23.0,27.0,35.48,6.9,2.15,1.452,1.548,0.161,0.065,1.88,1.355,6.45,3.23,307.0,98.05,6.32,10.22,18.94,3.65,1.95,3.43,0.0,1.3,1.3,0.0,1.08,3.96,1.09,6.98,87.95,17.41,4.07,33.55,22.15,2.52,0.18,0.16,99.64,4.1979,4.1828,2.0974,8.45,24.46,100.0,3.3559,3.3559,1.9179,12.7,35.18,100.0,3.0735,3.0735,1.5911,16.75,43.54,99.82,5.7301,4.31,4.7,2.16,7.73,100.0,4.8885,3.784,4.605,4.89,13.03,100.0,4.7033,3.576,4.46,6.7,16.75,17.7097,2.8741,1.2482,9.9796,5.3725,12.2,12.1326,42.2998,4.3548,105.0,19.1257
900.0,384.0,30.0,9.7,7.29,7.51,8.82,13.24,17.0,19.2,10.34,5.52,2.03,0.621,1.517,0.034,0.138,1.87,1.034,13.79,0.0,166.0,99.4,6.28,8.93,10.3,1.21,0.6,0.86,0.0,0.0,0.0,0.0,4.43,7.03,1.56,2.42,93.37,16.13,7.74,42.17,30.12,9.9,0.0,1.14,99.22,4.3018,4.2682,2.1931,8.33,24.74,100.0,3.5964,3.5964,2.3729,4.82,32.53,100.0,3.3841,3.3841,2.1038,6.31,39.64,100.0,5.7838,4.061,4.83,1.82,9.9,100.0,5.114,4.04,4.5775,0.0,9.64,100.0,4.9669,3.95,4.405,0.0,10.81,12.8,2.5494,1.1072,9.288,4.6594,5.5,10.7223,31.55,2.4,61.0,15.8854
1090.0,580.0,39.0,10.78,8.87,10.29,10.92,13.79,19.0,23.7,21.43,5.33,2.21,0.976,1.405,0.214,0.238,1.93,0.929,45.24,19.05,301.0,93.69,6.74,10.47,21.99,4.61,6.31,6.8,2.33,3.32,1.33,0.0,3.28,8.12,2.24,7.09,82.39,24.19,7.66,27.57,17.94,7.43,0.35,2.09,97.41,4.1206,4.0138,1.7143,14.34,29.53,98.34,3.3467,3.2911,1.5315,18.94,40.86,100.0,3.094,3.094,1.5315,18.56,47.42,100.0,5.5858,3.49,4.64,3.63,14.34,98.34,4.8407,3.37,4.29,3.32,19.6,100.0,4.7714,3.37,4.2825,1.55,19.07,14.8718,2.6995,1.1724,10.3907,5.3676,5.4444,11.1562,40.5615,3.8205,139.0,23.9655
1130.0,411.0,27.0,9.01,7.23,8.59,9.17,17.35,23.0,30.0,34.78,6.74,2.02,1.217,1.913,0.261,0.348,1.94,1.174,0.0,8.7,164.0,98.17,6.02,9.0,10.56,1.24,1.83,3.09,0.0,0.61,0.0,0.0,6.77,21.3,5.11,1.86,96.95,15.09,3.14,28.05,20.73,15.04,1.0,1.54,97.24,4.4502,4.3275,2.8344,5.76,17.29,100.0,3.9182,3.9182,2.8344,4.27,17.68,100.0,3.7278,3.7278,2.8344,3.77,18.87,100.0,5.9103,4.52,5.05,0.5,5.26,100.0,5.3948,4.57,4.97,0.61,3.66,100.0,5.2838,4.65,4.9,0.0,2.83,15.2222,2.7228,1.1825,8.6176,4.4501,7.0,10.3385,36.1468,3.1852,49.0,11.9221
770.0,162.0,15.0,6.05,5.08,6.24,7.95,10.6,13.0,13.0,0.0,5.13,1.65,0.733,1.267,0.0,0.0,1.78,0.533,13.33,0.0,91.0,97.8,5.51,8.11,6.74,0.0,2.2,3.39,0.0,0.0,0.0,0.0,0.63,3.77,0.62,0.0,96.7,14.77,2.27,29.67,16.48,0.63,0.0,2.69,100.0,4.2467,4.2467,2.3385,2.52,21.38,100.0,3.5668,3.5668,2.6675,4.4,26.37,100.0,3.3821,3.3821,2.6263,4.76,33.33,100.0,5.7287,4.15,4.685,1.26,5.66,100.0,4.9791,4.09,4.47,3.3,6.59,100.0,4.8578,4.084,4.3,3.17,7.94,10.8,2.3795,1.0334,9.1431,4.0606,4.3,7.3011,27.4667,1.8,22.0,13.5802
960.0,520.0,39.0,9.1,7.92,8.76,10.1,13.61,17.0,19.3,10.53,5.45,2.1,0.789,1.737,0.132,0.316,1.91,0.895,5.26,0.0,235.0,95.74,6.37,9.46,15.56,0.0,4.26,5.13,1.7,1.7,0.0,0.0,6.96,14.12,2.69,1.78,92.77,17.89,4.59,31.06,19.57,10.83,0.39,1.17,96.71,4.228,4.089,2.0817,9.67,26.31,98.3,3.5323,3.4722,2.1714,9.36,32.34,100.0,3.2403,3.2403,2.007,10.42,39.58,99.81,5.6785,4.184,4.65,2.9,6.77,98.72,4.9788,4.084,4.495,1.7,9.36,100.0,4.8758,4.055,4.4775,0.0,9.72,13.3333,2.5903,1.1249,10.0369,5.2328,6.625,10.0355,37.1795,3.1795,99.0,19.0385
790.0,394.0,39.0,7.9,5.75,7.14,9.36,10.81,14.0,16.5,5.56,5.17,1.77,0.694,1.111,0.0,0.056,1.84,0.417,16.67,8.33,193.0,100.0,6.39,9.11,17.1,0.0,0.0,0.0,0.0,0.0,0.0,0.0,3.6,11.57,3.81,4.15,96.37,19.35,3.23,23.83,13.47,9.25,0.0,1.12,99.74,4.2483,4.2374,2.4515,4.37,21.85,100.0,3.727,3.727,2.6522,4.66,20.21,100.0,3.5803,3.5803,2.6425,6.61,19.83,100.0,5.8078,4.31,4.85,1.54,7.2,100.0,5.2546,4.45,4.92,3.11,4.66,100.0,5.1716,4.45,4.97,4.96,5.79,10.1026,2.3128,1.0044,9.5479,4.7518,3.5385,8.9865,37.0061,2.7179,53.0,13.4518
1180.0,494.0,26.0,12.62,9.9,11.59,10.59,19.52,22.0,25.0,56.0,6.36,2.42,1.12,2.04,0.12,0.16,2.01,1.36,40.0,0.0,217.0,95.39,6.35,9.89,16.43,1.45,4.61,6.13,0.0,2.3,0.92,0.0,8.4,14.34,2.83,9.66,88.02,21.99,8.38,28.11,17.97,12.09,0.2,3.75,94.06,4.231,3.9796,1.5194,14.55,26.23,100.0,3.3784,3.3784,1.6085,15.21,35.48,100.0,3.1082,3.1082,1.4914,19.72,42.25,100.0,5.5333,3.6,4.5875,5.33,15.78,100.0,4.8531,3.21,4.25,5.99,18.43,100.0,4.6711,3.07,4.17,8.45,21.83,19.0,2.9444,1.2788,10.7159,5.8682,13.2,12.3678,41.2672,4.2308,111.0,22.4696
940.0,1559.0,107.0,8.62,6.32,7.14,7.46,14.23,19.0,22.4,19.27,5.39,2.15,0.917,1.661,0.147,0.064,1.78,0.853,19.27,3.67,643.0,96.89,5.95,8.95,9.95,0.64,3.11,4.95,0.62,1.09,0.62,0.31,5.93,12.19,3.27,1.28,95.96,19.29,4.21,21.77,14.15,8.64,0.19,1.75,98.32,4.3897,4.3161,2.2967,5.74,18.89,100.0,3.6366,3.6366,2.3692,4.51,24.73,100.0,3.3163,3.3163,2.334,4.53,30.03,99.81,5.7854,4.06,4.86,1.74,9.22,100.0,5.0477,4.05,4.585,1.09,8.24,100.0,4.8482,4.05,4.46,1.42,8.5,14.5701,2.679,1.1635,8.3295,4.2559,7.5714,9.4017,30.7984,2.3645,184.0,11.8024
550.0,112.0,14.0,7.49,5.65,5.41,7.95,8.0,8.75,11.1,0.0,4.86,1.47,0.214,1.071,0.0,0.143,1.79,0.429,21.43,7.14,48.0,100.0,5.63,7.68,4.17,0.0,0.0,0.0,0.0,0.0,0.0,0.0,7.14,12.5,5.36,0.0,100.0,10.42,4.17,22.92,18.75,10.71,0.0,1.54,94.64,4.445,4.2069,2.5399,8.04,16.07,100.0,3.8741,3.8741,2.8344,2.08,12.5,100.0,3.7114,3.7114,2.7763,3.45,20.69,100.0,5.7762,4.382,5.04,0.0,7.14,100.0,5.3485,4.788,5.03,0.0,0.0,100.0,5.3207,4.576,5.07,0.0,0.0,8.0,2.0794,0.9031,7.8398,3.5027,3.9231,9.0424,24.9643,1.3571,14.0,12.5
550.0,227.0,25.0,5.22,4.33,4.77,6.49,9.42,12.25,13.0,0.0,4.62,1.89,0.292,1.167,0.042,0.083,1.89,0.333,8.33,4.17,78.0,98.72,5.37,7.71,9.09,0.0,1.28,2.08,0.0,1.28,0.0,0.0,8.85,20.35,6.61,0.0,98.72,6.49,2.6,21.79,20.51,15.04,0.0,1.84,98.23,4.4617,4.3827,2.6675,6.19,14.16,98.72,4.0459,3.9941,3.1103,3.85,7.69,100.0,3.8989,3.8989,3.1103,2.33,6.98,100.0,5.8621,4.37,5.05,0.88,7.96,98.72,5.3704,4.767,5.0525,2.56,3.85,100.0,5.3935,4.674,5.05,2.33,2.33,9.08,2.2061,0.9581,8.2604,3.4453,4.1818,6.9185,22.7364,1.24,22.0,9.6916
580.0,309.0,36.0,5.5,4.37,4.54,6.2,8.58,10.0,13.0,0.0,4.03,1.81,0.528,1.111,0.0,0.111,1.62,0.861,22.22,0.0,159.0,98.74,5.09,6.98,0.64,0.0,1.26,1.61,0.0,1.26,0.63,0.0,10.68,11.33,1.62,2.55,91.82,11.64,2.74,9.43,8.18,11.0,0.0,0.53,94.5,4.3078,4.0708,2.0921,9.71,20.06,100.0,3.739,3.739,2.5098,6.29,22.01,100.0,3.3983,3.3983,2.2148,8.64,30.86,100.0,5.4761,3.856,4.52,5.18,12.3,100.0,5.033,3.876,4.575,1.89,14.47,100.0,4.7369,3.64,4.39,1.23,19.75,8.5833,2.1498,0.9337,8.6102,3.6635,3.5385,7.7935,22.1756,1.1667,37.0,11.9741
1040.0,510.0,31.0,10.82,8.39,9.44,9.68,16.42,22.0,24.0,35.48,5.9,2.12,1.0,1.71,0.29,0.129,1.91,1.484,16.13,0.0,241.0,96.68,5.81,8.43,8.15,0.0,3.32,3.65,1.66,2.9,2.9,1.66,3.73,11.79,2.94,1.29,94.19,19.82,7.49,33.61,24.48,7.07,0.2,0.85,98.04,4.2913,4.207,2.3717,6.29,21.22,97.51,3.5507,3.4623,2.2765,6.64,27.8,96.2,3.2447,3.1215,2.1475,9.49,36.71,99.02,5.6989,4.06,4.68,1.96,8.06,98.34,4.8917,3.75,4.56,2.49,12.03,97.47,4.627,3.72,4.33,3.8,17.09,16.4516,2.8004,1.2162,9.3753,5.0979,8.5,11.3374,35.4712,3.129,80.0,15.6863
1090.0,683.0,43.0,11.92,9.23,10.77,11.34,15.93,17.5,21.0,20.93,6.12,2.1,0.767,1.209,0.116,1.116,2.0,0.977,6.98,0.0,363.0,96.97,6.44,9.27,11.65,0.57,3.03,5.26,0.55,2.2,2.2,0.55,4.38,7.15,1.02,1.99,85.95,27.88,3.21,35.26,23.14,5.26,0.0,1.01,98.69,4.0208,3.968,1.9777,13.58,33.58,98.62,3.3544,3.3082,1.9777,11.29,40.22,98.07,3.1479,3.0871,1.9777,14.29,47.88,99.27,5.5349,3.7,4.42,7.3,15.47,99.17,4.8564,3.7,4.29,2.48,14.33,98.84,4.6754,3.7,4.24,3.09,16.6,15.8837,2.7653,1.201,10.1346,5.3954,12.1667,12.3076,46.484,4.8605,118.0,17.2767
790.0,342.0,24.0,10.5,9.29,7.47,8.24,14.25,17.0,21.1,12.5,4.83,2.78,0.167,0.667,0.0,0.0,3.72,0.333,0.0,54.17,56.0,3.57,4.36,4.96,0.0,0.0,96.43,94.44,57.14,96.43,67.86,33.93,69.3,28.95,8.48,0.0,3.57,0.0,0.0,1.79,1.79,73.98,0.0,0.0,52.63,2.7897,1.4683,0.0,55.85,83.92,21.43,2.5913,0.5553,0.0,83.93,94.64,23.08,2.6168,0.6039,0.0,82.05,94.87,81.87,2.8639,0.0,1.265,50.29,62.87,66.07,1.6382,0.0,0.0,80.36,94.64,71.79,1.7792,0.0,0.0,76.92,94.87,14.25,2.6568,1.1538,19.9025,6.8716,7.7143,10.5958,34.133,2.8333,95.0,27.7778
370.0,97.0,13.0,4.22,3.01,3.62,5.23,7.46,8.0,9.0,0.0,4.23,1.46,0.231,1.0,0.0,0.154,1.79,0.308,23.08,0.0,53.0,98.11,4.88,6.9,1.92,0.0,1.89,3.23,0.0,1.89,1.89,0.0,3.09,9.28,2.06,0.0,90.57,2.08,0.0,18.87,18.87,4.12,0.0,0.85,96.91,4.5297,4.3896,2.8334,3.09,12.37,98.11,3.8403,3.7678,2.2635,9.43,18.87,97.37,3.5382,3.4451,1.699,13.16,26.32,100.0,5.7984,4.32,4.92,3.09,6.19,100.0,5.1415,3.826,4.51,5.66,15.09,100.0,4.8797,3.18,4.32,7.89,21.05,7.4615,2.0098,0.8728,6.9367,2.955,3.1154,6.672,18.8017,0.8462,10.0,10.3093
650.0,279.0,26.0,11.03,8.77,7.99,10.17,10.33,13.5,16.8,3.7,4.15,2.23,0.148,0.593,0.0,0.0,3.03,0.074,0.0,59.26,82.0,20.73,9.08,12.39,52.94,17.65,79.27,87.69,19.51,79.27,60.98,14.63,51.25,27.24,9.32,17.65,6.1,80.0,80.0,1.22,1.22,53.76,0.0,0.0,44.09,2.8914,1.2747,0.0,65.23,83.87,30.49,1.9318,0.589,0.0,82.93,98.78,33.33,1.9556,0.6519,0.0,80.3,98.48,84.59,2.8443,0.0,1.48,56.27,69.18,71.95,1.8735,0.0,0.0,74.39,91.46,72.73,1.9202,0.0,0.0,75.76,89.39,10.7308,2.3731,1.0306,18.94,6.6675,6.0,10.8099,42.272,3.3846,103.0,36.9176
590.0,473.0,44.0,5.74,4.07,4.73,5.64,9.27,14.0,17.0,3.92,4.27,1.92,0.686,1.627,0.039,0.118,1.41,0.902,37.25,15.69,203.0,96.06,4.95,6.77,2.56,0.0,3.94,5.67,0.0,2.96,2.46,0.0,5.29,1.69,0.21,1.03,94.58,13.54,3.12,11.33,9.85,5.29,0.0,0.17,95.14,4.6259,4.401,2.4913,7.61,15.64,99.51,3.849,3.8301,2.6294,2.96,16.26,98.85,3.6253,3.5836,2.5767,2.3,18.39,98.1,5.701,3.95,4.82,3.81,10.78,100.0,5.0448,3.972,4.6,1.97,10.34,100.0,4.8609,3.88,4.565,1.15,14.94,10.75,2.3749,1.0314,7.8752,3.4457,5.0,7.2594,24.2807,1.4545,48.0,10.148
370.0,152.0,19.0,7.94,5.31,6.4,8.78,8.11,9.5,12.4,0.0,4.68,1.48,0.211,1.105,0.158,0.737,1.6,0.053,26.32,5.26,64.0,100.0,5.22,9.04,10.94,0.0,0.0,0.0,0.0,0.0,0.0,0.0,6.49,18.83,5.26,0.0,89.06,15.79,15.79,18.75,7.81,11.69,0.0,2.2,100.0,4.2561,4.2561,1.6021,12.99,26.62,100.0,3.7226,3.7226,1.8236,10.94,37.5,100.0,2.8517,2.8517,1.6021,18.92,64.86,100.0,5.6627,3.27,4.7225,0.65,16.23,100.0,5.0952,3.454,4.0775,0.0,23.44,100.0,4.5065,3.25,3.93,0.0,40.54,8.0,2.0794,0.9031,9.1235,4.117,3.6923,8.9903,25.7632,1.4211,18.0,11.8421
300.0,73.0,11.0,6.49,2.19,4.41,6.44,6.64,8.0,8.0,0.0,3.73,1.23,0.273,1.182,0.182,0.364,1.75,0.0,0.0,0.0,41.0,100.0,4.82,5.94,0.0,0.0,0.0,0.0,0.0,0.0,0.0,0.0,0.0,2.74,0.0,0.0,100.0,21.95,17.07,21.95,19.51,0.0,0.0,2.33,100.0,4.2151,4.2151,2.1036,9.59,26.03,100.0,3.6574,3.6574,2.3404,0.0,29.27,100.0,3.1826,3.1826,2.3404,0.0,41.38,100.0,5.6749,3.922,4.72,0.0,15.07,100.0,5.1027,3.93,4.43,0.0,21.95,100.0,4.7024,3.93,3.93,0.0,31.03,6.6364,1.8926,0.8219,8.0754,2.835,3.0455,8.0009,23.0747,1.0909,4.0,5.4795
630.0,784.0,65.0,6.46,4.83,5.7,5.8,10.64,16.0,21.7,16.22,4.2,2.24,0.824,1.432,0.068,0.054,1.62,0.743,64.86,18.92,336.0,92.56,4.73,6.74,1.29,0.32,7.44,8.59,3.57,5.65,5.36,2.38,10.04,12.45,1.79,0.96,91.96,8.41,1.94,16.37,13.69,13.34,0.76,0.67,92.88,4.4536,4.1367,1.6853,12.83,19.82,96.13,3.9881,3.8338,2.5043,6.55,17.86,92.68,3.7453,3.4712,1.9899,10.37,21.95,99.87,5.5891,3.782,4.67,3.94,11.44,100.0,5.0972,4.02,4.64,4.17,9.82,100.0,4.8526,3.46,4.55,6.71,14.02,12.0615,2.49,1.0814,9.1893,3.9218,7.0,7.7212,26.3473,1.7231,76.0,9.6939
640.0,472.0,35.0,7.51,5.62,6.79,7.75,13.49,16.5,19.0,8.57,5.71,1.81,1.114,1.514,0.229,0.686,1.89,0.771,5.71,0.0,251.0,98.01,5.11,7.11,5.28,0.0,1.99,1.59,1.59,1.59,1.59,1.59,1.27,4.45,0.64,0.81,97.61,22.45,1.22,19.52,15.54,3.6,0.21,0.38,98.52,4.3856,4.3206,2.2612,3.39,17.8,98.41,3.7777,3.7175,2.8254,4.38,23.9,97.52,3.5427,3.4547,2.7924,4.35,32.92,99.79,5.7658,3.93,4.9175,1.48,10.59,100.0,5.0525,3.91,4.475,1.59,15.94,100.0,4.8559,3.91,4.33,2.48,21.12,13.4857,2.6016,1.1299,8.1525,4.2163,5.375,8.2387,29.1637,2.1143,43.0,9.1102
360.0,220.0,38.0,5.22,3.19,2.45,3.21,5.24,6.0,8.9,0.0,3.31,1.24,0.214,0.976,0.048,0.0,1.33,0.381,23.81,7.14,92.0,98.91,4.42,6.05,0.0,0.0,1.09,1.67,0.0,1.09,1.09,0.0,11.36,12.73,0.45,0.0,97.83,6.67,0.0,4.35,3.26,14.55,0.0,0.35,93.64,4.4328,4.1507,0.7782,14.55,21.82,98.91,4.1818,4.1363,2.7304,2.17,16.3,97.92,3.8173,3.7377,2.7095,4.17,25.0,100.0,5.5175,2.81,4.78,11.82,18.64,100.0,5.2714,4.013,4.775,1.09,9.78,100.0,4.9781,3.879,4.5475,2.08,14.58,5.7895,1.756,0.7626,8.5889,3.258,2.5294,7.0609,17.6077,0.6842,17.0,7.7273
530.0,1197.0,134.0,4.88,2.9,4.21,4.8,7.37,10.0,14.8,1.84,3.66,1.76,0.534,1.374,0.043,0.043,1.44,0.515,61.35,12.88,526.0,96.39,4.94,7.01,0.79,0.0,3.61,4.79,1.33,2.28,1.71,1.33,3.91,5.5,0.5,0.79,94.49,11.87,2.21,12.36,10.08,4.58,0.0,0.85,97.25,4.6824,4.5537,2.7846,5.16,12.99,98.48,3.9763,3.9158,2.4727,3.99,19.39,97.2,3.5579,3.4582,2.465,4.21,27.57,99.92,5.8625,4.2,5.02,2.08,7.74,99.81,5.1324,4.04,4.66,3.42,9.51,100.0,4.808,3.98,4.48,5.61,12.62,8.9328,2.1897,0.951,7.4697,3.1762,6.25,6.6534,21.7148,1.1418,85.0,7.1011
890.0,1486.0,119.0,6.58,4.42,5.87,6.31,12.64,16.0,24.0,18.49,4.76,2.21,0.975,1.756,0.126,0.084,1.79,0.958,47.06,9.24,596.0,95.97,5.35,7.88,5.42,0.7,4.03,6.79,0.67,2.85,2.18,0.34,10.57,12.77,5.38,1.75,91.28,14.52,3.86,19.8,15.77,14.16,0.2,0.64,88.63,4.5575,4.0394,0.0,14.43,23.4,98.49,3.7504,3.6938,2.3222,6.38,23.66,97.61,3.4781,3.3951,2.2529,7.51,30.72,89.36,5.232,0.0,4.6675,12.7,17.62,98.83,4.9472,3.75,4.49,4.19,13.26,97.95,4.7003,3.524,4.3,4.1,16.72,12.4874,2.5247,1.0965,8.6443,3.6125,8.8333,7.6644,26.8885,1.7983,132.0,8.8829
1020.0,552.0,39.0,12.47,9.7,9.27,10.32,14.15,16.0,23.0,15.38,5.41,1.97,0.744,1.513,0.128,0.462,1.83,1.128,7.69,2.56,296.0,96.62,7.19,11.42,27.62,5.24,3.38,4.96,2.03,1.01,1.01,0.68,0.54,2.72,0.18,7.34,89.86,31.58,5.64,53.72,28.38,1.45,0.36,1.1,99.64,4.1296,4.1146,2.2806,7.79,29.71,99.66,3.2759,3.2648,1.9411,11.49,35.81,99.52,3.1105,3.0955,1.9115,12.08,37.68,100.0,5.7,4.192,4.6175,0.91,8.33,100.0,4.8956,3.75,4.5575,2.03,12.16,100.0,4.7925,3.77,4.55,1.45,10.63,14.1538,2.65,1.1509,10.4314,5.7325,11.0,12.5916,40.0596,3.6667,94.0,17.029
1000.0,459.0,33.0,10.71,9.12,9.78,10.78,14.9,17.0,24.4,20.0,6.17,2.4,1.0,1.533,0.133,0.8,1.89,0.767,33.33,3.33,167.0,94.01,7.22,10.21,24.2,6.37,5.99,9.09,1.2,3.59,1.2,0.0,7.61,21.25,4.36,1.27,88.62,27.7,8.11,41.92,26.35,13.65,0.0,2.37,100.0,4.2295,4.2295,2.3222,6.26,24.61,99.4,3.2887,3.269,1.8388,13.77,36.53,100.0,3.1864,3.1864,1.8388,15.53,43.69,100.0,5.7957,4.1,4.72,0.89,9.17,100.0,4.8338,3.95,4.34,1.2,10.78,100.0,4.8427,4.0,4.19,0.97,10.68,13.9091,2.6325,1.1433,9.4177,4.8987,7.25,12.0793,40.9243,3.7576,80.0,17.4292
1250.0,211.0,11.0,17.53,13.53,13.85,13.64,19.27,25.0,27.0,45.45,6.73,2.26,0.727,1.545,0.091,0.727,2.04,1.818,9.09,0.0,115.0,96.52,7.95,11.44,31.53,8.11,3.48,4.94,0.0,0.0,0.0,0.0,1.89,7.08,0.0,14.41,85.22,35.71,2.04,52.17,33.91,2.36,0.0,0.42,100.0,3.7028,3.7028,1.3802,17.45,37.74,100.0,2.8734,2.8734,1.4007,20.0,46.96,100.0,2.7337,2.7337,1.3802,23.46,48.15,100.0,5.4916,3.82,4.44,2.36,11.79,100.0,4.6385,3.59,4.15,4.35,20.0,100.0,4.5523,3.54,4.14,6.17,19.75,19.1818,2.954,1.2829,12.0713,7.2526,12.5,15.9032,56.6226,7.1818,64.0,30.3318
430.0,192.0,34.0,3.51,2.16,2.25,2.61,5.05,6.75,9.0,0.0,3.11,1.34,0.237,1.105,0.053,0.0,1.43,0.132,28.95,2.63,81.0,100.0,4.57,6.21,1.23,1.23,0.0,0.0,0.0,0.0,0.0,0.0,8.33,8.85,0.0,1.23,95.06,3.9,0.0,8.64,8.64,9.38,0.52,1.16,96.88,4.5715,4.4286,2.9468,5.21,14.58,100.0,4.0453,4.0453,3.3143,2.47,8.64,100.0,3.6608,3.6608,2.9342,5.88,17.65,100.0,5.7523,4.29,4.86,3.65,6.25,100.0,5.2898,4.63,4.81,1.23,3.7,100.0,5.0518,4.58,4.7575,2.94,5.88,5.6471,1.7311,0.7518,7.2062,2.7998,2.3889,6.523,21.7929,0.9118,19.0,9.8958
980.0,731.0,50.0,10.83,7.98,8.18,8.82,14.62,18.75,24.3,22.0,5.5,2.03,1.16,1.74,0.22,0.2,1.76,0.8,16.0,2.0,378.0,97.88,7.02,10.17,24.86,4.32,2.12,4.08,1.06,0.0,0.0,0.0,0.0,1.92,0.27,3.24,88.62,25.97,6.27,46.03,30.69,0.0,0.0,1.56,100.0,4.4223,4.4223,2.3243,6.98,18.19,100.0,3.5155,3.5155,1.9823,10.32,28.84,100.0,3.1573,3.1573,1.9823,15.26,38.96,100.0,5.8515,4.18,4.94,2.05,8.34,100.0,4.9845,3.81,4.5,3.17,13.76,100.0,4.7336,3.3,4.41,4.82,17.67,14.62,2.6824,1.1649,9.1138,4.771,8.1429,11.3681,32.4039,2.6,79.0,10.8071
1080.0,920.0,55.0,10.86,8.63,9.79,9.46,17.06,21.75,29.8,37.04,6.15,2.41,0.944,1.722,0.352,0.37,1.83,1.167,35.19,9.26,372.0,97.04,6.3,9.0,10.25,1.11,2.96,4.0,0.0,0.81,0.81,0.0,7.49,13.57,3.26,1.66,93.82,21.78,7.74,28.76,20.43,10.21,0.0,1.35,99.57,4.366,4.3471,2.3874,5.65,20.41,99.73,3.527,3.5176,2.3432,4.57,28.49,99.59,3.3711,3.3574,2.3052,5.69,33.74,100.0,5.8216,4.12,4.83,1.74,8.58,100.0,4.9712,4.034,4.4425,1.88,9.68,100.0,4.8778,3.93,4.3825,2.03,10.57,16.7273,2.817,1.2234,9.4606,5.2447,6.0,11.3176,41.1838,4.0909,176.0,19.1304
880.0,1678.0,124.0,8.18,6.59,7.11,8.11,13.53,17.0,22.0,16.26,5.3,2.01,0.626,1.39,0.154,0.52,1.93,0.894,7.32,0.0,725.0,95.17,6.23,9.05,11.01,0.14,4.83,2.89,4.0,3.59,3.59,3.03,5.59,10.64,1.97,1.01,92.41,20.3,6.57,31.86,22.07,7.69,0.0,1.16,99.1,4.3023,4.2635,2.0783,8.11,23.32,98.21,3.6022,3.5376,2.2625,5.52,30.21,97.29,3.3533,3.2625,2.1072,7.5,36.25,100.0,5.8414,4.016,4.85,1.44,9.92,100.0,5.0585,3.984,4.56,2.62,10.21,100.0,4.893,3.6,4.4075,3.75,13.54,13.5323,2.6051,1.1314,9.0786,4.6997,6.75,9.1775,30.6955,2.3226,219.0,13.0513
590.0,441.0,45.0,5.01,3.97,5.43,6.85,8.44,11.0,14.9,1.92,3.98,1.81,0.442,1.212,0.019,0.038,1.73,0.385,32.69,7.69,194.0,99.48,5.15,7.58,3.11,0.0,0.52,0.8,0.0,0.0,0.0,0.0,3.87,13.9,2.95,2.07,91.75,12.92,5.06,12.89,8.76,8.66,0.0,3.07,96.36,4.3022,4.1454,2.3502,7.29,24.6,100.0,3.5474,3.5474,2.3502,7.22,29.9,100.0,3.2168,3.2168,2.1415,9.71,40.78,100.0,5.5767,3.848,4.43,4.56,11.39,100.0,4.8901,3.63,4.37,2.06,15.98,100.0,4.6593,3.606,4.13,0.97,20.39,9.8,2.2824,0.9912,8.7056,3.5274,3.9091,6.7422,24.3125,1.4222,47.0,10.6576
910.0,765.0,56.0,10.01,6.95,8.14,9.24,13.46,16.0,19.8,10.53,5.42,2.04,0.877,1.368,0.123,0.351,1.91,0.579,10.53,8.77,409.0,98.04,6.09,9.79,16.46,4.99,1.96,3.7,0.49,0.49,0.24,0.0,0.0,1.69,0.26,4.99,91.2,25.74,7.24,33.01,22.25,0.65,0.0,1.38,100.0,4.2232,4.2232,2.3674,6.39,26.21,100.0,3.3255,3.3255,1.9559,10.51,34.47,100.0,3.1356,3.1356,1.8633,13.54,36.11,100.0,5.7317,4.04,4.62,0.52,9.78,100.0,4.8759,3.638,4.4,0.24,16.38,100.0,4.7475,3.513,4.36,0.0,19.1,13.6607,2.6145,1.1355,9.0201,4.5863,11.5,10.9143,34.445,2.8393,106.0,13.8562
410.0,123.0,17.0,6.47,4.4,4.47,6.56,7.24,9.0,10.6,0.0,3.94,1.4,0.235,0.941,0.0,0.0,1.56,0.412,0.0,5.88,67.0,92.54,5.89,8.04,8.06,0.0,7.46,4.55,5.97,5.97,5.97,5.97,3.25,8.94,2.44,1.61,88.06,16.95,10.17,14.93,10.45,5.69,0.0,0.0,100.0,4.1257,4.1257,2.0253,8.13,27.64,100.0,3.48,3.48,1.9138,11.94,34.33,100.0,3.2223,3.2223,1.7246,18.18,40.91,100.0,5.643,3.61,4.465,1.63,15.45,100.0,4.9719,3.54,4.11,1.49,23.88,100.0,4.7936,3.558,4.0,2.27,25.0,7.2353,1.979,0.8595,8.1033,3.6771,3.1429,8.1248,28.3735,1.5294,19.0,15.4472
1030.0,905.0,56.0,9.6,7.82,9.18,9.46,16.02,20.25,25.0,28.57,5.8,2.12,1.321,1.607,0.179,0.821,1.9,0.964,7.14,1.79,451.0,96.01,6.42,8.95,9.93,2.08,3.99,6.47,1.77,2.22,2.0,1.33,1.9,8.36,1.88,2.08,90.02,27.09,15.27,37.03,24.39,5.24,0.22,2.17,99.11,4.1753,4.138,2.0253,9.92,24.3,99.78,3.3522,3.3448,2.0253,9.09,35.25,99.65,3.0865,3.0756,1.6021,14.18,42.91,100.0,5.6595,3.83,4.66,2.34,12.6,100.0,4.8682,3.56,4.32,0.67,15.3,100.0,4.6782,3.563,4.08,1.06,17.73,16.1607,2.7826,1.2085,9.5851,4.9612,5.5556,10.1673,38.9231,3.6786,117.0,12.9282
640.0,606.0,62.0,6.22,5.4,6.74,8.08,8.62,11.0,17.2,4.35,4.19,1.85,0.71,1.246,0.058,0.058,1.62,0.348,40.58,18.84,285.0,96.14,5.5,8.43,6.2,0.0,3.86,5.29,0.7,1.75,1.05,0.0,5.88,8.74,0.99,1.46,92.63,13.26,2.27,21.75,16.84,7.06,0.0,0.76,97.31,4.3651,4.2477,2.179,7.39,20.17,99.65,3.7377,3.7246,2.2718,6.32,22.81,100.0,3.2229,3.2229,1.9938,10.37,35.56,99.83,5.6703,3.74,4.83,1.85,12.77,99.65,5.0514,3.762,4.64,2.11,14.04,100.0,4.7225,3.71,4.175,2.96,20.74,9.7742,2.2797,0.9901,9.3065,4.1614,4.8,8.103,31.7214,2.1452,92.0,15.1815
640.0,606.0,62.0,6.22,5.4,6.77,8.08,8.62,11.0,17.2,4.35,4.19,1.85,0.71,1.246,0.058,0.058,1.62,0.348,40.58,18.84,285.0,96.14,5.5,8.43,6.2,0.0,3.86,5.29,0.7,1.75,1.05,0.0,5.88,8.74,0.99,1.46,92.63,13.26,2.27,21.75,16.84,7.06,0.0,0.76,97.31,4.3651,4.2477,2.179,7.39,20.17,99.65,3.7377,3.7246,2.2718,6.32,22.81,100.0,3.2229,3.2229,1.9938,10.37,35.56,99.83,5.6703,3.74,4.83,1.85,12.77,99.65,5.0514,3.762,4.64,2.11,14.04,100.0,4.7225,3.71,4.175,2.96,20.74,9.7742,2.2797,0.9901,9.3065,4.1614,4.8,8.103,31.7214,2.1452,92.0,15.1815
1040.0,551.0,34.0,9.82,7.93,10.37,10.68,15.49,19.0,28.2,24.32,5.76,2.23,0.865,1.486,0.216,0.216,2.05,1.054,13.51,8.11,287.0,93.38,6.22,9.82,16.42,0.75,6.62,9.09,0.7,3.48,2.79,0.0,1.05,5.41,1.81,3.73,85.02,24.18,9.43,20.56,15.68,3.49,0.17,1.34,99.48,4.2408,4.2185,2.1492,8.73,24.78,98.95,3.3706,3.3354,1.8388,12.89,35.19,98.92,3.148,3.1142,1.7991,13.44,39.25,100.0,5.6478,3.704,4.67,3.66,13.61,100.0,4.7521,3.302,4.16,4.88,21.25,100.0,4.5741,3.295,4.16,4.84,22.58,16.2059,2.7854,1.2097,9.5699,5.0126,9.0,10.0568,39.0734,3.7059,104.0,18.8748
1060.0,556.0,32.0,11.91,9.57,10.47,9.97,16.41,20.0,29.0,32.35,5.82,2.15,1.382,1.471,0.206,0.118,1.74,1.5,47.06,8.82,266.0,96.62,6.3,9.79,18.29,1.17,3.38,4.41,0.0,1.88,1.88,0.0,5.91,8.78,2.16,0.39,93.23,23.79,6.85,25.19,14.66,8.78,2.33,0.3,97.67,4.2863,4.1865,2.0378,9.5,22.94,98.87,3.5939,3.5534,2.107,7.89,26.69,98.1,3.2618,3.1998,1.9537,10.76,35.44,99.46,5.6729,3.897,4.7625,2.15,10.93,100.0,5.0293,3.9,4.5325,0.75,10.9,100.0,4.8194,3.758,4.3375,1.27,14.56,17.375,2.855,1.2399,10.0078,5.5626,7.375,12.1617,42.5549,4.375,127.0,22.8417
780.0,935.0,76.0,8.26,6.22,6.67,7.41,12.23,16.0,21.0,12.99,4.81,2.21,1.195,1.935,0.078,0.104,1.53,0.909,48.05,6.49,417.0,96.4,5.17,7.72,5.97,1.0,3.6,5.56,0.48,0.72,0.24,0.0,7.11,10.4,1.07,2.49,95.92,11.75,3.5,17.27,12.95,8.39,0.21,0.93,92.99,4.5851,4.2638,2.0414,9.98,17.83,99.76,3.9928,3.9832,2.5997,4.56,16.79,99.44,3.5978,3.5778,2.2922,6.11,23.33,99.89,5.6901,3.66,4.9625,5.31,12.0,100.0,5.232,4.122,4.83,2.88,8.63,100.0,4.9526,3.894,4.5775,3.33,12.22,12.3026,2.5098,1.09,9.0259,4.4592,5.7778,9.5161,28.7732,2.0263,121.0,12.9412
410.0,106.0,16.0,3.78,3.47,5.34,7.64,6.62,8.0,9.5,0.0,3.75,1.31,0.125,0.875,0.0,0.0,1.55,0.438,0.0,12.5,59.0,98.31,5.66,11.28,12.07,0.0,1.69,2.63,0.0,1.69,1.69,0.0,5.66,11.32,3.77,12.07,86.44,3.92,0.0,27.12,16.95,7.55,0.0,0.0,98.11,3.886,3.8127,1.7709,15.09,31.13,100.0,3.3661,3.3661,1.6128,15.25,28.81,100.0,3.1207,3.1207,1.6128,20.45,38.64,99.06,5.3818,3.78,4.46,4.72,18.87,100.0,4.8632,3.33,4.39,0.0,15.25,100.0,4.702,3.33,4.34,0.0,20.45,6.625,1.8909,0.8212,9.1788,3.3146,2.3125,5.9855,24.5495,1.1875,16.0,15.0943
750.0,1093.0,88.0,6.32,4.39,4.69,4.45,12.16,16.0,25.2,17.98,4.62,2.34,1.169,1.82,0.056,0.112,1.4,1.034,67.42,4.49,459.0,96.08,5.19,7.94,4.08,0.68,3.92,6.8,0.44,2.4,1.96,0.44,3.7,4.62,0.91,1.59,93.9,11.83,2.55,18.74,14.38,3.97,0.0,0.21,98.71,4.8213,4.7589,3.0361,4.16,9.89,99.13,4.1168,4.0809,2.8266,6.1,13.07,98.49,3.6683,3.613,2.2002,9.05,21.11,100.0,5.9907,4.44,5.29,1.76,6.19,99.78,5.2691,4.284,4.75,3.49,8.5,100.0,4.9368,3.736,4.525,6.03,13.07,12.4205,2.5193,1.0941,7.8497,3.6918,5.75,7.5625,23.7654,1.4091,94.0,8.6002
500.0,206.0,24.0,5.38,3.17,3.33,4.94,8.24,11.0,13.6,0.0,4.16,1.6,0.4,1.16,0.04,0.08,1.43,0.6,8.0,4.0,79.0,97.47,5.18,7.05,1.3,0.0,2.53,1.59,2.53,2.53,2.53,2.53,3.4,17.96,2.43,2.6,96.2,15.79,6.58,25.32,15.19,16.5,1.46,2.05,98.54,4.3433,4.2801,2.3137,5.83,23.3,100.0,3.8961,3.8961,2.4329,3.8,21.52,100.0,3.3772,3.3772,2.233,6.67,37.78,100.0,5.7406,4.135,4.695,1.46,9.22,100.0,5.3125,4.08,4.69,0.0,10.13,100.0,4.8918,3.804,4.24,0.0,17.78,8.5833,2.1498,0.9337,8.508,3.1347,2.8571,7.1686,19.2629,0.9167,26.0,12.6214
370.0,91.0,13.0,3.24,2.18,2.46,4.19,7.0,8.0,8.0,0.0,4.0,1.26,0.231,1.077,0.077,0.462,1.32,0.154,0.0,0.0,47.0,100.0,5.28,6.64,2.13,0.0,0.0,0.0,0.0,0.0,0.0,0.0,1.1,8.79,3.3,2.13,97.87,13.04,2.17,19.15,17.02,2.2,0.0,2.86,100.0,4.5605,4.5605,3.0402,1.1,7.69,100.0,4.1234,4.1234,3.1536,2.13,8.51,100.0,3.7973,3.7973,3.083,3.33,10.0,100.0,5.9548,4.52,5.16,1.1,2.2,100.0,5.5251,5.006,5.15,0.0,4.26,100.0,5.2167,5.054,5.15,0.0,6.67,7.0,1.9459,0.8451,6.4129,2.2985,2.9615,7.0101,16.8901,0.6923,5.0,5.4945
260.0,100.0,13.0,8.68,6.76,6.11,8.66,7.69,9.0,9.8,0.0,4.85,1.34,0.462,1.308,0.154,0.0,1.55,0.0,0.0,0.0,50.0,100.0,5.67,9.47,20.0,0.0,0.0,0.0,0.0,0.0,0.0,0.0,2.0,2.0,1.0,0.0,100.0,22.0,0.0,18.0,18.0,2.0,0.0,0.0,100.0,4.5062,4.5062,2.1168,10.0,16.0,100.0,3.8962,3.8962,1.8808,20.0,26.0,100.0,3.5072,3.5072,1.8808,27.78,36.11,100.0,5.8908,3.89,5.1925,0.0,11.0,100.0,5.3254,3.89,4.3675,0.0,20.0,100.0,5.075,3.89,3.89,0.0,27.78,7.6923,2.0402,0.8861,8.2813,3.7296,4.0,9.2656,27.6923,1.5385,14.0,14.0
530.0,218.0,21.0,5.07,4.16,2.86,3.88,10.24,12.0,14.0,4.76,5.05,1.7,0.571,1.143,0.048,0.286,1.79,0.524,23.81,14.29,90.0,98.89,5.6,8.16,5.62,0.0,1.11,1.85,0.0,0.0,0.0,0.0,2.33,10.7,2.75,0.0,100.0,30.0,5.56,11.11,8.89,4.19,0.93,2.72,98.14,4.5407,4.4563,2.1987,6.51,16.28,100.0,3.6369,3.6369,2.1987,4.44,24.44,100.0,3.1382,3.1382,2.1987,6.78,35.59,100.0,5.8801,3.64,5.0,1.86,14.88,100.0,5.0137,3.64,4.3575,0.0,22.22,100.0,4.6161,3.64,3.64,0.0,33.9,10.381,2.34,1.0162,8.6421,4.0385,4.2,6.4274,19.5553,0.9524,25.0,11.4679
400.0,95.0,12.0,4.43,2.53,2.26,3.72,7.92,9.25,10.9,0.0,4.58,1.45,0.083,1.167,0.0,0.0,1.37,0.75,0.0,0.0,41.0,97.56,4.96,6.44,0.0,0.0,2.44,3.23,0.0,2.44,2.44,0.0,4.21,1.05,0.0,0.0,95.12,10.26,2.56,26.83,24.39,4.21,0.0,0.0,100.0,4.6263,4.6263,3.0595,4.21,10.53,100.0,3.9474,3.9474,2.4942,4.88,17.07,100.0,3.8058,3.8058,2.3174,7.69,23.08,100.0,6.0058,4.69,5.335,4.21,6.32,100.0,5.3271,4.03,4.92,4.88,9.76,100.0,5.1985,3.88,5.26,7.69,15.38,7.9167,2.069,0.8985,6.3561,2.6795,3.375,6.8167,17.3904,0.75,5.0,5.2632
500.0,217.0,26.0,4.08,3.33,4.1,5.91,8.38,9.0,12.0,0.0,4.15,1.5,0.231,1.0,0.038,0.231,1.56,0.577,7.69,0.0,124.0,97.58,5.09,6.55,0.0,0.0,2.42,4.48,0.0,0.81,0.81,0.0,0.92,5.05,0.46,0.0,82.26,16.67,4.9,5.65,5.65,1.83,0.0,1.95,100.0,4.2549,4.2549,2.101,9.17,20.64,100.0,3.514,3.514,1.6021,16.13,29.84,100.0,3.0418,3.0418,1.6021,23.81,42.86,100.0,5.6694,3.59,4.5825,3.67,14.68,100.0,4.8957,3.25,4.08,0.81,21.77,100.0,4.5055,3.25,3.57,1.19,30.95,8.3462,2.1218,0.9215,7.3249,3.0066,3.3333,5.8734,19.8669,0.9615,17.0,7.8341
940.0,498.0,34.0,12.36,9.84,10.79,12.01,14.59,18.5,21.0,17.65,5.65,2.12,0.882,1.5,0.147,0.647,1.74,1.324,5.88,0.0,233.0,96.57,6.94,10.56,22.67,1.78,3.43,5.22,1.29,1.29,0.43,0.0,2.82,8.67,2.41,0.44,95.71,30.04,17.94,30.04,19.31,4.64,0.0,1.4,99.19,4.2754,4.2409,2.0531,6.85,21.98,98.71,3.5261,3.4807,1.9956,16.74,30.47,99.36,3.3577,3.3362,1.9956,23.72,33.97,100.0,5.8632,4.26,5.0275,0.6,5.04,100.0,5.0893,3.98,4.53,1.29,16.74,100.0,5.0422,3.98,4.04,0.64,21.15,14.6471,2.6842,1.1658,8.9605,5.0974,7.125,12.9264,44.7675,4.4118,81.0,16.2651
490.0,171.0,18.0,7.78,4.68,2.88,4.28,9.5,11.0,12.6,5.56,4.33,1.78,0.389,1.333,0.056,0.111,1.84,0.556,11.11,0.0,69.0,100.0,5.33,7.67,2.9,0.0,0.0,0.0,0.0,0.0,0.0,0.0,1.17,8.77,2.34,0.0,82.61,5.26,1.75,20.29,13.04,9.94,1.17,2.02,99.42,4.5548,4.5281,2.3424,8.19,18.71,100.0,3.7809,3.7809,2.5315,4.35,20.29,100.0,3.3089,3.3089,2.5315,6.38,29.79,100.0,5.9474,4.21,4.89,0.58,8.77,100.0,5.2226,4.28,4.68,0.0,4.35,100.0,4.9119,4.28,4.28,0.0,6.38,9.5,2.2513,0.9777,8.1706,3.7376,5.4,9.1509,18.8567,0.8889,17.0,9.9415
770.0,459.0,39.0,6.54,4.81,6.83,7.15,11.57,16.0,21.1,12.5,4.75,2.22,1.05,1.775,0.025,0.0,1.58,0.825,60.0,7.5,236.0,96.19,5.03,7.35,3.08,1.32,3.81,5.45,0.0,2.12,1.69,0.0,3.24,2.16,0.0,3.08,92.37,12.39,3.67,13.56,8.9,3.46,0.0,0.95,96.33,4.482,4.3174,2.2729,7.99,18.14,98.73,3.7757,3.7277,2.2849,7.2,25.42,97.6,3.376,3.295,1.8413,12.8,37.6,100.0,5.6374,3.78,4.66,5.62,13.17,100.0,4.9465,3.74,4.3175,5.08,16.1,100.0,4.5797,3.104,3.91,9.6,27.2,11.7692,2.4655,1.0707,8.7612,3.9037,4.6,8.2223,27.0198,1.7949,57.0,12.4183
450.0,106.0,15.0,3.58,2.64,2.77,4.14,7.2,8.5,10.0,0.0,3.67,1.55,0.467,1.267,0.0,0.0,1.53,0.267,20.0,0.0,51.0,100.0,4.69,6.22,0.0,0.0,0.0,0.0,0.0,0.0,0.0,0.0,6.48,10.19,0.0,0.0,98.04,12.0,8.0,3.92,3.92,8.33,0.0,0.0,92.59,4.5265,4.1912,2.2014,8.33,22.22,100.0,3.7956,3.7956,2.48,0.0,25.49,100.0,3.2225,3.2225,2.2529,0.0,44.44,100.0,5.6191,3.57,4.52,0.93,16.67,100.0,5.0096,3.83,4.275,0.0,19.61,100.0,4.5533,3.764,3.97,0.0,33.33,7.0667,1.9554,0.8492,7.4131,2.6467,3.0,7.0316,17.444,0.7333,4.0,3.7736
600.0,188.0,22.0,7.46,6.38,6.79,9.18,8.32,9.0,11.8,0.0,4.36,1.55,0.318,1.227,0.045,0.091,1.69,0.455,13.64,0.0,70.0,97.14,5.58,7.72,4.41,0.0,2.86,5.0,0.0,1.43,1.43,0.0,7.65,21.31,4.79,0.0,95.71,2.99,2.99,18.57,15.71,13.11,0.0,2.7,98.91,4.3924,4.3444,2.7532,5.46,14.75,100.0,3.9087,3.9087,2.8491,5.71,12.86,100.0,3.7304,3.7304,2.8024,5.0,15.0,100.0,5.8242,4.346,4.91,1.64,7.65,100.0,5.2813,4.358,4.85,2.86,8.57,100.0,5.261,4.106,4.85,0.0,10.0,8.5455,2.1454,0.9317,7.9239,3.7365,4.25,10.0189,35.1412,2.2727,24.0,12.766
790.0,332.0,30.0,7.32,5.96,7.79,9.65,11.1,13.0,15.0,3.33,4.73,1.89,0.7,1.467,0.233,0.067,1.56,1.233,16.67,0.0,173.0,98.27,5.97,10.22,17.06,0.0,1.73,2.56,0.0,0.58,0.58,0.0,0.3,6.31,1.81,10.59,87.28,15.89,4.64,24.86,18.5,1.8,0.3,0.51,99.7,4.2776,4.2648,2.2879,8.71,17.72,100.0,3.546,3.546,1.5185,14.45,26.01,100.0,3.1153,3.1153,1.5185,21.9,39.05,99.7,5.7377,4.27,4.88,4.8,8.41,100.0,5.0338,3.44,4.66,0.0,14.45,100.0,4.737,3.44,4.21,0.0,21.9,11.0667,2.4039,1.044,8.4183,4.2386,3.8182,8.9363,33.657,2.5,51.0,15.3614
540.0,548.0,53.0,5.23,3.54,2.98,3.47,9.79,13.0,16.0,5.36,4.39,2.02,0.893,1.661,0.054,0.143,1.38,0.625,51.79,5.36,214.0,98.6,4.77,6.58,0.95,0.95,1.4,2.14,0.0,0.93,0.47,0.0,3.28,6.2,0.73,0.47,96.73,8.7,1.45,13.55,12.15,4.74,0.0,0.29,99.09,4.8549,4.8106,3.1605,2.74,8.39,99.53,4.1965,4.1769,3.1164,2.8,9.35,100.0,3.7461,3.7461,2.7779,5.56,16.67,99.45,6.0008,4.444,5.24,1.46,5.66,100.0,5.3014,4.37,4.8425,2.34,4.21,100.0,4.9592,4.137,4.485,3.33,4.44,10.3396,2.336,1.0145,7.146,3.2542,3.7273,6.8924,22.3834,1.2453,40.0,7.2993
750.0,1078.0,98.0,6.55,5.21,5.71,6.56,10.47,15.0,17.0,5.94,4.64,2.09,0.97,1.673,0.059,0.119,1.4,1.02,59.41,7.92,467.0,94.65,5.29,8.06,5.88,0.23,5.35,6.34,2.36,3.85,2.78,1.93,6.34,9.27,0.83,0.9,92.72,9.24,2.08,25.48,18.2,6.72,0.19,0.8,97.26,4.5642,4.439,2.6991,5.68,15.23,98.29,3.9478,3.8801,2.5604,5.35,18.42,96.67,3.5563,3.4378,2.2726,6.67,27.62,99.91,5.7773,4.108,4.92,1.99,9.46,99.79,5.1561,4.124,4.725,3.64,8.99,99.52,4.8522,3.65,4.52,5.24,13.81,11.0,2.3979,1.0414,8.9572,4.2967,7.4286,8.1267,25.8423,1.6327,132.0,12.2449
410.0,291.0,42.0,5.25,3.41,3.63,4.16,6.06,8.0,10.0,0.0,3.42,1.51,0.271,1.104,0.062,0.042,1.4,0.417,56.25,12.5,116.0,100.0,4.31,6.16,0.0,0.0,0.0,0.0,0.0,0.0,0.0,0.0,8.93,10.65,1.37,0.0,99.14,5.22,0.87,18.97,16.38,9.62,0.0,0.73,94.5,4.7229,4.4633,2.6031,8.25,12.37,100.0,4.4242,4.4242,3.4723,0.86,5.17,100.0,4.3154,4.3154,3.8687,2.13,2.13,100.0,5.7351,3.8,5.12,3.78,11.34,100.0,5.4579,4.83,5.12,0.0,3.45,100.0,5.3051,4.922,5.11,0.0,4.26,6.9286,1.9357,0.8406,8.104,3.1458,2.625,7.4475,21.7052,1.0238,27.0,9.2784
840.0,1001.0,75.0,7.38,4.9,6.91,7.01,13.12,17.0,23.0,15.38,4.88,2.29,1.244,1.962,0.09,0.179,1.56,0.936,62.82,3.85,440.0,97.05,5.29,8.42,6.32,0.23,2.95,3.96,1.36,1.36,1.14,0.68,8.7,9.29,0.9,0.23,97.5,8.86,2.1,28.18,22.95,9.19,0.1,0.91,92.28,4.6608,4.3009,2.0219,9.97,17.6,99.09,4.0811,4.044,2.7177,3.64,16.59,98.69,3.8991,3.848,2.567,4.8,18.78,96.68,5.6318,3.64,5.04,7.62,12.02,100.0,5.3115,4.31,4.97,1.14,7.27,100.0,5.2124,4.31,4.92,1.31,6.99,13.3467,2.5913,1.1254,8.6206,3.8893,5.4444,8.4881,29.9301,2.2133,99.0,9.8901
500.0,167.0,20.0,4.78,3.0,2.88,4.41,7.76,9.0,12.0,0.0,4.14,1.64,0.286,1.095,0.048,0.476,1.85,0.524,19.05,9.52,93.0,98.92,5.41,6.62,6.52,4.35,1.08,1.85,0.0,0.0,0.0,0.0,1.23,6.75,1.8,3.26,80.65,9.33,0.0,12.9,10.75,1.23,0.0,2.54,100.0,4.1302,4.1302,2.1812,7.98,25.77,100.0,3.4312,3.4312,2.0398,9.68,30.11,100.0,3.1272,3.1272,1.9676,12.12,36.36,100.0,5.534,3.57,4.465,4.91,17.18,100.0,4.7122,3.316,4.14,6.45,22.58,100.0,4.4545,3.245,3.6675,7.58,27.27,8.35,2.1223,0.9217,9.1564,3.0978,2.8571,6.5088,14.338,0.5,19.0,11.3772
790.0,278.0,24.0,6.5,4.38,7.61,9.35,11.5,15.0,15.0,4.17,5.17,2.02,0.667,1.375,0.25,0.0,1.79,0.708,25.0,0.0,143.0,88.81,5.5,8.26,5.51,0.0,11.19,4.49,9.09,9.09,9.09,9.09,0.72,6.16,1.44,2.36,86.01,16.26,7.32,15.38,10.49,0.72,0.0,2.48,94.57,4.3486,4.1123,2.1098,9.42,17.75,90.91,3.5416,3.2197,1.1491,18.18,27.27,86.6,3.3361,2.889,0.0,21.65,31.96,100.0,5.5917,3.72,4.68,6.88,12.68,100.0,4.6957,2.864,4.34,10.49,23.08,100.0,4.4104,1.94,3.77,15.46,27.84,11.5833,2.4496,1.0638,9.2093,3.7097,5.3333,7.7935,29.2092,2.0417,34.0,12.2302
1060.0,685.0,44.0,11.77,9.17,9.84,10.37,16.27,20.0,24.0,29.27,6.27,2.18,1.049,1.293,0.244,0.293,2.04,1.122,12.2,0.0,281.0,98.93,6.44,9.06,10.43,2.16,1.07,1.72,0.0,0.36,0.36,0.0,6.9,20.39,5.11,2.52,94.66,21.05,2.26,33.45,23.13,13.19,0.6,3.46,98.05,4.2579,4.1749,2.3054,5.85,25.04,100.0,3.4891,3.4891,2.4609,3.2,28.83,100.0,3.274,3.274,2.3075,4.95,34.07,100.0,5.783,4.21,4.78,2.25,7.8,100.0,5.0466,4.03,4.7,1.42,8.19,100.0,4.9199,3.855,4.65,2.2,12.09,15.5682,2.7452,1.1922,9.6874,5.3819,10.2857,12.0377,40.8237,3.9318,129.0,18.8321
520.0,624.0,65.0,5.06,4.19,5.43,6.71,8.74,12.0,14.9,2.78,4.26,1.84,0.611,1.472,0.069,0.111,1.56,0.639,30.56,9.72,282.0,95.74,5.31,8.0,4.81,0.74,4.26,6.01,0.71,1.77,1.42,0.0,7.15,8.59,0.64,1.11,95.39,13.38,4.46,20.21,17.02,7.79,0.0,0.62,94.44,4.5304,4.2783,2.0253,9.7,17.81,99.29,3.8227,3.7956,2.2748,6.74,19.5,98.43,3.4586,3.4041,2.1655,9.45,27.56,99.21,5.6986,3.708,4.79,2.23,11.61,100.0,5.0859,3.924,4.61,2.13,10.28,100.0,4.8357,3.78,4.46,2.36,13.39,9.6,2.2618,0.9823,8.4903,3.8189,3.9091,6.9449,28.1897,1.7846,74.0,11.859
530.0,221.0,24.0,5.31,3.17,4.87,6.55,9.17,12.0,13.0,0.0,4.5,1.64,0.25,1.167,0.083,0.083,1.39,0.958,4.17,0.0,112.0,99.11,5.24,6.61,0.0,0.0,0.89,1.54,0.0,0.89,0.89,0.0,4.09,6.36,1.36,0.9,82.14,11.96,7.61,11.61,11.61,5.45,0.0,0.75,98.64,4.2096,4.1522,1.6021,14.09,22.27,99.11,3.5484,3.5167,1.6021,17.86,33.04,98.63,3.0969,3.0545,1.6021,27.4,46.58,99.55,5.6017,3.27,4.705,7.73,16.36,99.11,4.8734,3.25,4.07,2.68,24.11,98.63,4.4853,3.25,3.25,4.11,35.62,9.2083,2.2201,0.9642,8.3801,3.1881,3.5,6.8167,20.0681,1.0,21.0,9.5023
980.0,297.0,21.0,10.24,7.41,7.42,7.94,14.19,18.0,23.0,14.29,5.81,1.91,0.952,1.667,0.286,0.095,1.75,1.333,19.05,4.76,149.0,97.32,6.66,10.3,20.0,1.38,2.68,3.77,0.0,2.01,1.34,0.0,1.34,5.7,1.35,2.76,86.58,22.48,12.4,25.5,18.79,1.68,0.34,1.72,98.99,4.2967,4.2534,2.1201,8.05,24.83,99.33,3.4358,3.4127,2.0064,10.07,30.87,98.97,3.2014,3.1684,1.9957,10.31,38.14,100.0,5.7493,3.901,4.73,2.01,13.09,100.0,4.9438,3.64,4.53,2.68,18.79,100.0,4.76,3.64,4.21,3.09,22.68,14.1429,2.6492,1.1505,9.2292,4.9469,6.625,10.712,32.6614,2.619,54.0,18.1818
1030.0,566.0,34.0,10.48,8.77,10.37,10.16,14.89,22.0,25.0,39.47,5.42,2.23,1.0,1.5,0.237,0.316,1.77,1.237,23.68,18.42,269.0,93.31,6.26,9.11,12.35,0.8,6.69,6.29,2.97,2.23,0.74,0.0,5.65,12.01,2.3,4.38,86.62,19.74,4.72,21.19,13.38,9.54,0.0,0.88,98.06,4.0505,3.9717,1.842,11.48,31.27,98.51,3.2455,3.1973,1.9243,14.87,34.94,99.4,2.9605,2.9428,1.9243,17.37,40.12,99.82,5.5272,3.655,4.415,4.06,16.08,99.26,4.7129,3.3,4.13,4.46,23.42,100.0,4.5357,3.3,3.86,4.19,26.35,16.6471,2.8122,1.2213,10.5439,5.4502,7.5714,10.5259,37.8485,3.5294,112.0,19.788
510.0,232.0,25.0,5.09,2.83,3.76,5.51,9.2,12.0,13.6,4.0,4.72,1.53,0.48,1.4,0.2,0.16,1.48,0.88,4.0,0.0,105.0,98.1,5.0,6.55,0.97,0.0,1.9,1.67,1.9,1.9,1.9,1.9,4.35,7.39,2.16,0.0,80.95,4.71,0.0,12.38,10.48,6.52,0.0,1.52,97.83,4.4489,4.3522,1.9523,10.43,16.52,98.1,3.8659,3.7923,1.6021,18.1,23.81,96.88,3.267,3.1649,1.6021,29.69,39.06,99.13,5.7284,3.682,5.04,8.7,14.35,98.1,5.069,3.25,4.72,2.86,19.05,96.88,4.537,3.25,3.25,4.69,31.25,9.28,2.2279,0.9675,7.9082,2.963,4.0,6.9185,17.9007,0.8,15.0,6.4655
800.0,467.0,45.0,6.98,6.07,6.22,8.01,10.09,13.0,15.0,2.27,4.98,1.85,0.386,1.182,0.114,0.136,1.91,0.5,0.0,2.27,150.0,97.33,6.06,8.52,6.16,0.0,2.67,3.03,1.33,2.0,2.0,1.33,13.06,25.23,4.93,0.68,94.0,17.02,2.84,27.33,21.33,20.72,1.35,8.27,91.89,4.3418,3.9898,2.0106,9.01,23.2,98.67,3.5582,3.5107,2.4456,2.67,23.33,97.62,3.362,3.2819,2.3075,4.76,27.38,100.0,5.6164,3.756,4.63,2.25,11.71,100.0,4.9828,4.194,4.675,2.0,8.0,100.0,4.8046,3.645,4.5075,3.57,14.29,10.3778,2.3397,1.0161,10.0344,4.6779,4.4545,8.3092,31.5769,2.2,69.0,14.7752
790.0,547.0,54.0,7.85,5.55,5.4,7.0,10.73,13.25,15.3,0.0,4.71,1.83,0.542,1.354,0.188,0.208,1.79,0.25,10.42,2.08,166.0,95.78,6.26,9.3,11.32,0.63,4.22,4.44,2.41,3.01,3.01,2.41,12.43,25.83,5.12,1.89,91.57,19.74,3.29,21.08,15.66,19.42,2.33,6.93,94.95,4.3115,4.0939,2.1732,6.6,23.5,96.99,3.5307,3.4244,2.3075,5.42,25.3,94.12,3.3348,3.1386,2.0645,8.24,30.59,100.0,5.7155,4.024,4.8,1.75,9.13,100.0,4.9325,3.75,4.565,3.61,13.25,100.0,4.7556,3.6,4.07,7.06,23.53,10.1296,2.3155,1.0056,9.7968,4.1382,4.0833,9.1005,26.2174,1.6296,73.0,13.3455
710.0,668.0,65.0,7.94,5.78,6.08,7.94,9.94,11.0,14.6,0.0,4.85,1.68,0.477,1.308,0.169,0.123,1.76,0.569,1.54,0.0,222.0,97.75,6.25,9.95,12.44,2.3,2.25,2.94,0.9,1.8,1.8,0.9,12.07,20.28,4.04,0.92,93.69,20.67,6.73,21.17,17.12,16.25,0.62,6.05,97.21,4.3242,4.2037,2.3032,6.5,26.01,99.1,3.5448,3.5129,2.3075,4.05,27.93,98.48,3.2349,3.1859,2.1173,6.82,36.36,100.0,5.7201,3.9,4.68,2.01,14.86,100.0,4.955,3.781,4.5975,1.8,15.32,100.0,4.7189,3.6,4.4525,3.03,22.73,10.2769,2.3299,1.0119,9.7247,4.4895,4.1818,9.0575,30.4865,2.0769,95.0,14.2216
480.0,693.0,87.0,3.36,1.1,0.86,1.96,7.8,10.0,12.0,0.0,4.04,1.52,0.472,1.247,0.056,0.135,1.79,0.326,14.61,8.99,332.0,98.8,4.41,5.96,0.61,0.0,1.2,2.67,0.0,0.9,0.0,0.0,0.0,2.88,0.43,0.3,98.49,14.07,8.26,7.83,6.63,0.0,0.0,0.24,100.0,4.6832,4.6832,3.0682,1.15,6.2,100.0,4.0299,4.0299,3.0864,0.9,4.82,100.0,3.6915,3.6915,3.0426,0.59,5.88,100.0,6.0031,4.582,4.9,0.43,3.31,100.0,5.2304,4.413,4.71,0.3,2.41,100.0,4.9969,4.34,4.66,0.0,2.35,7.9655,2.0751,0.9012,5.6265,2.322,3.4167,4.4986,13.8818,0.4713,27.0,3.8961
840.0,264.0,22.0,8.59,6.79,8.05,9.63,12.0,17.0,17.9,0.0,4.77,2.11,1.045,1.773,0.182,0.182,1.66,0.591,36.36,0.0,140.0,97.14,6.54,9.95,16.91,5.88,2.86,3.53,1.43,1.43,1.43,1.43,0.38,0.0,0.0,2.21,88.57,20.97,2.42,40.0,20.0,0.38,0.0,0.0,98.48,4.4507,4.3833,2.4213,6.44,20.45,98.57,3.552,3.5012,1.9191,10.71,29.29,97.8,3.3483,3.2747,1.2788,13.19,29.67,100.0,5.8159,4.128,4.94,1.14,8.71,100.0,5.0045,3.806,4.6425,2.14,12.86,100.0,4.8498,3.76,4.635,2.2,14.29,12.0,2.4849,1.0792,9.196,4.6158,4.9,9.5739,36.2424,2.9091,48.0,18.1818
1120.0,382.0,21.0,11.67,10.41,13.02,13.26,18.14,22.0,24.0,38.1,7.14,2.1,1.381,1.619,0.19,0.095,1.89,2.286,19.05,0.0,206.0,98.06,6.19,9.76,15.84,0.5,1.94,3.42,0.0,0.97,0.97,0.0,2.1,7.87,1.83,4.95,94.66,19.49,3.08,36.41,24.27,6.56,0.52,0.68,98.69,4.0633,4.0099,1.9956,10.5,27.3,99.03,3.3722,3.3394,1.9731,12.14,34.47,98.64,3.1656,3.1225,1.9731,15.65,39.46,99.48,5.6719,4.23,4.71,2.1,6.82,100.0,5.0281,4.09,4.6425,2.43,9.22,100.0,4.9041,4.034,4.35,3.4,10.2,18.1905,2.9009,1.2598,10.5737,6.1279,8.6667,11.6755,49.3423,5.6667,81.0,21.2042
810.0,461.0,39.0,9.24,6.81,7.49,9.11,11.82,13.5,16.0,5.13,5.15,1.87,0.615,1.256,0.154,0.359,1.73,1.205,7.69,0.0,245.0,97.14,6.15,9.11,13.03,0.42,2.86,3.39,2.04,1.22,1.22,0.82,1.74,6.29,1.52,1.26,94.29,27.71,6.93,31.02,18.78,3.9,0.22,0.37,99.78,4.2134,4.2043,2.2455,3.69,23.43,100.0,3.4675,3.4675,2.2405,4.49,22.45,100.0,3.2505,3.2505,2.2405,5.92,25.44,99.78,5.7569,4.17,4.59,0.43,6.07,100.0,4.9824,4.15,4.47,0.41,8.16,100.0,4.8532,4.14,4.33,0.59,8.88,11.8205,2.4698,1.0726,8.9153,4.4645,5.8889,10.1556,34.1632,2.641,60.0,13.0152
700.0,446.0,41.0,7.94,6.56,7.84,9.91,10.88,12.0,14.0,4.88,5.34,1.88,0.78,1.463,0.22,0.122,1.45,1.317,7.32,0.0,249.0,93.98,5.22,8.13,7.26,0.0,6.02,0.85,6.02,6.02,6.02,6.02,0.22,4.04,0.67,5.13,86.75,11.11,2.78,21.69,16.87,2.02,0.22,0.97,96.41,4.2631,4.1101,1.9082,10.76,21.97,93.98,3.5219,3.3097,1.6335,14.46,29.32,91.23,3.1996,2.9189,0.301,19.88,38.6,99.78,5.624,3.69,4.68,5.16,13.0,100.0,4.8206,3.452,4.3,7.63,18.88,100.0,4.5677,2.45,3.98,10.53,25.73,10.878,2.3867,1.0366,8.9909,4.1854,5.0,9.3744,31.7301,2.2683,55.0,12.3318
1350.0,307.0,13.0,15.57,12.88,15.85,13.33,23.85,30.0,35.4,76.92,7.85,2.32,1.0,1.692,0.231,1.077,2.3,2.769,15.38,7.69,169.0,89.35,6.71,11.06,20.53,9.27,10.65,14.52,0.0,8.28,5.92,0.0,3.55,4.19,0.65,15.23,69.23,20.51,3.42,22.49,13.61,3.87,0.0,0.82,96.45,3.9132,3.7744,1.2013,18.71,36.45,96.45,2.873,2.771,0.6796,26.04,53.25,95.83,2.6138,2.5049,0.6021,29.17,60.0,98.71,5.3672,3.057,4.255,9.03,22.58,98.82,4.3566,2.618,3.6,11.83,35.5,99.17,4.1123,2.03,3.545,15.83,43.33,23.6154,3.1619,1.3732,10.6712,6.774,16.25,14.8796,50.3255,6.3077,78.0,25.4072
380.0,147.0,22.0,4.03,1.71,0.88,1.43,6.68,8.75,11.0,0.0,4.0,1.53,0.455,1.0,0.0,0.0,1.38,0.773,18.18,4.55,65.0,100.0,4.44,5.58,0.0,0.0,0.0,0.0,0.0,0.0,0.0,0.0,6.12,11.56,0.0,0.0,98.46,21.88,17.19,7.69,7.69,11.56,0.0,3.16,94.56,4.3798,4.1414,2.1492,6.12,21.09,100.0,3.6233,3.6233,2.1492,0.0,23.08,100.0,3.239,3.239,2.1492,0.0,37.5,100.0,5.4744,3.5,4.46,6.12,17.01,100.0,4.8646,3.5,4.3,0.0,18.46,100.0,4.5818,3.5,3.5,0.0,30.0,6.6818,1.8994,0.8249,6.331,2.6002,2.5333,5.8525,11.4437,0.3182,5.0,3.4014
1160.0,950.0,58.0,12.19,9.45,9.8,9.92,17.72,22.0,27.4,42.59,6.63,2.14,1.204,1.5,0.259,0.519,2.06,1.167,16.67,12.96,481.0,94.8,7.17,10.66,26.97,5.7,5.2,4.42,3.95,3.95,3.95,3.53,5.02,2.4,0.42,3.95,88.98,32.48,6.78,49.06,29.94,5.33,0.0,2.16,99.16,4.111,4.0766,1.8808,12.33,30.09,96.88,3.3947,3.2888,2.0969,9.56,36.17,95.34,3.1939,3.0451,1.5911,12.73,40.06,100.0,5.6868,4.09,4.55,0.73,9.09,100.0,4.9221,3.92,4.43,2.29,13.1,100.0,4.7782,3.77,4.36,2.8,15.53,16.3793,2.796,1.2143,10.5322,5.5655,8.8571,12.3162,41.3267,4.0862,143.0,15.0526
710.0,866.0,75.0,5.73,4.43,5.53,5.93,10.86,14.0,21.0,16.25,4.42,2.31,0.863,1.613,0.113,0.025,1.49,0.9,58.75,7.5,377.0,99.47,4.82,6.72,1.07,0.0,0.53,0.91,0.0,0.0,0.0,0.0,5.41,7.71,0.58,1.33,97.08,7.65,1.91,16.98,14.32,6.79,0.12,0.62,99.77,4.6642,4.6535,2.8747,2.65,11.16,100.0,4.113,4.113,2.8573,2.92,13.26,100.0,3.8483,3.8483,2.668,3.43,16.57,99.77,5.8903,4.33,5.12,1.15,6.33,100.0,5.2938,4.318,4.9,1.33,6.63,100.0,5.1183,4.0,4.71,1.14,8.0,11.5467,2.4464,1.0625,7.7647,3.768,8.0,7.1955,24.9416,1.5467,75.0,8.6605
950.0,557.0,36.0,9.06,7.05,8.01,8.45,15.56,20.25,23.5,30.56,5.94,2.23,1.028,1.389,0.278,0.222,1.75,1.528,22.22,8.33,262.0,94.27,5.73,8.22,5.67,0.4,5.73,7.83,1.53,3.05,3.05,0.76,2.14,10.89,3.05,4.86,87.02,17.54,4.82,19.85,16.41,4.82,0.18,0.46,98.21,4.2616,4.1855,2.0039,9.82,20.89,97.71,3.451,3.3719,1.883,12.21,29.77,96.32,3.1944,3.0768,1.6548,15.34,36.81,99.64,5.7032,3.829,4.825,4.82,11.96,98.85,4.8459,3.621,4.42,6.49,16.41,98.16,4.6,3.108,4.15,8.59,20.25,15.4722,2.739,1.1896,8.6562,4.5337,6.7143,9.6565,32.1688,2.5833,73.0,13.1059
650.0,342.0,31.0,8.27,5.79,6.09,7.85,11.33,13.0,16.0,3.33,5.17,1.82,0.167,1.2,0.1,0.133,1.77,1.033,0.0,0.0,134.0,97.76,5.51,8.59,2.29,0.0,2.24,4.41,0.0,0.0,0.0,0.0,4.71,16.18,3.51,9.16,91.04,4.92,0.0,25.37,12.69,8.82,0.0,1.04,99.71,4.3743,4.3614,2.3677,6.18,18.24,100.0,3.6362,3.6362,2.2764,9.7,17.91,100.0,3.3347,3.3347,1.5051,14.77,22.73,100.0,5.883,3.859,4.985,1.76,10.29,100.0,5.1461,3.713,4.66,2.99,12.69,100.0,4.9372,3.26,4.6575,4.55,18.18,11.0323,2.4008,1.0427,7.4156,3.7524,5.5,9.699,30.0381,2.0968,35.0,10.2339
560.0,150.0,12.0,5.53,4.31,4.95,5.96,12.5,13.25,17.6,8.33,4.92,1.95,1.0,1.417,0.083,0.333,1.9,0.333,8.33,0.0,75.0,98.67,4.66,6.29,0.0,0.0,1.33,2.17,0.0,0.0,0.0,0.0,0.0,8.0,2.0,0.0,88.0,6.06,0.0,24.0,21.33,0.0,0.0,3.59,100.0,4.5079,4.5079,2.8319,4.67,12.0,100.0,3.9506,3.9506,2.7536,0.0,12.0,100.0,3.6473,3.6473,2.0374,0.0,19.15,100.0,5.8005,4.14,4.97,4.67,6.67,100.0,5.004,4.07,4.665,9.33,9.33,100.0,4.6866,2.82,4.14,14.89,14.89,12.5,2.5257,1.0969,7.5198,3.6908,5.625,6.4274,25.8333,1.6667,10.0,6.6667
930.0,558.0,38.0,11.32,8.22,9.36,10.43,14.79,18.0,21.9,18.42,5.76,2.05,1.105,1.632,0.368,0.368,1.9,1.053,10.53,0.0,282.0,96.1,5.94,8.5,8.49,0.74,3.9,2.42,3.19,2.84,2.84,2.48,2.31,6.76,1.43,3.33,78.72,14.41,3.6,21.63,16.31,4.8,0.18,1.22,97.69,4.2451,4.1469,1.9469,11.03,25.27,96.81,3.4305,3.321,1.7076,12.77,35.82,96.28,3.11,2.9942,1.7076,16.49,45.74,99.82,5.6383,3.61,4.67,5.69,12.99,100.0,4.7486,3.235,4.0925,9.22,21.99,100.0,4.4854,2.82,3.7475,12.77,28.19,14.6842,2.6868,1.1669,9.5716,5.0518,7.125,11.9208,38.6985,3.5263,97.0,17.3835
880.0,726.0,59.0,9.0,6.75,7.33,8.84,12.31,15.0,17.2,1.69,5.17,1.94,0.763,1.441,0.119,0.102,1.75,1.119,6.78,0.0,381.0,97.9,6.12,9.16,11.26,0.27,2.1,4.19,0.0,1.05,1.05,0.0,0.83,5.51,1.38,2.14,93.44,38.2,11.8,30.18,19.42,3.31,0.14,0.72,99.17,4.217,4.1822,2.2932,8.26,27.13,99.74,3.3511,3.3423,1.9956,10.5,41.47,99.59,2.9933,2.9809,1.8195,15.35,57.26,99.86,5.6612,3.795,4.56,1.79,11.43,100.0,4.815,3.44,4.12,2.36,16.8,100.0,4.5277,3.44,4.04,3.73,22.41,12.3051,2.51,1.0901,8.6184,4.3983,5.8889,10.4162,33.9304,2.661,100.0,13.7741
910.0,460.0,35.0,8.56,6.83,7.64,8.98,13.2,15.0,19.6,11.43,5.57,1.88,1.086,1.286,0.229,0.114,1.87,0.829,14.29,5.71,240.0,98.33,5.52,8.19,5.08,0.0,1.67,2.92,0.0,0.0,0.0,0.0,2.16,4.33,0.43,0.85,97.08,27.04,3.86,27.08,17.92,5.19,0.0,0.58,100.0,4.2769,4.2769,2.4692,3.9,19.48,100.0,3.6533,3.6533,2.7536,2.5,22.5,100.0,3.3653,3.3653,2.7536,2.76,28.28,100.0,5.731,3.96,4.745,1.08,10.39,100.0,5.0288,3.91,4.46,0.83,15.42,100.0,4.8022,3.91,4.29,1.38,20.0,13.1429,2.5759,1.1187,8.4418,4.4495,4.8889,9.8192,33.795,2.7143,60.0,13.0435
850.0,1331.0,106.0,7.01,5.42,5.75,6.76,12.4,16.0,19.0,9.43,4.99,2.07,0.83,1.613,0.208,0.094,1.82,0.906,5.66,0.94,610.0,94.75,5.67,7.6,5.71,0.0,5.25,3.02,4.75,1.48,1.48,1.31,4.95,10.27,2.03,0.69,93.28,14.94,7.03,23.28,17.21,6.32,0.38,2.89,99.62,4.4021,4.3854,2.4014,7.08,17.81,100.0,3.6684,3.6684,2.0182,10.0,25.9,100.0,3.3779,3.3779,1.9912,14.04,31.81,100.0,5.8123,3.91,4.94,1.83,10.65,100.0,5.0538,3.553,4.49,1.97,17.05,100.0,4.8302,3.32,4.05,3.15,23.21,12.5566,2.5302,1.0989,8.5538,4.2377,5.4444,8.0609,27.5078,1.8774,124.0,9.3163
530.0,1342.0,141.0,6.19,4.84,4.94,6.08,8.52,11.0,15.2,3.14,3.97,1.91,0.755,1.465,0.094,0.088,1.49,0.541,48.43,11.95,587.0,97.1,5.64,8.37,6.32,1.23,2.9,4.39,0.51,0.85,0.34,0.0,4.43,7.68,1.79,1.4,95.23,13.06,3.22,27.43,21.64,4.73,0.81,0.57,96.82,4.6703,4.522,2.5193,5.83,14.77,99.49,3.966,3.9457,2.5516,4.26,16.52,99.58,3.7226,3.707,2.6427,5.02,19.25,99.93,5.8937,4.21,5.07,0.66,8.05,99.83,5.2449,4.182,4.83,1.53,7.33,100.0,5.1526,4.166,4.815,0.42,7.53,9.5177,2.2532,0.9785,8.3679,3.9753,3.2308,8.0354,26.4328,1.6099,178.0,13.2638
850.0,1389.0,108.0,6.87,4.93,5.93,6.15,12.02,17.0,24.0,19.66,4.69,2.22,1.051,1.821,0.128,0.051,1.58,0.915,49.57,8.55,621.0,95.97,5.3,7.79,5.37,0.17,4.03,5.93,1.13,1.93,0.97,0.0,3.98,5.26,0.43,1.51,95.49,14.67,4.55,19.48,14.33,4.77,0.21,0.62,96.8,4.7126,4.5618,2.7007,5.69,13.51,99.36,3.9857,3.96,2.6937,4.51,17.23,99.35,3.6429,3.6191,2.4884,5.56,23.53,99.86,5.8726,4.2,5.0125,3.34,8.18,99.68,5.1864,4.12,4.77,2.74,8.86,100.0,4.952,3.99,4.57,3.27,10.13,12.8611,2.5542,1.1093,8.2077,3.9217,5.4444,8.0458,27.188,1.8426,155.0,11.1591
970.0,447.0,28.0,10.5,8.56,9.37,9.88,16.37,20.0,26.4,33.33,6.67,2.08,0.889,1.704,0.222,0.222,1.94,2.074,14.81,0.0,206.0,98.54,6.33,9.16,11.82,0.49,1.46,2.1,0.0,0.49,0.49,0.0,3.62,12.22,2.91,2.46,94.66,27.69,10.26,31.55,22.82,9.73,0.23,1.56,97.06,4.3486,4.2207,2.3504,7.69,21.95,100.0,3.5449,3.5449,2.3444,6.31,27.67,100.0,3.4089,3.4089,2.4841,5.76,28.78,99.77,5.804,4.252,4.8225,2.71,7.01,100.0,5.0839,4.085,4.7,0.49,9.71,100.0,5.015,4.23,4.7,0.72,7.19,15.9643,2.7704,1.2031,9.4797,5.0139,8.5,11.2081,39.6779,3.7857,79.0,17.6734
560.0,515.0,56.0,4.77,3.78,4.08,5.05,8.48,12.0,17.0,3.28,4.08,1.85,0.607,1.279,0.082,0.066,1.51,0.393,45.9,14.75,219.0,98.17,5.06,7.49,2.33,0.93,1.83,1.82,0.91,0.91,0.91,0.91,8.12,7.93,0.39,0.0,96.8,8.96,1.42,14.16,10.96,9.28,0.19,0.74,94.0,4.5909,4.3156,2.0828,9.09,16.25,99.09,3.9345,3.8986,2.7769,2.74,13.7,98.13,3.7027,3.6335,2.5601,4.67,19.63,97.49,5.6475,3.768,4.85,3.87,11.41,100.0,5.1292,4.21,4.79,1.83,6.85,100.0,4.9335,3.982,4.515,2.8,10.28,9.1964,2.2188,0.9636,7.7412,3.5217,4.0909,6.7098,21.2353,1.1071,51.0,9.9029
580.0,193.0,20.0,7.59,6.52,4.55,6.35,9.65,11.25,13.3,0.0,4.65,1.7,0.2,1.1,0.1,0.3,1.68,0.7,5.0,10.0,92.0,93.48,5.08,6.73,1.16,0.0,6.52,3.12,5.43,6.52,6.52,5.43,9.33,11.4,2.07,0.0,88.04,4.94,2.47,16.3,11.96,9.84,0.0,0.9,97.93,4.1754,4.0888,2.0156,9.33,26.42,98.91,3.5881,3.5491,2.3738,7.61,31.52,98.51,3.268,3.2192,1.8983,10.45,40.3,98.45,5.4411,3.466,4.48,8.29,19.17,98.91,4.8865,3.485,4.21,6.52,20.65,98.51,4.5942,3.13,3.94,8.96,26.87,9.65,2.267,0.9845,8.4513,3.9375,6.4444,9.8885,23.1215,1.3,21.0,10.8808
1090.0,529.0,31.0,11.97,9.8,10.75,10.64,17.35,23.0,30.0,38.71,6.35,2.45,1.161,1.581,0.194,0.387,2.09,0.839,9.68,3.23,244.0,96.72,6.77,9.97,19.92,2.54,3.28,3.23,2.05,0.82,0.82,0.0,3.53,8.36,1.51,1.69,84.02,25.85,9.27,33.61,21.31,8.55,0.19,0.8,98.51,4.262,4.1986,2.0645,8.36,25.46,99.59,3.3665,3.3527,2.0531,9.02,38.93,99.39,3.1803,3.1611,2.0792,9.09,46.06,99.63,5.7041,3.858,4.7025,2.23,13.57,99.59,4.8457,3.803,4.23,3.28,19.67,99.39,4.7333,3.754,4.16,2.42,21.82,17.0645,2.837,1.2321,10.0049,5.6349,6.375,11.8956,40.694,4.0323,109.0,20.6049
1070.0,205.0,14.0,10.54,9.69,9.72,10.41,14.5,16.0,20.9,14.29,6.36,1.97,1.0,1.571,0.143,0.571,1.73,0.5,21.43,0.0,87.0,93.1,6.48,9.5,13.58,1.23,6.9,3.17,5.75,1.15,0.0,0.0,11.33,18.72,3.41,1.23,96.55,19.05,8.33,28.74,14.94,13.79,0.49,2.46,91.63,4.3244,3.9623,1.7574,12.32,24.63,100.0,3.5757,3.5757,2.4186,5.75,26.44,100.0,3.3836,3.3836,2.262,5.77,34.62,100.0,5.5829,3.854,4.78,7.39,11.33,100.0,5.0982,4.25,4.63,1.15,4.6,100.0,5.0,4.232,4.6275,0.0,5.77,14.6429,2.684,1.1656,9.9085,5.0851,8.5714,11.4917,39.0331,3.5714,41.0,20.0
